[ci.visualillusionsent.net/job/CanaryLib/javadoc/indexe0d5.html]
[backblue.gif]
[fade.gif]
[index.html]
[ci.visualillusionsent.net/job/CanaryLib/javadoc/overview-frame.html]
[ci.visualillusionsent.net/job/CanaryLib/javadoc/allclasses-frame.html]
[ci.visualillusionsent.net/job/CanaryLib/javadoc/overview-summary.html]
[ci.visualillusionsent.net/job/CanaryLib/javadoc/indexe0d5.html]
[ci.visualillusionsent.net/job/CanaryLib/javadoc/stylesheet.css]
[ci.visualillusionsent.net/job/CanaryLib/javadoc/net/canarymod/package-frame.html]
[ci.visualillusionsent.net/job/CanaryLib/javadoc/net/canarymod/api/package-frame.html]
[ci.visualillusionsent.net/job/CanaryLib/javadoc/net/canarymod/api/ai/package-frame.html]
[ci.visualillusionsent.net/job/CanaryLib/javadoc/net/canarymod/api/attributes/package-frame.html]
[ci.visualillusionsent.net/job/CanaryLib/javadoc/net/canarymod/api/chat/package-frame.html]
[ci.visualillusionsent.net/job/CanaryLib/javadoc/net/canarymod/api/entity/package-frame.html]
[ci.visualillusionsent.net/job/CanaryLib/javadoc/net/canarymod/api/entity/effect/package-frame.html]
[ci.visualillusionsent.net/job/CanaryLib/javadoc/net/canarymod/api/entity/hanging/package-frame.html]
[ci.visualillusionsent.net/job/CanaryLib/javadoc/net/canarymod/api/entity/living/package-frame.html]
[ci.visualillusionsent.net/job/CanaryLib/javadoc/net/canarymod/api/entity/living/animal/package-frame.html]
[ci.visualillusionsent.net/job/CanaryLib/javadoc/net/canarymod/api/entity/living/humanoid/package-frame.html]
[ci.visualillusionsent.net/job/CanaryLib/javadoc/net/canarymod/api/entity/living/humanoid/npc/package-frame.html]
[ci.visualillusionsent.net/job/CanaryLib/javadoc/net/canarymod/api/entity/living/humanoid/npc/ai/package-frame.html]
[ci.visualillusionsent.net/job/CanaryLib/javadoc/net/canarymod/api/entity/living/monster/package-frame.html]
[ci.visualillusionsent.net/job/CanaryLib/javadoc/net/canarymod/api/entity/throwable/package-frame.html]
[ci.visualillusionsent.net/job/CanaryLib/javadoc/net/canarymod/api/entity/vehicle/package-frame.html]
[ci.visualillusionsent.net/job/CanaryLib/javadoc/net/canarymod/api/factory/package-frame.html]
[ci.visualillusionsent.net/job/CanaryLib/javadoc/net/canarymod/api/gui/package-frame.html]
[ci.visualillusionsent.net/job/CanaryLib/javadoc/net/canarymod/api/inventory/package-frame.html]
[ci.visualillusionsent.net/job/CanaryLib/javadoc/net/canarymod/api/inventory/helper/package-frame.html]
[ci.visualillusionsent.net/job/CanaryLib/javadoc/net/canarymod/api/inventory/recipes/package-frame.html]
[ci.visualillusionsent.net/job/CanaryLib/javadoc/net/canarymod/api/inventory/slot/package-frame.html]
[ci.visualillusionsent.net/job/CanaryLib/javadoc/net/canarymod/api/nbt/package-frame.html]
[ci.visualillusionsent.net/job/CanaryLib/javadoc/net/canarymod/api/packet/package-frame.html]
[ci.visualillusionsent.net/job/CanaryLib/javadoc/net/canarymod/api/potion/package-frame.html]
[ci.visualillusionsent.net/job/CanaryLib/javadoc/net/canarymod/api/scoreboard/package-frame.html]
[ci.visualillusionsent.net/job/CanaryLib/javadoc/net/canarymod/api/statistics/package-frame.html]
[ci.visualillusionsent.net/job/CanaryLib/javadoc/net/canarymod/api/world/package-frame.html]
[ci.visualillusionsent.net/job/CanaryLib/javadoc/net/canarymod/api/world/blocks/package-frame.html]
[ci.visualillusionsent.net/job/CanaryLib/javadoc/net/canarymod/api/world/blocks/properties/package-frame.html]
[ci.visualillusionsent.net/job/CanaryLib/javadoc/net/canarymod/api/world/blocks/properties/helpers/package-frame.html]
[ci.visualillusionsent.net/job/CanaryLib/javadoc/net/canarymod/api/world/effects/package-frame.html]
[ci.visualillusionsent.net/job/CanaryLib/javadoc/net/canarymod/api/world/position/package-frame.html]
[ci.visualillusionsent.net/job/CanaryLib/javadoc/net/canarymod/backbone/package-frame.html]
[ci.visualillusionsent.net/job/CanaryLib/javadoc/net/canarymod/bansystem/package-frame.html]
[ci.visualillusionsent.net/job/CanaryLib/javadoc/net/canarymod/channels/package-frame.html]
[ci.visualillusionsent.net/job/CanaryLib/javadoc/net/canarymod/chat/package-frame.html]
[ci.visualillusionsent.net/job/CanaryLib/javadoc/net/canarymod/commandsys/package-frame.html]
[ci.visualillusionsent.net/job/CanaryLib/javadoc/net/canarymod/commandsys/commands/groupmod/package-frame.html]
[ci.visualillusionsent.net/job/CanaryLib/javadoc/net/canarymod/commandsys/commands/player/package-frame.html]
[ci.visualillusionsent.net/job/CanaryLib/javadoc/net/canarymod/commandsys/commands/playermod/package-frame.html]
[ci.visualillusionsent.net/job/CanaryLib/javadoc/net/canarymod/commandsys/commands/system/package-frame.html]
[ci.visualillusionsent.net/job/CanaryLib/javadoc/net/canarymod/commandsys/commands/system/bans/package-frame.html]
[ci.visualillusionsent.net/job/CanaryLib/javadoc/net/canarymod/commandsys/commands/system/informational/package-frame.html]
[ci.visualillusionsent.net/job/CanaryLib/javadoc/net/canarymod/commandsys/commands/system/kits/package-frame.html]
[ci.visualillusionsent.net/job/CanaryLib/javadoc/net/canarymod/commandsys/commands/system/operator/package-frame.html]
[ci.visualillusionsent.net/job/CanaryLib/javadoc/net/canarymod/commandsys/commands/system/reservelist/package-frame.html]
[ci.visualillusionsent.net/job/CanaryLib/javadoc/net/canarymod/commandsys/commands/system/whitelist/package-frame.html]
[ci.visualillusionsent.net/job/CanaryLib/javadoc/net/canarymod/commandsys/commands/vanilla/package-frame.html]
[ci.visualillusionsent.net/job/CanaryLib/javadoc/net/canarymod/commandsys/commands/warp/package-frame.html]
[ci.visualillusionsent.net/job/CanaryLib/javadoc/net/canarymod/commandsys/commands/world/package-frame.html]
[ci.visualillusionsent.net/job/CanaryLib/javadoc/net/canarymod/config/package-frame.html]
[ci.visualillusionsent.net/job/CanaryLib/javadoc/net/canarymod/converter/package-frame.html]
[ci.visualillusionsent.net/job/CanaryLib/javadoc/net/canarymod/database/package-frame.html]
[ci.visualillusionsent.net/job/CanaryLib/javadoc/net/canarymod/database/exceptions/package-frame.html]
[ci.visualillusionsent.net/job/CanaryLib/javadoc/net/canarymod/database/mysql/package-frame.html]
[ci.visualillusionsent.net/job/CanaryLib/javadoc/net/canarymod/database/sqlite/package-frame.html]
[ci.visualillusionsent.net/job/CanaryLib/javadoc/net/canarymod/database/xml/package-frame.html]
[ci.visualillusionsent.net/job/CanaryLib/javadoc/net/canarymod/exceptions/package-frame.html]
[ci.visualillusionsent.net/job/CanaryLib/javadoc/net/canarymod/help/package-frame.html]
[ci.visualillusionsent.net/job/CanaryLib/javadoc/net/canarymod/hook/package-frame.html]
[ci.visualillusionsent.net/job/CanaryLib/javadoc/net/canarymod/hook/command/package-frame.html]
[ci.visualillusionsent.net/job/CanaryLib/javadoc/net/canarymod/hook/entity/package-frame.html]
[ci.visualillusionsent.net/job/CanaryLib/javadoc/net/canarymod/hook/player/package-frame.html]
[ci.visualillusionsent.net/job/CanaryLib/javadoc/net/canarymod/hook/system/package-frame.html]
[ci.visualillusionsent.net/job/CanaryLib/javadoc/net/canarymod/hook/world/package-frame.html]
[ci.visualillusionsent.net/job/CanaryLib/javadoc/net/canarymod/kit/package-frame.html]
[ci.visualillusionsent.net/job/CanaryLib/javadoc/net/canarymod/logger/package-frame.html]
[ci.visualillusionsent.net/job/CanaryLib/javadoc/net/canarymod/metrics/package-frame.html]
[ci.visualillusionsent.net/job/CanaryLib/javadoc/net/canarymod/motd/package-frame.html]
[ci.visualillusionsent.net/job/CanaryLib/javadoc/net/canarymod/permissionsystem/package-frame.html]
[ci.visualillusionsent.net/job/CanaryLib/javadoc/net/canarymod/plugin/package-frame.html]
[ci.visualillusionsent.net/job/CanaryLib/javadoc/net/canarymod/plugin/dependencies/package-frame.html]
[ci.visualillusionsent.net/job/CanaryLib/javadoc/net/canarymod/plugin/lifecycle/package-frame.html]
[ci.visualillusionsent.net/job/CanaryLib/javadoc/net/canarymod/serialize/package-frame.html]
[ci.visualillusionsent.net/job/CanaryLib/javadoc/net/canarymod/tasks/package-frame.html]
[ci.visualillusionsent.net/job/CanaryLib/javadoc/net/canarymod/user/package-frame.html]
[ci.visualillusionsent.net/job/CanaryLib/javadoc/net/canarymod/util/package-frame.html]
[ci.visualillusionsent.net/job/CanaryLib/javadoc/net/canarymod/warp/package-frame.html]
[ci.visualillusionsent.net/job/CanaryLib/javadoc/overview-frame.html]
[ci.visualillusionsent.net/job/CanaryLib/javadoc/net/canarymod/api/statistics/Achievement.html]
[ci.visualillusionsent.net/job/CanaryLib/javadoc/net/canarymod/commandsys/commands/vanilla/Achievement.html]
[ci.visualillusionsent.net/job/CanaryLib/javadoc/net/canarymod/api/statistics/Achievements.html]
[ci.visualillusionsent.net/job/CanaryLib/javadoc/net/canarymod/api/entity/living/Ageable.html]
[ci.visualillusionsent.net/job/CanaryLib/javadoc/net/canarymod/api/ai/AIArrowAttack.html]
[ci.visualillusionsent.net/job/CanaryLib/javadoc/net/canarymod/api/ai/AIAttackOnCollide.html]
[ci.visualillusionsent.net/job/CanaryLib/javadoc/net/canarymod/api/ai/AIAvoidEntity.html]
[ci.visualillusionsent.net/job/CanaryLib/javadoc/net/canarymod/api/ai/AIBase.html]
[ci.visualillusionsent.net/job/CanaryLib/javadoc/net/canarymod/api/ai/AIBeg.html]
[ci.visualillusionsent.net/job/CanaryLib/javadoc/net/canarymod/api/ai/AIBreakDoor.html]
[ci.visualillusionsent.net/job/CanaryLib/javadoc/net/canarymod/api/ai/AIControlledByPlayer.html]
[ci.visualillusionsent.net/job/CanaryLib/javadoc/net/canarymod/api/ai/AICreeperSwell.html]
[ci.visualillusionsent.net/job/CanaryLib/javadoc/net/canarymod/api/ai/AIDefendVillage.html]
[ci.visualillusionsent.net/job/CanaryLib/javadoc/net/canarymod/api/ai/AIDoorInteract.html]
[ci.visualillusionsent.net/job/CanaryLib/javadoc/net/canarymod/api/ai/AIEatGrass.html]
[ci.visualillusionsent.net/job/CanaryLib/javadoc/net/canarymod/api/factory/AIFactory.html]
[ci.visualillusionsent.net/job/CanaryLib/javadoc/net/canarymod/api/ai/AIFindEntityNearest.html]
[ci.visualillusionsent.net/job/CanaryLib/javadoc/net/canarymod/api/ai/AIFindEntityNearestPlayer.html]
[ci.visualillusionsent.net/job/CanaryLib/javadoc/net/canarymod/api/ai/AIFleeSun.html]
[ci.visualillusionsent.net/job/CanaryLib/javadoc/net/canarymod/api/ai/AIFollowGolem.html]
[ci.visualillusionsent.net/job/CanaryLib/javadoc/net/canarymod/api/ai/AIFollowOwner.html]
[ci.visualillusionsent.net/job/CanaryLib/javadoc/net/canarymod/api/ai/AIFollowParent.html]
[ci.visualillusionsent.net/job/CanaryLib/javadoc/net/canarymod/api/ai/AIHarvestFarmland.html]
[ci.visualillusionsent.net/job/CanaryLib/javadoc/net/canarymod/api/ai/AIHurtByTarget.html]
[ci.visualillusionsent.net/job/CanaryLib/javadoc/net/canarymod/api/ai/AILeapAtTarget.html]
[ci.visualillusionsent.net/job/CanaryLib/javadoc/net/canarymod/api/ai/AILookAtTradePlayer.html]
[ci.visualillusionsent.net/job/CanaryLib/javadoc/net/canarymod/api/ai/AILookAtVillager.html]
[ci.visualillusionsent.net/job/CanaryLib/javadoc/net/canarymod/api/ai/AILookIdle.html]
[ci.visualillusionsent.net/job/CanaryLib/javadoc/net/canarymod/api/ai/AIManager.html]
[ci.visualillusionsent.net/job/CanaryLib/javadoc/net/canarymod/api/ai/AIMate.html]
[ci.visualillusionsent.net/job/CanaryLib/javadoc/net/canarymod/api/ai/AIMoveIndoors.html]
[ci.visualillusionsent.net/job/CanaryLib/javadoc/net/canarymod/api/ai/AIMoveThroughVillage.html]
[ci.visualillusionsent.net/job/CanaryLib/javadoc/net/canarymod/api/ai/AIMoveToBlock.html]
[ci.visualillusionsent.net/job/CanaryLib/javadoc/net/canarymod/api/ai/AIMoveTowardsRestriction.html]
[ci.visualillusionsent.net/job/CanaryLib/javadoc/net/canarymod/api/ai/AIMoveTowardsTarget.html]
[ci.visualillusionsent.net/job/CanaryLib/javadoc/net/canarymod/api/ai/AINearestAttackableTarget.html]
[ci.visualillusionsent.net/job/CanaryLib/javadoc/net/canarymod/api/ai/AIOcelotAttack.html]
[ci.visualillusionsent.net/job/CanaryLib/javadoc/net/canarymod/api/ai/AIOcelotSit.html]
[ci.visualillusionsent.net/job/CanaryLib/javadoc/net/canarymod/api/ai/AIOpenDoor.html]
[ci.visualillusionsent.net/job/CanaryLib/javadoc/net/canarymod/api/ai/AIOwnerHurtByTarget.html]
[ci.visualillusionsent.net/job/CanaryLib/javadoc/net/canarymod/api/ai/AIOwnerHurtTarget.html]
[ci.visualillusionsent.net/job/CanaryLib/javadoc/net/canarymod/api/ai/AIPanic.html]
[ci.visualillusionsent.net/job/CanaryLib/javadoc/net/canarymod/api/ai/AIPlay.html]
[ci.visualillusionsent.net/job/CanaryLib/javadoc/net/canarymod/api/ai/AIRestrictOpenDoor.html]
[ci.visualillusionsent.net/job/CanaryLib/javadoc/net/canarymod/api/ai/AIRestrictSun.html]
[ci.visualillusionsent.net/job/CanaryLib/javadoc/net/canarymod/api/ai/AIRunAroundLikeCrazy.html]
[ci.visualillusionsent.net/job/CanaryLib/javadoc/net/canarymod/api/ai/AISit.html]
[ci.visualillusionsent.net/job/CanaryLib/javadoc/net/canarymod/api/ai/AISwimming.html]
[ci.visualillusionsent.net/job/CanaryLib/javadoc/net/canarymod/api/ai/AITarget.html]
[ci.visualillusionsent.net/job/CanaryLib/javadoc/net/canarymod/api/ai/AITargetNonTamed.html]
[ci.visualillusionsent.net/job/CanaryLib/javadoc/net/canarymod/api/ai/AITempt.html]
[ci.visualillusionsent.net/job/CanaryLib/javadoc/net/canarymod/api/ai/AITradePlayer.html]
[ci.visualillusionsent.net/job/CanaryLib/javadoc/net/canarymod/api/ai/AIVillagerInteract.html]
[ci.visualillusionsent.net/job/CanaryLib/javadoc/net/canarymod/api/ai/AIVillagerMate.html]
[ci.visualillusionsent.net/job/CanaryLib/javadoc/net/canarymod/api/ai/AIWander.html]
[ci.visualillusionsent.net/job/CanaryLib/javadoc/net/canarymod/api/ai/AIWatchClosest.html]
[ci.visualillusionsent.net/job/CanaryLib/javadoc/net/canarymod/api/ai/AIWatchClosest2.html]
[ci.visualillusionsent.net/job/CanaryLib/javadoc/net/canarymod/api/entity/living/AmbientCreature.html]
[ci.visualillusionsent.net/job/CanaryLib/javadoc/net/canarymod/api/inventory/AnimalInventory.html]
[ci.visualillusionsent.net/job/CanaryLib/javadoc/net/canarymod/api/entity/vehicle/AnimalVehicle.html]
[ci.visualillusionsent.net/job/CanaryLib/javadoc/net/canarymod/api/world/blocks/Anvil.html]
[ci.visualillusionsent.net/job/CanaryLib/javadoc/net/canarymod/api/world/blocks/properties/helpers/AnvilProperties.html]
[ci.visualillusionsent.net/job/CanaryLib/javadoc/net/canarymod/hook/player/AnvilUseHook.html]
[ci.visualillusionsent.net/job/CanaryLib/javadoc/net/canarymod/hook/player/ArmorBrokenHook.html]
[ci.visualillusionsent.net/job/CanaryLib/javadoc/net/canarymod/api/entity/ArmorStand.html]
[ci.visualillusionsent.net/job/CanaryLib/javadoc/net/canarymod/api/entity/ArmorStand.Disability.html]
[ci.visualillusionsent.net/job/CanaryLib/javadoc/net/canarymod/api/entity/ArmorStand.RotatablePart.html]
[ci.visualillusionsent.net/job/CanaryLib/javadoc/net/canarymod/api/entity/ArmorStand.Slot.html]
[ci.visualillusionsent.net/job/CanaryLib/javadoc/net/canarymod/hook/player/ArmorStandModifyHook.html]
[ci.visualillusionsent.net/job/CanaryLib/javadoc/net/canarymod/api/entity/Arrow.html]
[ci.visualillusionsent.net/job/CanaryLib/javadoc/net/canarymod/api/entity/living/humanoid/npc/ai/Attacked.html]
[ci.visualillusionsent.net/job/CanaryLib/javadoc/net/canarymod/api/attributes/Attribute.html]
[ci.visualillusionsent.net/job/CanaryLib/javadoc/net/canarymod/api/factory/AttributeFactory.html]
[ci.visualillusionsent.net/job/CanaryLib/javadoc/net/canarymod/api/attributes/AttributeMap.html]
[ci.visualillusionsent.net/job/CanaryLib/javadoc/net/canarymod/api/attributes/AttributeModifier.html]
[ci.visualillusionsent.net/job/CanaryLib/javadoc/net/canarymod/api/world/effects/AuxiliarySoundEffect.html]
[ci.visualillusionsent.net/job/CanaryLib/javadoc/net/canarymod/api/world/effects/AuxiliarySoundEffect.Type.html]
[ci.visualillusionsent.net/job/CanaryLib/javadoc/net/canarymod/backbone/Backbone.html]
[ci.visualillusionsent.net/job/CanaryLib/javadoc/net/canarymod/backbone/Backbone.System.html]
[ci.visualillusionsent.net/job/CanaryLib/javadoc/net/canarymod/backbone/BackboneBans.html]
[ci.visualillusionsent.net/job/CanaryLib/javadoc/net/canarymod/backbone/BackboneGroups.html]
[ci.visualillusionsent.net/job/CanaryLib/javadoc/net/canarymod/backbone/BackboneKits.html]
[ci.visualillusionsent.net/job/CanaryLib/javadoc/net/canarymod/backbone/BackboneOperators.html]
[ci.visualillusionsent.net/job/CanaryLib/javadoc/net/canarymod/backbone/BackbonePermissions.html]
[ci.visualillusionsent.net/job/CanaryLib/javadoc/net/canarymod/backbone/BackboneReservelist.html]
[ci.visualillusionsent.net/job/CanaryLib/javadoc/net/canarymod/backbone/BackboneUsers.html]
[ci.visualillusionsent.net/job/CanaryLib/javadoc/net/canarymod/backbone/BackboneWarps.html]
[ci.visualillusionsent.net/job/CanaryLib/javadoc/net/canarymod/backbone/BackboneWhitelist.html]
[ci.visualillusionsent.net/job/CanaryLib/javadoc/net/canarymod/bansystem/Ban.html]
[ci.visualillusionsent.net/job/CanaryLib/javadoc/net/canarymod/commandsys/commands/system/bans/BanCommand.html]
[ci.visualillusionsent.net/job/CanaryLib/javadoc/net/canarymod/backbone/BanDataAccess.html]
[ci.visualillusionsent.net/job/CanaryLib/javadoc/net/canarymod/hook/player/BanHook.html]
[ci.visualillusionsent.net/job/CanaryLib/javadoc/net/canarymod/bansystem/BanManager.html]
[ci.visualillusionsent.net/job/CanaryLib/javadoc/net/canarymod/api/world/blocks/Banner.html]
[ci.visualillusionsent.net/job/CanaryLib/javadoc/net/canarymod/api/inventory/helper/BannerPattern.html]
[ci.visualillusionsent.net/job/CanaryLib/javadoc/net/canarymod/api/inventory/helper/BannerPatterns.html]
[ci.visualillusionsent.net/job/CanaryLib/javadoc/net/canarymod/api/world/blocks/properties/helpers/BannerProperties.html]
[ci.visualillusionsent.net/job/CanaryLib/javadoc/net/canarymod/bansystem/BanType.html]
[ci.visualillusionsent.net/job/CanaryLib/javadoc/net/canarymod/api/inventory/BaseItem.html]
[ci.visualillusionsent.net/job/CanaryLib/javadoc/net/canarymod/api/nbt/BaseTag.html]
[ci.visualillusionsent.net/job/CanaryLib/javadoc/net/canarymod/api/entity/living/animal/Bat.html]
[ci.visualillusionsent.net/job/CanaryLib/javadoc/net/canarymod/api/world/blocks/Beacon.html]
[ci.visualillusionsent.net/job/CanaryLib/javadoc/net/canarymod/hook/player/BedEnterHook.html]
[ci.visualillusionsent.net/job/CanaryLib/javadoc/net/canarymod/hook/player/BedExitHook.html]
[ci.visualillusionsent.net/job/CanaryLib/javadoc/net/canarymod/api/world/blocks/properties/helpers/BedProperties.html]
[ci.visualillusionsent.net/job/CanaryLib/javadoc/net/canarymod/api/world/blocks/properties/helpers/BedProperties.Half.html]
[ci.visualillusionsent.net/job/CanaryLib/javadoc/net/canarymod/api/world/Biome.html]
[ci.visualillusionsent.net/job/CanaryLib/javadoc/net/canarymod/api/world/BiomeType.html]
[ci.visualillusionsent.net/job/CanaryLib/javadoc/net/canarymod/api/entity/living/monster/Blaze.html]
[ci.visualillusionsent.net/job/CanaryLib/javadoc/net/canarymod/api/world/blocks/Block.html]
[ci.visualillusionsent.net/job/CanaryLib/javadoc/net/canarymod/api/world/blocks/BlockBase.html]
[ci.visualillusionsent.net/job/CanaryLib/javadoc/net/canarymod/api/world/blocks/properties/BlockBooleanProperty.html]
[ci.visualillusionsent.net/job/CanaryLib/javadoc/net/canarymod/api/packet/BlockChangePacket.html]
[ci.visualillusionsent.net/job/CanaryLib/javadoc/net/canarymod/commandsys/commands/vanilla/BlockData.html]
[ci.visualillusionsent.net/job/CanaryLib/javadoc/net/canarymod/hook/player/BlockDestroyHook.html]
[ci.visualillusionsent.net/job/CanaryLib/javadoc/net/canarymod/api/world/blocks/properties/BlockDirectionProperty.html]
[ci.visualillusionsent.net/job/CanaryLib/javadoc/net/canarymod/hook/world/BlockDropXpHook.html]
[ci.visualillusionsent.net/job/CanaryLib/javadoc/net/canarymod/api/world/blocks/properties/BlockEnumProperty.html]
[ci.visualillusionsent.net/job/CanaryLib/javadoc/net/canarymod/api/world/blocks/BlockFace.html]
[ci.visualillusionsent.net/job/CanaryLib/javadoc/net/canarymod/api/world/blocks/BlockFace.Axis.html]
[ci.visualillusionsent.net/job/CanaryLib/javadoc/net/canarymod/api/world/blocks/BlockFace.AxisDirection.html]
[ci.visualillusionsent.net/job/CanaryLib/javadoc/net/canarymod/api/world/blocks/BlockFace.Plane.html]
[ci.visualillusionsent.net/job/CanaryLib/javadoc/net/canarymod/hook/world/BlockGrowHook.html]
[ci.visualillusionsent.net/job/CanaryLib/javadoc/net/canarymod/api/world/blocks/properties/BlockIntegerProperty.html]
[ci.visualillusionsent.net/job/CanaryLib/javadoc/net/canarymod/BlockIterator.html]
[ci.visualillusionsent.net/job/CanaryLib/javadoc/net/canarymod/hook/player/BlockLeftClickHook.html]
[ci.visualillusionsent.net/job/CanaryLib/javadoc/net/canarymod/api/world/blocks/BlockMaterial.html]
[ci.visualillusionsent.net/job/CanaryLib/javadoc/net/canarymod/hook/world/BlockPhysicsHook.html]
[ci.visualillusionsent.net/job/CanaryLib/javadoc/net/canarymod/hook/player/BlockPlaceHook.html]
[ci.visualillusionsent.net/job/CanaryLib/javadoc/net/canarymod/api/world/blocks/properties/helpers/BlockProperties.html]
[ci.visualillusionsent.net/job/CanaryLib/javadoc/net/canarymod/api/world/blocks/properties/helpers/BlockProperties.Rotation.html]
[ci.visualillusionsent.net/job/CanaryLib/javadoc/net/canarymod/api/world/blocks/properties/BlockProperty.html]
[ci.visualillusionsent.net/job/CanaryLib/javadoc/net/canarymod/hook/player/BlockRightClickHook.html]
[ci.visualillusionsent.net/job/CanaryLib/javadoc/net/canarymod/api/world/blocks/BlockType.html]
[ci.visualillusionsent.net/job/CanaryLib/javadoc/net/canarymod/hook/world/BlockUpdateHook.html]
[ci.visualillusionsent.net/job/CanaryLib/javadoc/net/canarymod/api/entity/vehicle/Boat.html]
[ci.visualillusionsent.net/job/CanaryLib/javadoc/net/canarymod/hook/player/BookEditHook.html]
[ci.visualillusionsent.net/job/CanaryLib/javadoc/net/canarymod/api/inventory/helper/BookHelper.html]
[ci.visualillusionsent.net/job/CanaryLib/javadoc/net/canarymod/api/BoundingBox.html]
[ci.visualillusionsent.net/job/CanaryLib/javadoc/net/canarymod/api/world/blocks/BrewingStand.html]
[ci.visualillusionsent.net/job/CanaryLib/javadoc/net/canarymod/api/world/blocks/properties/helpers/BrewingStandProperties.html]
[ci.visualillusionsent.net/job/CanaryLib/javadoc/net/canarymod/commandsys/commands/vanilla/Broadcast.html]
[ci.visualillusionsent.net/job/CanaryLib/javadoc/net/canarymod/api/inventory/slot/ButtonPress.html]
[ci.visualillusionsent.net/job/CanaryLib/javadoc/net/canarymod/api/world/blocks/properties/helpers/ButtonProperties.html]
[ci.visualillusionsent.net/job/CanaryLib/javadoc/net/canarymod/api/nbt/ByteArrayTag.html]
[ci.visualillusionsent.net/job/CanaryLib/javadoc/net/canarymod/api/nbt/ByteTag.html]
[ci.visualillusionsent.net/job/CanaryLib/javadoc/net/canarymod/api/world/blocks/properties/helpers/CactusProperties.html]
[ci.visualillusionsent.net/job/CanaryLib/javadoc/net/canarymod/api/world/blocks/properties/helpers/CakeProperties.html]
[ci.visualillusionsent.net/job/CanaryLib/javadoc/net/canarymod/Canary.html]
[ci.visualillusionsent.net/job/CanaryLib/javadoc/net/canarymod/CanaryClassLoader.html]
[ci.visualillusionsent.net/job/CanaryLib/javadoc/net/canarymod/commandsys/CanaryCommand.html]
[ci.visualillusionsent.net/job/CanaryLib/javadoc/net/canarymod/commandsys/CanaryCommandPermissions.html]
[ci.visualillusionsent.net/job/CanaryLib/javadoc/net/canarymod/CanaryDeserializeException.html]
[ci.visualillusionsent.net/job/CanaryLib/javadoc/net/canarymod/motd/CanaryMessageOfTheDayListener.html]
[ci.visualillusionsent.net/job/CanaryLib/javadoc/net/canarymod/metrics/CanaryMetrics.html]
[ci.visualillusionsent.net/job/CanaryLib/javadoc/net/canarymod/commandsys/commands/system/informational/CanaryModCommand.html]
[ci.visualillusionsent.net/job/CanaryLib/javadoc/net/canarymod/converter/CanaryToVanilla.html]
[ci.visualillusionsent.net/job/CanaryLib/javadoc/net/canarymod/hook/CancelableHook.html]
[ci.visualillusionsent.net/job/CanaryLib/javadoc/net/canarymod/api/world/blocks/properties/helpers/CarpetProperties.html]
[ci.visualillusionsent.net/job/CanaryLib/javadoc/net/canarymod/api/world/blocks/properties/helpers/CauldronProperties.html]
[ci.visualillusionsent.net/job/CanaryLib/javadoc/net/canarymod/api/entity/living/monster/CaveSpider.html]
[ci.visualillusionsent.net/job/CanaryLib/javadoc/net/canarymod/channels/ChannelListener.html]
[ci.visualillusionsent.net/job/CanaryLib/javadoc/net/canarymod/channels/ChannelManager.html]
[ci.visualillusionsent.net/job/CanaryLib/javadoc/net/canarymod/channels/ChannelManagerInterface.html]
[ci.visualillusionsent.net/job/CanaryLib/javadoc/net/canarymod/api/chat/ChatComponent.html]
[ci.visualillusionsent.net/job/CanaryLib/javadoc/net/canarymod/api/factory/ChatComponentFactory.html]
[ci.visualillusionsent.net/job/CanaryLib/javadoc/net/canarymod/chat/ChatFormat.html]
[ci.visualillusionsent.net/job/CanaryLib/javadoc/net/canarymod/api/chat/ChatFormatting.html]
[ci.visualillusionsent.net/job/CanaryLib/javadoc/net/canarymod/hook/player/ChatHook.html]
[ci.visualillusionsent.net/job/CanaryLib/javadoc/net/canarymod/api/chat/ChatStyle.html]
[ci.visualillusionsent.net/job/CanaryLib/javadoc/net/canarymod/api/world/blocks/Chest.html]
[ci.visualillusionsent.net/job/CanaryLib/javadoc/net/canarymod/api/entity/vehicle/ChestMinecart.html]
[ci.visualillusionsent.net/job/CanaryLib/javadoc/net/canarymod/api/world/blocks/properties/helpers/ChestProperties.html]
[ci.visualillusionsent.net/job/CanaryLib/javadoc/net/canarymod/api/entity/living/animal/Chicken.html]
[ci.visualillusionsent.net/job/CanaryLib/javadoc/net/canarymod/api/entity/throwable/ChickenEgg.html]
[ci.visualillusionsent.net/job/CanaryLib/javadoc/net/canarymod/hook/entity/ChickenLayEggHook.html]
[ci.visualillusionsent.net/job/CanaryLib/javadoc/net/canarymod/api/world/Chunk.html]
[ci.visualillusionsent.net/job/CanaryLib/javadoc/net/canarymod/hook/world/ChunkCreatedHook.html]
[ci.visualillusionsent.net/job/CanaryLib/javadoc/net/canarymod/hook/world/ChunkCreationHook.html]
[ci.visualillusionsent.net/job/CanaryLib/javadoc/net/canarymod/hook/world/ChunkLoadedHook.html]
[ci.visualillusionsent.net/job/CanaryLib/javadoc/net/canarymod/api/world/ChunkProvider.html]
[ci.visualillusionsent.net/job/CanaryLib/javadoc/net/canarymod/api/world/ChunkProviderCustom.html]
[ci.visualillusionsent.net/job/CanaryLib/javadoc/net/canarymod/hook/world/ChunkUnloadHook.html]
[ci.visualillusionsent.net/job/CanaryLib/javadoc/net/canarymod/commandsys/commands/vanilla/Clear.html]
[ci.visualillusionsent.net/job/CanaryLib/javadoc/net/canarymod/api/entity/living/humanoid/npc/ai/Clicked.html]
[ci.visualillusionsent.net/job/CanaryLib/javadoc/net/canarymod/api/chat/ClickEvent.html]
[ci.visualillusionsent.net/job/CanaryLib/javadoc/net/canarymod/api/chat/ClickEventAction.html]
[ci.visualillusionsent.net/job/CanaryLib/javadoc/net/canarymod/commandsys/commands/vanilla/Clone.html]
[ci.visualillusionsent.net/job/CanaryLib/javadoc/net/canarymod/api/world/blocks/properties/helpers/CocoaPlantProperties.html]
[ci.visualillusionsent.net/job/CanaryLib/javadoc/net/canarymod/api/world/blocks/properties/helpers/ColoredBlockProperties.html]
[ci.visualillusionsent.net/job/CanaryLib/javadoc/net/canarymod/chat/Colors.html]
[ci.visualillusionsent.net/job/CanaryLib/javadoc/net/canarymod/database/Column.html]
[ci.visualillusionsent.net/job/CanaryLib/javadoc/net/canarymod/database/Column.ColumnType.html]
[ci.visualillusionsent.net/job/CanaryLib/javadoc/net/canarymod/database/Column.DataType.html]
[ci.visualillusionsent.net/job/CanaryLib/javadoc/net/canarymod/commandsys/Command.html]
[ci.visualillusionsent.net/job/CanaryLib/javadoc/net/canarymod/api/world/blocks/CommandBlock.html]
[ci.visualillusionsent.net/job/CanaryLib/javadoc/net/canarymod/hook/command/CommandBlockCommandHook.html]
[ci.visualillusionsent.net/job/CanaryLib/javadoc/net/canarymod/api/CommandBlockLogic.html]
[ci.visualillusionsent.net/job/CanaryLib/javadoc/net/canarymod/api/entity/vehicle/CommandBlockMinecart.html]
[ci.visualillusionsent.net/job/CanaryLib/javadoc/net/canarymod/api/world/blocks/properties/helpers/CommandBlockProperties.html]
[ci.visualillusionsent.net/job/CanaryLib/javadoc/net/canarymod/commandsys/CommandDependencyException.html]
[ci.visualillusionsent.net/job/CanaryLib/javadoc/net/canarymod/commandsys/CommandException.html]
[ci.visualillusionsent.net/job/CanaryLib/javadoc/net/canarymod/commandsys/CommandList.html]
[ci.visualillusionsent.net/job/CanaryLib/javadoc/net/canarymod/commandsys/CommandListener.html]
[ci.visualillusionsent.net/job/CanaryLib/javadoc/net/canarymod/commandsys/CommandManager.html]
[ci.visualillusionsent.net/job/CanaryLib/javadoc/net/canarymod/commandsys/CommandOwner.html]
[ci.visualillusionsent.net/job/CanaryLib/javadoc/net/canarymod/api/world/blocks/Comparator.html]
[ci.visualillusionsent.net/job/CanaryLib/javadoc/net/canarymod/commandsys/commands/player/Compass.html]
[ci.visualillusionsent.net/job/CanaryLib/javadoc/net/canarymod/api/nbt/CompoundTag.html]
[ci.visualillusionsent.net/job/CanaryLib/javadoc/net/canarymod/config/Configuration.html]
[ci.visualillusionsent.net/job/CanaryLib/javadoc/net/canarymod/config/ConfigurationContainer.html]
[ci.visualillusionsent.net/job/CanaryLib/javadoc/net/canarymod/api/ConfigurationManager.html]
[ci.visualillusionsent.net/job/CanaryLib/javadoc/net/canarymod/hook/player/ConnectionHook.html]
[ci.visualillusionsent.net/job/CanaryLib/javadoc/net/canarymod/hook/command/ConsoleCommandHook.html]
[ci.visualillusionsent.net/job/CanaryLib/javadoc/net/canarymod/api/entity/vehicle/ContainerMinecart.html]
[ci.visualillusionsent.net/job/CanaryLib/javadoc/net/canarymod/api/entity/living/animal/Cow.html]
[ci.visualillusionsent.net/job/CanaryLib/javadoc/net/canarymod/hook/player/CraftHook.html]
[ci.visualillusionsent.net/job/CanaryLib/javadoc/net/canarymod/api/inventory/CraftingMatrix.html]
[ci.visualillusionsent.net/job/CanaryLib/javadoc/net/canarymod/api/inventory/recipes/CraftingRecipe.html]
[ci.visualillusionsent.net/job/CanaryLib/javadoc/net/canarymod/commandsys/commands/system/CreateVanilla.html]
[ci.visualillusionsent.net/job/CanaryLib/javadoc/net/canarymod/commandsys/commands/world/CreateWorldCommand.html]
[ci.visualillusionsent.net/job/CanaryLib/javadoc/net/canarymod/api/entity/living/monster/Creeper.html]
[ci.visualillusionsent.net/job/CanaryLib/javadoc/net/canarymod/api/scoreboard/CriteriaType.html]
[ci.visualillusionsent.net/job/CanaryLib/javadoc/net/canarymod/api/world/blocks/properties/helpers/CropsProperties.html]
[ci.visualillusionsent.net/job/CanaryLib/javadoc/net/canarymod/api/world/blocks/CustomBlockTypeException.html]
[ci.visualillusionsent.net/job/CanaryLib/javadoc/net/canarymod/channels/CustomPayloadChannelException.html]
[ci.visualillusionsent.net/job/CanaryLib/javadoc/net/canarymod/api/inventory/CustomStorageInventory.html]
[ci.visualillusionsent.net/job/CanaryLib/javadoc/net/canarymod/hook/entity/DamageHook.html]
[ci.visualillusionsent.net/job/CanaryLib/javadoc/net/canarymod/api/DamageSource.html]
[ci.visualillusionsent.net/job/CanaryLib/javadoc/net/canarymod/api/DamageType.html]
[ci.visualillusionsent.net/job/CanaryLib/javadoc/net/canarymod/database/DataAccess.html]
[ci.visualillusionsent.net/job/CanaryLib/javadoc/net/canarymod/database/Database.html]
[ci.visualillusionsent.net/job/CanaryLib/javadoc/net/canarymod/database/Database.Type.html]
[ci.visualillusionsent.net/job/CanaryLib/javadoc/net/canarymod/database/exceptions/DatabaseAccessException.html]
[ci.visualillusionsent.net/job/CanaryLib/javadoc/net/canarymod/config/DatabaseConfiguration.html]
[ci.visualillusionsent.net/job/CanaryLib/javadoc/net/canarymod/database/exceptions/DatabaseException.html]
[ci.visualillusionsent.net/job/CanaryLib/javadoc/net/canarymod/database/DatabaseLoader.html]
[ci.visualillusionsent.net/job/CanaryLib/javadoc/net/canarymod/database/exceptions/DatabaseReadException.html]
[ci.visualillusionsent.net/job/CanaryLib/javadoc/net/canarymod/database/exceptions/DatabaseTableInconsistencyException.html]
[ci.visualillusionsent.net/job/CanaryLib/javadoc/net/canarymod/database/exceptions/DatabaseWriteException.html]
[ci.visualillusionsent.net/job/CanaryLib/javadoc/net/canarymod/api/DataWatcher.html]
[ci.visualillusionsent.net/job/CanaryLib/javadoc/net/canarymod/api/world/blocks/DaylightDetector.html]
[ci.visualillusionsent.net/job/CanaryLib/javadoc/net/canarymod/api/world/blocks/properties/helpers/DaylightDetectorProperties.html]
[ci.visualillusionsent.net/job/CanaryLib/javadoc/net/canarymod/commandsys/commands/vanilla/Debug.html]
[ci.visualillusionsent.net/job/CanaryLib/javadoc/net/canarymod/hook/world/DecorateHook.html]
[ci.visualillusionsent.net/job/CanaryLib/javadoc/net/canarymod/hook/world/DecorateHook.DecoratorType.html]
[ci.visualillusionsent.net/job/CanaryLib/javadoc/net/canarymod/commandsys/commands/vanilla/DefaultGameMode.html]
[ci.visualillusionsent.net/job/CanaryLib/javadoc/net/canarymod/plugin/DefaultPluginManager.html]
[ci.visualillusionsent.net/job/CanaryLib/javadoc/net/canarymod/commandsys/commands/vanilla/DefaultSpawnpoint.html]
[ci.visualillusionsent.net/job/CanaryLib/javadoc/net/canarymod/commandsys/commands/world/DeleteWorldCommand.html]
[ci.visualillusionsent.net/job/CanaryLib/javadoc/net/canarymod/commandsys/commands/system/operator/DeOp.html]
[ci.visualillusionsent.net/job/CanaryLib/javadoc/net/canarymod/plugin/dependencies/DependencyGraph.html]
[ci.visualillusionsent.net/job/CanaryLib/javadoc/net/canarymod/api/entity/living/humanoid/npc/ai/Destroyed.html]
[ci.visualillusionsent.net/job/CanaryLib/javadoc/net/canarymod/commandsys/commands/vanilla/Difficulty.html]
[ci.visualillusionsent.net/job/CanaryLib/javadoc/net/canarymod/hook/entity/DimensionSwitchHook.html]
[ci.visualillusionsent.net/job/CanaryLib/javadoc/net/canarymod/api/world/DimensionType.html]
[ci.visualillusionsent.net/job/CanaryLib/javadoc/net/canarymod/api/world/position/Direction.html]
[ci.visualillusionsent.net/job/CanaryLib/javadoc/net/canarymod/api/world/blocks/properties/helpers/DirectionalBlockProperties.html]
[ci.visualillusionsent.net/job/CanaryLib/javadoc/net/canarymod/api/world/blocks/properties/helpers/DirtProperties.html]
[ci.visualillusionsent.net/job/CanaryLib/javadoc/net/canarymod/api/world/blocks/properties/helpers/DirtProperties.Variant.html]
[ci.visualillusionsent.net/job/CanaryLib/javadoc/net/canarymod/hook/player/DisconnectionHook.html]
[ci.visualillusionsent.net/job/CanaryLib/javadoc/net/canarymod/hook/Dispatcher.html]
[ci.visualillusionsent.net/job/CanaryLib/javadoc/net/canarymod/hook/world/DispenseHook.html]
[ci.visualillusionsent.net/job/CanaryLib/javadoc/net/canarymod/api/world/blocks/Dispenser.html]
[ci.visualillusionsent.net/job/CanaryLib/javadoc/net/canarymod/api/world/blocks/properties/helpers/DispenserProperties.html]
[ci.visualillusionsent.net/job/CanaryLib/javadoc/net/canarymod/api/world/blocks/properties/helpers/DoorProperties.html]
[ci.visualillusionsent.net/job/CanaryLib/javadoc/net/canarymod/api/world/blocks/properties/helpers/DoorProperties.Half.html]
[ci.visualillusionsent.net/job/CanaryLib/javadoc/net/canarymod/api/world/blocks/properties/helpers/DoorProperties.HingePosition.html]
[ci.visualillusionsent.net/job/CanaryLib/javadoc/net/canarymod/api/world/blocks/DoubleChest.html]
[ci.visualillusionsent.net/job/CanaryLib/javadoc/net/canarymod/api/world/blocks/properties/helpers/DoublePlantProperties.html]
[ci.visualillusionsent.net/job/CanaryLib/javadoc/net/canarymod/api/world/blocks/properties/helpers/DoublePlantProperties.Half.html]
[ci.visualillusionsent.net/job/CanaryLib/javadoc/net/canarymod/api/world/blocks/properties/helpers/DoublePlantProperties.Variant.html]
[ci.visualillusionsent.net/job/CanaryLib/javadoc/net/canarymod/api/world/blocks/properties/helpers/DoubleStoneSlabNewProperties.html]
[ci.visualillusionsent.net/job/CanaryLib/javadoc/net/canarymod/api/world/blocks/properties/helpers/DoubleStoneSlabProperties.html]
[ci.visualillusionsent.net/job/CanaryLib/javadoc/net/canarymod/api/nbt/DoubleTag.html]
[ci.visualillusionsent.net/job/CanaryLib/javadoc/net/canarymod/api/world/blocks/Dropper.html]
[ci.visualillusionsent.net/job/CanaryLib/javadoc/net/canarymod/commandsys/DuplicateCommandException.html]
[ci.visualillusionsent.net/job/CanaryLib/javadoc/net/canarymod/api/DyeColor.html]
[ci.visualillusionsent.net/job/CanaryLib/javadoc/net/canarymod/commandsys/DynamicCommandAnnotation.html]
[ci.visualillusionsent.net/job/CanaryLib/javadoc/net/canarymod/commandsys/DynamicTabCompleteAnnotation.html]
[ci.visualillusionsent.net/job/CanaryLib/javadoc/net/canarymod/hook/player/EatHook.html]
[ci.visualillusionsent.net/job/CanaryLib/javadoc/net/canarymod/commandsys/commands/vanilla/Effect.html]
[ci.visualillusionsent.net/job/CanaryLib/javadoc/net/canarymod/commandsys/commands/vanilla/Emote.html]
[ci.visualillusionsent.net/job/CanaryLib/javadoc/net/canarymod/api/entity/vehicle/EmptyMinecart.html]
[ci.visualillusionsent.net/job/CanaryLib/javadoc/net/canarymod/commandsys/commands/vanilla/Enchant.html]
[ci.visualillusionsent.net/job/CanaryLib/javadoc/net/canarymod/hook/player/EnchantHook.html]
[ci.visualillusionsent.net/job/CanaryLib/javadoc/net/canarymod/api/inventory/Enchantment.html]
[ci.visualillusionsent.net/job/CanaryLib/javadoc/net/canarymod/api/inventory/Enchantment.Type.html]
[ci.visualillusionsent.net/job/CanaryLib/javadoc/net/canarymod/api/world/blocks/EnchantmentTable.html]
[ci.visualillusionsent.net/job/CanaryLib/javadoc/net/canarymod/api/world/blocks/EnderChest.html]
[ci.visualillusionsent.net/job/CanaryLib/javadoc/net/canarymod/api/inventory/EnderChestInventory.html]
[ci.visualillusionsent.net/job/CanaryLib/javadoc/net/canarymod/api/world/blocks/properties/helpers/EnderChestProperties.html]
[ci.visualillusionsent.net/job/CanaryLib/javadoc/net/canarymod/api/entity/EnderCrystal.html]
[ci.visualillusionsent.net/job/CanaryLib/javadoc/net/canarymod/api/entity/living/monster/EnderDragon.html]
[ci.visualillusionsent.net/job/CanaryLib/javadoc/net/canarymod/api/entity/EnderEye.html]
[ci.visualillusionsent.net/job/CanaryLib/javadoc/net/canarymod/api/entity/living/monster/Enderman.html]
[ci.visualillusionsent.net/job/CanaryLib/javadoc/net/canarymod/hook/entity/EndermanDropBlockHook.html]
[ci.visualillusionsent.net/job/CanaryLib/javadoc/net/canarymod/hook/entity/EndermanPickupBlockHook.html]
[ci.visualillusionsent.net/job/CanaryLib/javadoc/net/canarymod/api/entity/living/monster/Endermite.html]
[ci.visualillusionsent.net/job/CanaryLib/javadoc/net/canarymod/api/entity/throwable/EnderPearl.html]
[ci.visualillusionsent.net/job/CanaryLib/javadoc/net/canarymod/api/world/blocks/properties/helpers/EndPortalFrameProperties.html]
[ci.visualillusionsent.net/job/CanaryLib/javadoc/net/canarymod/api/entity/Entity.html]
[ci.visualillusionsent.net/job/CanaryLib/javadoc/net/canarymod/api/entity/living/animal/EntityAnimal.html]
[ci.visualillusionsent.net/job/CanaryLib/javadoc/net/canarymod/commandsys/commands/vanilla/EntityData.html]
[ci.visualillusionsent.net/job/CanaryLib/javadoc/net/canarymod/hook/entity/EntityDeathHook.html]
[ci.visualillusionsent.net/job/CanaryLib/javadoc/net/canarymod/hook/entity/EntityDespawnHook.html]
[ci.visualillusionsent.net/job/CanaryLib/javadoc/net/canarymod/api/factory/EntityFactory.html]
[ci.visualillusionsent.net/job/CanaryLib/javadoc/net/canarymod/api/entity/EntityItem.html]
[ci.visualillusionsent.net/job/CanaryLib/javadoc/net/canarymod/hook/entity/EntityLightningStruckHook.html]
[ci.visualillusionsent.net/job/CanaryLib/javadoc/net/canarymod/api/entity/living/EntityLiving.html]
[ci.visualillusionsent.net/job/CanaryLib/javadoc/net/canarymod/api/entity/living/monster/EntityMob.html]
[ci.visualillusionsent.net/job/CanaryLib/javadoc/net/canarymod/hook/entity/EntityMountHook.html]
[ci.visualillusionsent.net/job/CanaryLib/javadoc/net/canarymod/hook/entity/EntityMoveHook.html]
[ci.visualillusionsent.net/job/CanaryLib/javadoc/net/canarymod/api/entity/throwable/EntityPotion.html]
[ci.visualillusionsent.net/job/CanaryLib/javadoc/net/canarymod/hook/player/EntityRightClickHook.html]
[ci.visualillusionsent.net/job/CanaryLib/javadoc/net/canarymod/hook/entity/EntitySpawnHook.html]
[ci.visualillusionsent.net/job/CanaryLib/javadoc/net/canarymod/hook/entity/EntityTameHook.html]
[ci.visualillusionsent.net/job/CanaryLib/javadoc/net/canarymod/api/entity/throwable/EntityThrowable.html]
[ci.visualillusionsent.net/job/CanaryLib/javadoc/net/canarymod/api/EntityTracker.html]
[ci.visualillusionsent.net/job/CanaryLib/javadoc/net/canarymod/api/EntityTrackerEntry.html]
[ci.visualillusionsent.net/job/CanaryLib/javadoc/net/canarymod/api/entity/EntityType.html]
[ci.visualillusionsent.net/job/CanaryLib/javadoc/net/canarymod/commandsys/commands/vanilla/Execute.html]
[ci.visualillusionsent.net/job/CanaryLib/javadoc/net/canarymod/hook/player/ExperienceHook.html]
[ci.visualillusionsent.net/job/CanaryLib/javadoc/net/canarymod/hook/world/ExplosionHook.html]
[ci.visualillusionsent.net/job/CanaryLib/javadoc/net/canarymod/api/entity/Explosive.html]
[ci.visualillusionsent.net/job/CanaryLib/javadoc/net/canarymod/api/factory/Factory.html]
[ci.visualillusionsent.net/job/CanaryLib/javadoc/net/canarymod/api/entity/FallingBlock.html]
[ci.visualillusionsent.net/job/CanaryLib/javadoc/net/canarymod/api/world/blocks/properties/helpers/FarmlandProperties.html]
[ci.visualillusionsent.net/job/CanaryLib/javadoc/net/canarymod/api/world/blocks/properties/helpers/FenceGateProperties.html]
[ci.visualillusionsent.net/job/CanaryLib/javadoc/net/canarymod/api/world/blocks/properties/helpers/FenceProperties.html]
[ci.visualillusionsent.net/job/CanaryLib/javadoc/net/canarymod/commandsys/commands/vanilla/Fill.html]
[ci.visualillusionsent.net/job/CanaryLib/javadoc/net/canarymod/api/entity/Fireball.html]
[ci.visualillusionsent.net/job/CanaryLib/javadoc/net/canarymod/api/world/blocks/properties/helpers/FireProperties.html]
[ci.visualillusionsent.net/job/CanaryLib/javadoc/net/canarymod/hook/world/FireworkExplodeHook.html]
[ci.visualillusionsent.net/job/CanaryLib/javadoc/net/canarymod/api/inventory/helper/FireworkHelper.html]
[ci.visualillusionsent.net/job/CanaryLib/javadoc/net/canarymod/api/inventory/helper/FireworkHelper.ExplosionType.html]
[ci.visualillusionsent.net/job/CanaryLib/javadoc/net/canarymod/api/entity/FireworkRocket.html]
[ci.visualillusionsent.net/job/CanaryLib/javadoc/net/canarymod/api/entity/FishHook.html]
[ci.visualillusionsent.net/job/CanaryLib/javadoc/net/canarymod/api/nbt/FloatTag.html]
[ci.visualillusionsent.net/job/CanaryLib/javadoc/net/canarymod/api/world/blocks/properties/helpers/FlowerPotProperties.html]
[ci.visualillusionsent.net/job/CanaryLib/javadoc/net/canarymod/api/world/blocks/properties/helpers/FlowerPotProperties.Contents.html]
[ci.visualillusionsent.net/job/CanaryLib/javadoc/net/canarymod/api/world/blocks/properties/helpers/FlowerProperties.html]
[ci.visualillusionsent.net/job/CanaryLib/javadoc/net/canarymod/api/world/blocks/properties/helpers/FlowerProperties.Type.html]
[ci.visualillusionsent.net/job/CanaryLib/javadoc/net/canarymod/hook/world/FlowHook.html]
[ci.visualillusionsent.net/job/CanaryLib/javadoc/net/canarymod/hook/player/FoodExhaustionHook.html]
[ci.visualillusionsent.net/job/CanaryLib/javadoc/net/canarymod/hook/player/FoodLevelHook.html]
[ci.visualillusionsent.net/job/CanaryLib/javadoc/net/canarymod/hook/player/FoodSaturationHook.html]
[ci.visualillusionsent.net/job/CanaryLib/javadoc/net/canarymod/api/world/blocks/Furnace.html]
[ci.visualillusionsent.net/job/CanaryLib/javadoc/net/canarymod/api/entity/vehicle/FurnaceMinecart.html]
[ci.visualillusionsent.net/job/CanaryLib/javadoc/net/canarymod/api/world/blocks/properties/helpers/FurnaceProperties.html]
[ci.visualillusionsent.net/job/CanaryLib/javadoc/net/canarymod/api/GameMode.html]
[ci.visualillusionsent.net/job/CanaryLib/javadoc/net/canarymod/commandsys/commands/vanilla/GameMode.html]
[ci.visualillusionsent.net/job/CanaryLib/javadoc/net/canarymod/hook/player/GameModeChangeHook.html]
[ci.visualillusionsent.net/job/CanaryLib/javadoc/net/canarymod/commandsys/commands/vanilla/GameRule.html]
[ci.visualillusionsent.net/job/CanaryLib/javadoc/net/canarymod/api/attributes/GenericAttribute.html]
[ci.visualillusionsent.net/job/CanaryLib/javadoc/net/canarymod/commandsys/commands/player/GetPosition.html]
[ci.visualillusionsent.net/job/CanaryLib/javadoc/net/canarymod/api/entity/living/monster/Ghast.html]
[ci.visualillusionsent.net/job/CanaryLib/javadoc/net/canarymod/api/entity/living/monster/GiantZombie.html]
[ci.visualillusionsent.net/job/CanaryLib/javadoc/net/canarymod/commandsys/commands/vanilla/Give.html]
[ci.visualillusionsent.net/job/CanaryLib/javadoc/net/canarymod/commandsys/commands/player/GodCommand.html]
[ci.visualillusionsent.net/job/CanaryLib/javadoc/net/canarymod/api/entity/living/Golem.html]
[ci.visualillusionsent.net/job/CanaryLib/javadoc/net/canarymod/api/inventory/slot/GrabMode.html]
[ci.visualillusionsent.net/job/CanaryLib/javadoc/net/canarymod/api/world/blocks/properties/helpers/GrassProperties.html]
[ci.visualillusionsent.net/job/CanaryLib/javadoc/net/canarymod/user/Group.html]
[ci.visualillusionsent.net/job/CanaryLib/javadoc/net/canarymod/commandsys/commands/groupmod/GroupBase.html]
[ci.visualillusionsent.net/job/CanaryLib/javadoc/net/canarymod/commandsys/commands/groupmod/GroupCheck.html]
[ci.visualillusionsent.net/job/CanaryLib/javadoc/net/canarymod/commandsys/commands/groupmod/GroupCreate.html]
[ci.visualillusionsent.net/job/CanaryLib/javadoc/net/canarymod/backbone/GroupDataAccess.html]
[ci.visualillusionsent.net/job/CanaryLib/javadoc/net/canarymod/commandsys/commands/groupmod/GroupList.html]
[ci.visualillusionsent.net/job/CanaryLib/javadoc/net/canarymod/commandsys/commands/groupmod/GroupParent.html]
[ci.visualillusionsent.net/job/CanaryLib/javadoc/net/canarymod/commandsys/commands/groupmod/GroupPermissionAdd.html]
[ci.visualillusionsent.net/job/CanaryLib/javadoc/net/canarymod/commandsys/commands/groupmod/GroupPermissionCheck.html]
[ci.visualillusionsent.net/job/CanaryLib/javadoc/net/canarymod/commandsys/commands/groupmod/GroupPermissionFlush.html]
[ci.visualillusionsent.net/job/CanaryLib/javadoc/net/canarymod/commandsys/commands/groupmod/GroupPermissionList.html]
[ci.visualillusionsent.net/job/CanaryLib/javadoc/net/canarymod/commandsys/commands/groupmod/GroupPermissionRemove.html]
[ci.visualillusionsent.net/job/CanaryLib/javadoc/net/canarymod/commandsys/commands/groupmod/GroupPrefix.html]
[ci.visualillusionsent.net/job/CanaryLib/javadoc/net/canarymod/commandsys/commands/groupmod/GroupRemove.html]
[ci.visualillusionsent.net/job/CanaryLib/javadoc/net/canarymod/commandsys/commands/groupmod/GroupRename.html]
[ci.visualillusionsent.net/job/CanaryLib/javadoc/net/canarymod/api/entity/living/monster/Guardian.html]
[ci.visualillusionsent.net/job/CanaryLib/javadoc/net/canarymod/api/gui/GUIControl.html]
[ci.visualillusionsent.net/job/CanaryLib/javadoc/net/canarymod/api/entity/hanging/HangingEntity.html]
[ci.visualillusionsent.net/job/CanaryLib/javadoc/net/canarymod/hook/entity/HangingEntityDestroyHook.html]
[ci.visualillusionsent.net/job/CanaryLib/javadoc/net/canarymod/hook/player/HealthChangeHook.html]
[ci.visualillusionsent.net/job/CanaryLib/javadoc/net/canarymod/hook/player/HeldItemChangeHook.html]
[ci.visualillusionsent.net/job/CanaryLib/javadoc/net/canarymod/commandsys/commands/system/HelpCommand.html]
[ci.visualillusionsent.net/job/CanaryLib/javadoc/net/canarymod/help/HelpManager.html]
[ci.visualillusionsent.net/job/CanaryLib/javadoc/net/canarymod/help/HelpNode.html]
[ci.visualillusionsent.net/job/CanaryLib/javadoc/net/canarymod/commandsys/commands/warp/Home.html]
[ci.visualillusionsent.net/job/CanaryLib/javadoc/net/canarymod/hook/Hook.html]
[ci.visualillusionsent.net/job/CanaryLib/javadoc/net/canarymod/hook/HookConsistencyException.html]
[ci.visualillusionsent.net/job/CanaryLib/javadoc/net/canarymod/hook/HookExecutionException.html]
[ci.visualillusionsent.net/job/CanaryLib/javadoc/net/canarymod/hook/HookExecutor.html]
[ci.visualillusionsent.net/job/CanaryLib/javadoc/net/canarymod/hook/HookExecutorInterface.html]
[ci.visualillusionsent.net/job/CanaryLib/javadoc/net/canarymod/hook/HookHandler.html]
[ci.visualillusionsent.net/job/CanaryLib/javadoc/net/canarymod/api/inventory/Hopper.html]
[ci.visualillusionsent.net/job/CanaryLib/javadoc/net/canarymod/api/world/blocks/HopperBlock.html]
[ci.visualillusionsent.net/job/CanaryLib/javadoc/net/canarymod/api/entity/vehicle/HopperMinecart.html]
[ci.visualillusionsent.net/job/CanaryLib/javadoc/net/canarymod/api/world/blocks/properties/helpers/HopperProperties.html]
[ci.visualillusionsent.net/job/CanaryLib/javadoc/net/canarymod/hook/world/HopperTransferHook.html]
[ci.visualillusionsent.net/job/CanaryLib/javadoc/net/canarymod/api/entity/living/animal/Horse.html]
[ci.visualillusionsent.net/job/CanaryLib/javadoc/net/canarymod/api/entity/living/animal/Horse.HorseType.html]
[ci.visualillusionsent.net/job/CanaryLib/javadoc/net/canarymod/api/attributes/HorseAttribute.html]
[ci.visualillusionsent.net/job/CanaryLib/javadoc/net/canarymod/api/chat/HoverEvent.html]
[ci.visualillusionsent.net/job/CanaryLib/javadoc/net/canarymod/api/chat/HoverEventAction.html]
[ci.visualillusionsent.net/job/CanaryLib/javadoc/net/canarymod/api/world/blocks/properties/helpers/HugeMushroomProperties.html]
[ci.visualillusionsent.net/job/CanaryLib/javadoc/net/canarymod/api/world/blocks/properties/helpers/HugeMushroomProperties.Variant.html]
[ci.visualillusionsent.net/job/CanaryLib/javadoc/net/canarymod/api/entity/living/humanoid/Human.html]
[ci.visualillusionsent.net/job/CanaryLib/javadoc/net/canarymod/api/entity/living/humanoid/HumanCapabilities.html]
[ci.visualillusionsent.net/job/CanaryLib/javadoc/net/canarymod/hook/world/IgnitionHook.html]
[ci.visualillusionsent.net/job/CanaryLib/javadoc/net/canarymod/hook/world/IgnitionHook.IgnitionCause.html]
[ci.visualillusionsent.net/job/CanaryLib/javadoc/net/canarymod/api/nbt/IntArrayTag.html]
[ci.visualillusionsent.net/job/CanaryLib/javadoc/net/canarymod/api/nbt/IntTag.html]
[ci.visualillusionsent.net/job/CanaryLib/javadoc/net/canarymod/exceptions/InvalidInstanceException.html]
[ci.visualillusionsent.net/job/CanaryLib/javadoc/net/canarymod/api/packet/InvalidPacketConstructionException.html]
[ci.visualillusionsent.net/job/CanaryLib/javadoc/net/canarymod/exceptions/InvalidPluginException.html]
[ci.visualillusionsent.net/job/CanaryLib/javadoc/net/canarymod/plugin/lifecycle/InvalidPluginLifecycleException.html]
[ci.visualillusionsent.net/job/CanaryLib/javadoc/net/canarymod/api/inventory/Inventory.html]
[ci.visualillusionsent.net/job/CanaryLib/javadoc/net/canarymod/hook/player/InventoryHook.html]
[ci.visualillusionsent.net/job/CanaryLib/javadoc/net/canarymod/api/inventory/InventoryType.html]
[ci.visualillusionsent.net/job/CanaryLib/javadoc/net/canarymod/commandsys/commands/system/bans/IpBanCommand.html]
[ci.visualillusionsent.net/job/CanaryLib/javadoc/net/canarymod/api/entity/living/IronGolem.html]
[ci.visualillusionsent.net/job/CanaryLib/javadoc/net/canarymod/api/inventory/Item.html]
[ci.visualillusionsent.net/job/CanaryLib/javadoc/net/canarymod/hook/player/ItemDropHook.html]
[ci.visualillusionsent.net/job/CanaryLib/javadoc/net/canarymod/api/factory/ItemFactory.html]
[ci.visualillusionsent.net/job/CanaryLib/javadoc/net/canarymod/api/entity/hanging/ItemFrame.html]
[ci.visualillusionsent.net/job/CanaryLib/javadoc/net/canarymod/hook/player/ItemFrameRotateHook.html]
[ci.visualillusionsent.net/job/CanaryLib/javadoc/net/canarymod/hook/player/ItemFrameSetItemHook.html]
[ci.visualillusionsent.net/job/CanaryLib/javadoc/net/canarymod/hook/player/ItemPickupHook.html]
[ci.visualillusionsent.net/job/CanaryLib/javadoc/net/canarymod/hook/entity/ItemTouchGroundHook.html]
[ci.visualillusionsent.net/job/CanaryLib/javadoc/net/canarymod/api/inventory/ItemType.html]
[ci.visualillusionsent.net/job/CanaryLib/javadoc/net/canarymod/api/inventory/ItemTypeException.html]
[ci.visualillusionsent.net/job/CanaryLib/javadoc/net/canarymod/hook/player/ItemUseHook.html]
[ci.visualillusionsent.net/job/CanaryLib/javadoc/net/canarymod/plugin/lifecycle/JavaPluginLifecycle.html]
[ci.visualillusionsent.net/job/CanaryLib/javadoc/net/canarymod/database/JdbcConnectionManager.html]
[ci.visualillusionsent.net/job/CanaryLib/javadoc/net/canarymod/util/JsonNBTUtility.html]
[ci.visualillusionsent.net/job/CanaryLib/javadoc/net/canarymod/api/world/blocks/Jukebox.html]
[ci.visualillusionsent.net/job/CanaryLib/javadoc/net/canarymod/api/world/blocks/properties/helpers/JukeboxProperties.html]
[ci.visualillusionsent.net/job/CanaryLib/javadoc/net/canarymod/commandsys/commands/system/Kick.html]
[ci.visualillusionsent.net/job/CanaryLib/javadoc/net/canarymod/hook/player/KickHook.html]
[ci.visualillusionsent.net/job/CanaryLib/javadoc/net/canarymod/commandsys/commands/vanilla/Kill.html]
[ci.visualillusionsent.net/job/CanaryLib/javadoc/net/canarymod/kit/Kit.html]
[ci.visualillusionsent.net/job/CanaryLib/javadoc/net/canarymod/commandsys/commands/system/kits/KitCreate.html]
[ci.visualillusionsent.net/job/CanaryLib/javadoc/net/canarymod/backbone/KitDataAccess.html]
[ci.visualillusionsent.net/job/CanaryLib/javadoc/net/canarymod/commandsys/commands/system/kits/KitDelete.html]
[ci.visualillusionsent.net/job/CanaryLib/javadoc/net/canarymod/commandsys/commands/system/kits/KitGive.html]
[ci.visualillusionsent.net/job/CanaryLib/javadoc/net/canarymod/commandsys/commands/system/kits/KitList.html]
[ci.visualillusionsent.net/job/CanaryLib/javadoc/net/canarymod/kit/KitProvider.html]
[ci.visualillusionsent.net/job/CanaryLib/javadoc/net/canarymod/api/world/blocks/properties/helpers/LadderProperties.html]
[ci.visualillusionsent.net/job/CanaryLib/javadoc/net/canarymod/api/entity/LargeFireball.html]
[ci.visualillusionsent.net/job/CanaryLib/javadoc/net/canarymod/hook/world/LeafDecayHook.html]
[ci.visualillusionsent.net/job/CanaryLib/javadoc/net/canarymod/api/entity/hanging/LeashKnot.html]
[ci.visualillusionsent.net/job/CanaryLib/javadoc/net/canarymod/api/inventory/helper/LeatherArmorHelper.html]
[ci.visualillusionsent.net/job/CanaryLib/javadoc/net/canarymod/api/world/blocks/properties/helpers/LeavesProperties.html]
[ci.visualillusionsent.net/job/CanaryLib/javadoc/net/canarymod/hook/player/LevelUpHook.html]
[ci.visualillusionsent.net/job/CanaryLib/javadoc/net/canarymod/api/world/blocks/properties/helpers/LeverProperties.html]
[ci.visualillusionsent.net/job/CanaryLib/javadoc/net/canarymod/api/world/blocks/properties/helpers/LeverProperties.Orientation.html]
[ci.visualillusionsent.net/job/CanaryLib/javadoc/net/canarymod/api/entity/effect/LightningBolt.html]
[ci.visualillusionsent.net/job/CanaryLib/javadoc/net/canarymod/hook/world/LightningStrikeHook.html]
[ci.visualillusionsent.net/job/CanaryLib/javadoc/net/canarymod/LineTracer.html]
[ci.visualillusionsent.net/job/CanaryLib/javadoc/net/canarymod/hook/world/LiquidDestroyHook.html]
[ci.visualillusionsent.net/job/CanaryLib/javadoc/net/canarymod/api/world/blocks/properties/helpers/LiquidProperties.html]
[ci.visualillusionsent.net/job/CanaryLib/javadoc/net/canarymod/commandsys/commands/system/ListPlugins.html]
[ci.visualillusionsent.net/job/CanaryLib/javadoc/net/canarymod/api/nbt/ListTag.html]
[ci.visualillusionsent.net/job/CanaryLib/javadoc/net/canarymod/commandsys/commands/world/ListWorldsCommand.html]
[ci.visualillusionsent.net/job/CanaryLib/javadoc/net/canarymod/api/entity/living/LivingBase.html]
[ci.visualillusionsent.net/job/CanaryLib/javadoc/net/canarymod/commandsys/commands/world/LoadWorldCommand.html]
[ci.visualillusionsent.net/job/CanaryLib/javadoc/net/canarymod/hook/system/LoadWorldHook.html]
[ci.visualillusionsent.net/job/CanaryLib/javadoc/net/canarymod/api/world/position/Location.html]
[ci.visualillusionsent.net/job/CanaryLib/javadoc/net/canarymod/api/world/position/Location.ReadMode.html]
[ci.visualillusionsent.net/job/CanaryLib/javadoc/net/canarymod/database/LocationDataAccess.html]
[ci.visualillusionsent.net/job/CanaryLib/javadoc/net/canarymod/api/world/blocks/LockableTileEntity.html]
[ci.visualillusionsent.net/job/CanaryLib/javadoc/net/canarymod/logger/Logman.html]
[ci.visualillusionsent.net/job/CanaryLib/javadoc/net/canarymod/api/world/blocks/properties/helpers/LogProperties.html]
[ci.visualillusionsent.net/job/CanaryLib/javadoc/net/canarymod/api/world/blocks/properties/helpers/LogProperties.Axis.html]
[ci.visualillusionsent.net/job/CanaryLib/javadoc/net/canarymod/api/nbt/LongTag.html]
[ci.visualillusionsent.net/job/CanaryLib/javadoc/net/canarymod/api/entity/living/monster/MagmaCube.html]
[ci.visualillusionsent.net/job/CanaryLib/javadoc/net/canarymod/api/world/blocks/MapColor.html]
[ci.visualillusionsent.net/job/CanaryLib/javadoc/net/canarymod/api/world/blocks/MapColorList.html]
[ci.visualillusionsent.net/job/CanaryLib/javadoc/net/canarymod/api/inventory/MapData.html]
[ci.visualillusionsent.net/job/CanaryLib/javadoc/net/canarymod/MathHelp.html]
[ci.visualillusionsent.net/job/CanaryLib/javadoc/net/canarymod/commandsys/commands/vanilla/Message.html]
[ci.visualillusionsent.net/job/CanaryLib/javadoc/net/canarymod/motd/MessageOfTheDay.html]
[ci.visualillusionsent.net/job/CanaryLib/javadoc/net/canarymod/motd/MessageOfTheDayListener.html]
[ci.visualillusionsent.net/job/CanaryLib/javadoc/net/canarymod/commandsys/commands/vanilla/MessageRaw.html]
[ci.visualillusionsent.net/job/CanaryLib/javadoc/net/canarymod/chat/MessageReceiver.html]
[ci.visualillusionsent.net/job/CanaryLib/javadoc/net/canarymod/api/entity/vehicle/Minecart.html]
[ci.visualillusionsent.net/job/CanaryLib/javadoc/net/canarymod/hook/entity/MinecartActivateHook.html]
[ci.visualillusionsent.net/job/CanaryLib/javadoc/net/canarymod/commandsys/commands/world/MobClear.html]
[ci.visualillusionsent.net/job/CanaryLib/javadoc/net/canarymod/commandsys/commands/world/MobCount.html]
[ci.visualillusionsent.net/job/CanaryLib/javadoc/net/canarymod/api/world/blocks/MobSpawner.html]
[ci.visualillusionsent.net/job/CanaryLib/javadoc/net/canarymod/commandsys/commands/world/MobSpawnerCheck.html]
[ci.visualillusionsent.net/job/CanaryLib/javadoc/net/canarymod/api/MobSpawnerEntry.html]
[ci.visualillusionsent.net/job/CanaryLib/javadoc/net/canarymod/api/MobSpawnerLogic.html]
[ci.visualillusionsent.net/job/CanaryLib/javadoc/net/canarymod/api/entity/vehicle/MobSpawnerMinecart.html]
[ci.visualillusionsent.net/job/CanaryLib/javadoc/net/canarymod/commandsys/commands/world/MobSpawnerSet.html]
[ci.visualillusionsent.net/job/CanaryLib/javadoc/net/canarymod/hook/entity/MobTargetHook.html]
[ci.visualillusionsent.net/job/CanaryLib/javadoc/net/canarymod/api/attributes/ModifiedAttribute.html]
[ci.visualillusionsent.net/job/CanaryLib/javadoc/net/canarymod/api/entity/living/animal/Mooshroom.html]
[ci.visualillusionsent.net/job/CanaryLib/javadoc/net/canarymod/commandsys/commands/system/Motd.html]
[ci.visualillusionsent.net/job/CanaryLib/javadoc/net/canarymod/motd/MOTDKey.html]
[ci.visualillusionsent.net/job/CanaryLib/javadoc/net/canarymod/motd/MOTDOwner.html]
[ci.visualillusionsent.net/job/CanaryLib/javadoc/net/canarymod/permissionsystem/MultiworldPermissionProvider.html]
[ci.visualillusionsent.net/job/CanaryLib/javadoc/net/canarymod/commandsys/commands/system/Mute.html]
[ci.visualillusionsent.net/job/CanaryLib/javadoc/net/canarymod/api/world/blocks/properties/helpers/MyceliumProperties.html]
[ci.visualillusionsent.net/job/CanaryLib/javadoc/net/canarymod/database/mysql/MySQLDatabase.html]
[ci.visualillusionsent.net/job/CanaryLib/javadoc/net/canarymod/commandsys/NativeCommand.html]
[ci.visualillusionsent.net/job/CanaryLib/javadoc/net/canarymod/NativeTranslateBridge.html]
[ci.visualillusionsent.net/job/CanaryLib/javadoc/net/canarymod/api/factory/NBTFactory.html]
[ci.visualillusionsent.net/job/CanaryLib/javadoc/net/canarymod/api/nbt/NBTTagType.html]
[ci.visualillusionsent.net/job/CanaryLib/javadoc/net/canarymod/api/world/blocks/properties/helpers/NetherWartProperties.html]
[ci.visualillusionsent.net/job/CanaryLib/javadoc/net/canarymod/api/NetServerHandler.html]
[ci.visualillusionsent.net/job/CanaryLib/javadoc/net/canarymod/api/entity/living/humanoid/NonPlayableCharacter.html]
[ci.visualillusionsent.net/job/CanaryLib/javadoc/net/canarymod/api/world/blocks/NoteBlock.html]
[ci.visualillusionsent.net/job/CanaryLib/javadoc/net/canarymod/hook/world/NoteBlockPlayHook.html]
[ci.visualillusionsent.net/job/CanaryLib/javadoc/net/canarymod/api/entity/living/humanoid/npc/ai/NPCAI.html]
[ci.visualillusionsent.net/job/CanaryLib/javadoc/net/canarymod/api/entity/living/humanoid/npc/NPCAIExcutionException.html]
[ci.visualillusionsent.net/job/CanaryLib/javadoc/net/canarymod/api/entity/living/humanoid/npc/NpcAiListenerMethodConsistancyException.html]
[ci.visualillusionsent.net/job/CanaryLib/javadoc/net/canarymod/api/entity/living/humanoid/npc/NPCBehavior.html]
[ci.visualillusionsent.net/job/CanaryLib/javadoc/net/canarymod/api/entity/living/humanoid/npc/NPCBehaviorListener.html]
[ci.visualillusionsent.net/job/CanaryLib/javadoc/net/canarymod/api/entity/living/humanoid/npc/NPCBehaviorRegistry.html]
[ci.visualillusionsent.net/job/CanaryLib/javadoc/net/canarymod/api/factory/ObjectFactory.html]
[ci.visualillusionsent.net/job/CanaryLib/javadoc/net/canarymod/api/entity/living/animal/Ocelot.html]
[ci.visualillusionsent.net/job/CanaryLib/javadoc/net/canarymod/api/entity/living/animal/Ocelot.SkinType.html]
[ci.visualillusionsent.net/job/CanaryLib/javadoc/net/canarymod/api/OfflinePlayer.html]
[ci.visualillusionsent.net/job/CanaryLib/javadoc/net/canarymod/commandsys/commands/system/operator/Op.html]
[ci.visualillusionsent.net/job/CanaryLib/javadoc/net/canarymod/backbone/OperatorsDataAccess.html]
[ci.visualillusionsent.net/job/CanaryLib/javadoc/net/canarymod/user/OperatorsProvider.html]
[ci.visualillusionsent.net/job/CanaryLib/javadoc/net/canarymod/commandsys/commands/system/operator/OpList.html]
[ci.visualillusionsent.net/job/CanaryLib/javadoc/net/canarymod/api/packet/Packet.html]
[ci.visualillusionsent.net/job/CanaryLib/javadoc/net/canarymod/api/factory/PacketFactory.html]
[ci.visualillusionsent.net/job/CanaryLib/javadoc/net/canarymod/api/entity/hanging/Painting.html]
[ci.visualillusionsent.net/job/CanaryLib/javadoc/net/canarymod/api/entity/hanging/Painting.ArtType.html]
[ci.visualillusionsent.net/job/CanaryLib/javadoc/net/canarymod/api/world/effects/Particle.html]
[ci.visualillusionsent.net/job/CanaryLib/javadoc/net/canarymod/commandsys/commands/vanilla/Particle.html]
[ci.visualillusionsent.net/job/CanaryLib/javadoc/net/canarymod/api/world/effects/Particle.Type.html]
[ci.visualillusionsent.net/job/CanaryLib/javadoc/net/canarymod/api/PathFinder.html]
[ci.visualillusionsent.net/job/CanaryLib/javadoc/net/canarymod/hook/system/PermissionCheckHook.html]
[ci.visualillusionsent.net/job/CanaryLib/javadoc/net/canarymod/backbone/PermissionDataAccess.html]
[ci.visualillusionsent.net/job/CanaryLib/javadoc/net/canarymod/permissionsystem/PermissionManager.html]
[ci.visualillusionsent.net/job/CanaryLib/javadoc/net/canarymod/permissionsystem/PermissionNode.html]
[ci.visualillusionsent.net/job/CanaryLib/javadoc/net/canarymod/permissionsystem/PermissionProvider.html]
[ci.visualillusionsent.net/job/CanaryLib/javadoc/net/canarymod/api/entity/living/humanoid/npc/ai/PickupItem.html]
[ci.visualillusionsent.net/job/CanaryLib/javadoc/net/canarymod/api/entity/living/animal/Pig.html]
[ci.visualillusionsent.net/job/CanaryLib/javadoc/net/canarymod/api/entity/living/monster/PigZombie.html]
[ci.visualillusionsent.net/job/CanaryLib/javadoc/net/canarymod/hook/world/PistonExtendHook.html]
[ci.visualillusionsent.net/job/CanaryLib/javadoc/net/canarymod/api/world/blocks/properties/helpers/PistonHeadProperties.html]
[ci.visualillusionsent.net/job/CanaryLib/javadoc/net/canarymod/api/world/blocks/properties/helpers/PistonHeadProperties.Type.html]
[ci.visualillusionsent.net/job/CanaryLib/javadoc/net/canarymod/api/world/blocks/properties/helpers/PistonProperties.html]
[ci.visualillusionsent.net/job/CanaryLib/javadoc/net/canarymod/hook/world/PistonRetractHook.html]
[ci.visualillusionsent.net/job/CanaryLib/javadoc/net/canarymod/api/world/blocks/properties/helpers/PlanksProperties.html]
[ci.visualillusionsent.net/job/CanaryLib/javadoc/net/canarymod/api/entity/living/humanoid/Player.html]
[ci.visualillusionsent.net/job/CanaryLib/javadoc/net/canarymod/hook/player/PlayerArmSwingHook.html]
[ci.visualillusionsent.net/job/CanaryLib/javadoc/net/canarymod/hook/command/PlayerCommandHook.html]
[ci.visualillusionsent.net/job/CanaryLib/javadoc/net/canarymod/api/inventory/PlayerCraftingMatrix.html]
[ci.visualillusionsent.net/job/CanaryLib/javadoc/net/canarymod/commandsys/commands/playermod/PlayerCreate.html]
[ci.visualillusionsent.net/job/CanaryLib/javadoc/net/canarymod/backbone/PlayerDataAccess.html]
[ci.visualillusionsent.net/job/CanaryLib/javadoc/net/canarymod/hook/player/PlayerDeathHook.html]
[ci.visualillusionsent.net/job/CanaryLib/javadoc/net/canarymod/commandsys/commands/playermod/PlayerGroupAdd.html]
[ci.visualillusionsent.net/job/CanaryLib/javadoc/net/canarymod/commandsys/commands/playermod/PlayerGroupCheck.html]
[ci.visualillusionsent.net/job/CanaryLib/javadoc/net/canarymod/commandsys/commands/playermod/PlayerGroupList.html]
[ci.visualillusionsent.net/job/CanaryLib/javadoc/net/canarymod/commandsys/commands/playermod/PlayerGroupRemove.html]
[ci.visualillusionsent.net/job/CanaryLib/javadoc/net/canarymod/commandsys/commands/playermod/PlayerGroupSet.html]
[ci.visualillusionsent.net/job/CanaryLib/javadoc/net/canarymod/hook/player/PlayerIdleHook.html]
[ci.visualillusionsent.net/job/CanaryLib/javadoc/net/canarymod/commandsys/commands/system/PlayerInfoAddition.html]
[ci.visualillusionsent.net/job/CanaryLib/javadoc/net/canarymod/commandsys/commands/system/PlayerInformation.html]
[ci.visualillusionsent.net/job/CanaryLib/javadoc/net/canarymod/api/inventory/PlayerInventory.html]
[ci.visualillusionsent.net/job/CanaryLib/javadoc/net/canarymod/commandsys/commands/system/PlayerList.html]
[ci.visualillusionsent.net/job/CanaryLib/javadoc/net/canarymod/api/PlayerListAction.html]
[ci.visualillusionsent.net/job/CanaryLib/javadoc/net/canarymod/api/PlayerListData.html]
[ci.visualillusionsent.net/job/CanaryLib/javadoc/net/canarymod/hook/player/PlayerListHook.html]
[ci.visualillusionsent.net/job/CanaryLib/javadoc/net/canarymod/api/PlayerManager.html]
[ci.visualillusionsent.net/job/CanaryLib/javadoc/net/canarymod/commandsys/commands/playermod/PlayermodBase.html]
[ci.visualillusionsent.net/job/CanaryLib/javadoc/net/canarymod/hook/player/PlayerMoveHook.html]
[ci.visualillusionsent.net/job/CanaryLib/javadoc/net/canarymod/commandsys/commands/playermod/PlayerPermissionAdd.html]
[ci.visualillusionsent.net/job/CanaryLib/javadoc/net/canarymod/commandsys/commands/playermod/PlayerPermissionCheck.html]
[ci.visualillusionsent.net/job/CanaryLib/javadoc/net/canarymod/commandsys/commands/playermod/PlayerPermissionList.html]
[ci.visualillusionsent.net/job/CanaryLib/javadoc/net/canarymod/commandsys/commands/playermod/PlayerPermissionRemove.html]
[ci.visualillusionsent.net/job/CanaryLib/javadoc/net/canarymod/commandsys/commands/playermod/PlayerPrefix.html]
[ci.visualillusionsent.net/job/CanaryLib/javadoc/net/canarymod/api/PlayerReference.html]
[ci.visualillusionsent.net/job/CanaryLib/javadoc/net/canarymod/commandsys/commands/playermod/PlayerRemove.html]
[ci.visualillusionsent.net/job/CanaryLib/javadoc/net/canarymod/hook/player/PlayerRespawnedHook.html]
[ci.visualillusionsent.net/job/CanaryLib/javadoc/net/canarymod/hook/player/PlayerRespawningHook.html]
[ci.visualillusionsent.net/job/CanaryLib/javadoc/net/canarymod/commandsys/PlayerSelector.html]
[ci.visualillusionsent.net/job/CanaryLib/javadoc/net/canarymod/commandsys/commands/vanilla/PlaySound.html]
[ci.visualillusionsent.net/job/CanaryLib/javadoc/net/canarymod/plugin/Plugin.html]
[ci.visualillusionsent.net/job/CanaryLib/javadoc/net/canarymod/commandsys/commands/system/PluginCommand.html]
[ci.visualillusionsent.net/job/CanaryLib/javadoc/net/canarymod/exceptions/PluginDependencyException.html]
[ci.visualillusionsent.net/job/CanaryLib/javadoc/net/canarymod/plugin/PluginDescriptor.html]
[ci.visualillusionsent.net/job/CanaryLib/javadoc/net/canarymod/hook/system/PluginDisableHook.html]
[ci.visualillusionsent.net/job/CanaryLib/javadoc/net/canarymod/hook/system/PluginEnableHook.html]
[ci.visualillusionsent.net/job/CanaryLib/javadoc/net/canarymod/plugin/PluginException.html]
[ci.visualillusionsent.net/job/CanaryLib/javadoc/net/canarymod/plugin/PluginLangLoader.html]
[ci.visualillusionsent.net/job/CanaryLib/javadoc/net/canarymod/plugin/PluginLifecycle.html]
[ci.visualillusionsent.net/job/CanaryLib/javadoc/net/canarymod/plugin/lifecycle/PluginLifecycleBase.html]
[ci.visualillusionsent.net/job/CanaryLib/javadoc/net/canarymod/plugin/lifecycle/PluginLifecycleFactory.html]
[ci.visualillusionsent.net/job/CanaryLib/javadoc/net/canarymod/plugin/PluginListener.html]
[ci.visualillusionsent.net/job/CanaryLib/javadoc/net/canarymod/exceptions/PluginLoadFailedException.html]
[ci.visualillusionsent.net/job/CanaryLib/javadoc/net/canarymod/plugin/PluginManager.html]
[ci.visualillusionsent.net/job/CanaryLib/javadoc/net/canarymod/plugin/PluginState.html]
[ci.visualillusionsent.net/job/CanaryLib/javadoc/net/canarymod/hook/world/PortalCreateHook.html]
[ci.visualillusionsent.net/job/CanaryLib/javadoc/net/canarymod/hook/world/PortalDestroyHook.html]
[ci.visualillusionsent.net/job/CanaryLib/javadoc/net/canarymod/api/world/blocks/properties/helpers/PortalProperties.html]
[ci.visualillusionsent.net/job/CanaryLib/javadoc/net/canarymod/hook/player/PortalUseHook.html]
[ci.visualillusionsent.net/job/CanaryLib/javadoc/net/canarymod/api/world/position/Position.html]
[ci.visualillusionsent.net/job/CanaryLib/javadoc/net/canarymod/database/PositionDataAccess.html]
[ci.visualillusionsent.net/job/CanaryLib/javadoc/net/canarymod/api/potion/Potion.html]
[ci.visualillusionsent.net/job/CanaryLib/javadoc/net/canarymod/api/potion/PotionEffect.html]
[ci.visualillusionsent.net/job/CanaryLib/javadoc/net/canarymod/hook/entity/PotionEffectAppliedHook.html]
[ci.visualillusionsent.net/job/CanaryLib/javadoc/net/canarymod/hook/entity/PotionEffectFinishHook.html]
[ci.visualillusionsent.net/job/CanaryLib/javadoc/net/canarymod/api/potion/PotionEffectType.html]
[ci.visualillusionsent.net/job/CanaryLib/javadoc/net/canarymod/api/factory/PotionFactory.html]
[ci.visualillusionsent.net/job/CanaryLib/javadoc/net/canarymod/api/inventory/helper/PotionItemHelper.html]
[ci.visualillusionsent.net/job/CanaryLib/javadoc/net/canarymod/api/potion/PotionType.html]
[ci.visualillusionsent.net/job/CanaryLib/javadoc/net/canarymod/hook/player/PreConnectionHook.html]
[ci.visualillusionsent.net/job/CanaryLib/javadoc/net/canarymod/api/world/blocks/properties/helpers/PressurePlateProperties.html]
[ci.visualillusionsent.net/job/CanaryLib/javadoc/net/canarymod/api/nbt/PrimitiveTag.html]
[ci.visualillusionsent.net/job/CanaryLib/javadoc/net/canarymod/plugin/Priority.html]
[ci.visualillusionsent.net/job/CanaryLib/javadoc/net/canarymod/api/world/blocks/properties/helpers/PrismarineProperties.html]
[ci.visualillusionsent.net/job/CanaryLib/javadoc/net/canarymod/api/world/blocks/properties/helpers/PrismarineProperties.Variant.html]
[ci.visualillusionsent.net/job/CanaryLib/javadoc/net/canarymod/api/entity/Projectile.html]
[ci.visualillusionsent.net/job/CanaryLib/javadoc/net/canarymod/hook/entity/ProjectileHitHook.html]
[ci.visualillusionsent.net/job/CanaryLib/javadoc/net/canarymod/api/world/blocks/properties/helpers/QuartzProperties.html]
[ci.visualillusionsent.net/job/CanaryLib/javadoc/net/canarymod/api/world/blocks/properties/helpers/QuartzProperties.Variant.html]
[ci.visualillusionsent.net/job/CanaryLib/javadoc/net/canarymod/api/entity/living/animal/Rabbit.html]
[ci.visualillusionsent.net/job/CanaryLib/javadoc/net/canarymod/api/world/blocks/properties/helpers/RailPoweredProperties.html]
[ci.visualillusionsent.net/job/CanaryLib/javadoc/net/canarymod/api/world/blocks/properties/helpers/RailProperties.html]
[ci.visualillusionsent.net/job/CanaryLib/javadoc/net/canarymod/api/world/blocks/properties/helpers/RailProperties.Direction.html]
[ci.visualillusionsent.net/job/CanaryLib/javadoc/net/canarymod/api/entity/living/monster/RangedAttackMob.html]
[ci.visualillusionsent.net/job/CanaryLib/javadoc/net/canarymod/api/attributes/RangedAttribute.html]
[ci.visualillusionsent.net/job/CanaryLib/javadoc/net/canarymod/chat/ReceiverType.html]
[ci.visualillusionsent.net/job/CanaryLib/javadoc/net/canarymod/api/inventory/recipes/Recipe.html]
[ci.visualillusionsent.net/job/CanaryLib/javadoc/net/canarymod/api/inventory/recipes/RecipeRow.html]
[ci.visualillusionsent.net/job/CanaryLib/javadoc/net/canarymod/api/world/blocks/properties/helpers/RedSandstoneProperties.html]
[ci.visualillusionsent.net/job/CanaryLib/javadoc/net/canarymod/api/world/blocks/properties/helpers/RedSandstoneProperties.Type.html]
[ci.visualillusionsent.net/job/CanaryLib/javadoc/net/canarymod/hook/world/RedstoneChangeHook.html]
[ci.visualillusionsent.net/job/CanaryLib/javadoc/net/canarymod/api/world/blocks/properties/helpers/RedstoneComparatorProperties.html]
[ci.visualillusionsent.net/job/CanaryLib/javadoc/net/canarymod/api/world/blocks/properties/helpers/RedstoneComparatorProperties.Mode.html]
[ci.visualillusionsent.net/job/CanaryLib/javadoc/net/canarymod/api/world/blocks/properties/helpers/RedstoneRepeaterProperties.html]
[ci.visualillusionsent.net/job/CanaryLib/javadoc/net/canarymod/api/world/blocks/properties/helpers/RedstoneWireProperties.html]
[ci.visualillusionsent.net/job/CanaryLib/javadoc/net/canarymod/api/world/blocks/properties/helpers/RedstoneWireProperties.AttachPosition.html]
[ci.visualillusionsent.net/job/CanaryLib/javadoc/net/canarymod/api/world/blocks/properties/helpers/ReedProperties.html]
[ci.visualillusionsent.net/job/CanaryLib/javadoc/net/canarymod/channels/RegisteredChannelListener.html]
[ci.visualillusionsent.net/job/CanaryLib/javadoc/net/canarymod/plugin/RegisteredPluginListener.html]
[ci.visualillusionsent.net/job/CanaryLib/javadoc/net/canarymod/commandsys/commands/system/ReloadCommand.html]
[ci.visualillusionsent.net/job/CanaryLib/javadoc/net/canarymod/commandsys/commands/vanilla/ReplaceItem.html]
[ci.visualillusionsent.net/job/CanaryLib/javadoc/net/canarymod/commandsys/commands/system/reservelist/ReservelistAdd.html]
[ci.visualillusionsent.net/job/CanaryLib/javadoc/net/canarymod/backbone/ReservelistDataAccess.html]
[ci.visualillusionsent.net/job/CanaryLib/javadoc/net/canarymod/user/ReservelistProvider.html]
[ci.visualillusionsent.net/job/CanaryLib/javadoc/net/canarymod/commandsys/commands/system/reservelist/ReservelistRemove.html]
[ci.visualillusionsent.net/job/CanaryLib/javadoc/net/canarymod/commandsys/commands/system/reservelist/ReservelistShow.html]
[ci.visualillusionsent.net/job/CanaryLib/javadoc/net/canarymod/commandsys/commands/system/RestartServer.html]
[ci.visualillusionsent.net/job/CanaryLib/javadoc/net/canarymod/hook/player/ReturnFromIdleHook.html]
[ci.visualillusionsent.net/job/CanaryLib/javadoc/net/canarymod/api/world/blocks/properties/helpers/RotatedPillarProperties.html]
[ci.visualillusionsent.net/job/CanaryLib/javadoc/net/canarymod/api/world/position/Rotations.html]
[ci.visualillusionsent.net/job/CanaryLib/javadoc/net/canarymod/api/world/blocks/properties/helpers/SandProperties.html]
[ci.visualillusionsent.net/job/CanaryLib/javadoc/net/canarymod/api/world/blocks/properties/helpers/SandProperties.Variant.html]
[ci.visualillusionsent.net/job/CanaryLib/javadoc/net/canarymod/api/world/blocks/properties/helpers/SandstoneProperties.html]
[ci.visualillusionsent.net/job/CanaryLib/javadoc/net/canarymod/api/world/blocks/properties/helpers/SandstoneProperties.Type.html]
[ci.visualillusionsent.net/job/CanaryLib/javadoc/net/canarymod/api/world/blocks/properties/helpers/SaplingProperties.html]
[ci.visualillusionsent.net/job/CanaryLib/javadoc/net/canarymod/commandsys/commands/vanilla/SaveAll.html]
[ci.visualillusionsent.net/job/CanaryLib/javadoc/net/canarymod/commandsys/commands/vanilla/SaveOff.html]
[ci.visualillusionsent.net/job/CanaryLib/javadoc/net/canarymod/commandsys/commands/vanilla/SaveOn.html]
[ci.visualillusionsent.net/job/CanaryLib/javadoc/net/canarymod/api/scoreboard/Score.html]
[ci.visualillusionsent.net/job/CanaryLib/javadoc/net/canarymod/api/scoreboard/Scoreboard.html]
[ci.visualillusionsent.net/job/CanaryLib/javadoc/net/canarymod/commandsys/commands/vanilla/Scoreboard.html]
[ci.visualillusionsent.net/job/CanaryLib/javadoc/net/canarymod/api/scoreboard/ScoreboardManager.html]
[ci.visualillusionsent.net/job/CanaryLib/javadoc/net/canarymod/api/scoreboard/ScoreDummyCriteria.html]
[ci.visualillusionsent.net/job/CanaryLib/javadoc/net/canarymod/api/scoreboard/ScoreHealthCriteria.html]
[ci.visualillusionsent.net/job/CanaryLib/javadoc/net/canarymod/api/scoreboard/ScoreObjective.html]
[ci.visualillusionsent.net/job/CanaryLib/javadoc/net/canarymod/api/scoreboard/ScoreObjectiveCriteria.html]
[ci.visualillusionsent.net/job/CanaryLib/javadoc/net/canarymod/api/scoreboard/ScorePosition.html]
[ci.visualillusionsent.net/job/CanaryLib/javadoc/net/canarymod/api/inventory/slot/SecondarySlotType.html]
[ci.visualillusionsent.net/job/CanaryLib/javadoc/net/canarymod/serialize/Serializer.html]
[ci.visualillusionsent.net/job/CanaryLib/javadoc/net/canarymod/api/Server.html]
[ci.visualillusionsent.net/job/CanaryLib/javadoc/net/canarymod/config/ServerConfiguration.html]
[ci.visualillusionsent.net/job/CanaryLib/javadoc/net/canarymod/hook/system/ServerGuiStartHook.html]
[ci.visualillusionsent.net/job/CanaryLib/javadoc/net/canarymod/hook/system/ServerListPingHook.html]
[ci.visualillusionsent.net/job/CanaryLib/javadoc/net/canarymod/hook/system/ServerShutdownHook.html]
[ci.visualillusionsent.net/job/CanaryLib/javadoc/net/canarymod/tasks/ServerTask.html]
[ci.visualillusionsent.net/job/CanaryLib/javadoc/net/canarymod/tasks/ServerTaskManager.html]
[ci.visualillusionsent.net/job/CanaryLib/javadoc/net/canarymod/hook/system/ServerTickHook.html]
[ci.visualillusionsent.net/job/CanaryLib/javadoc/net/canarymod/commandsys/commands/vanilla/SetBlock.html]
[ci.visualillusionsent.net/job/CanaryLib/javadoc/net/canarymod/commandsys/commands/warp/SetHome.html]
[ci.visualillusionsent.net/job/CanaryLib/javadoc/net/canarymod/api/inventory/recipes/ShapedRecipe.html]
[ci.visualillusionsent.net/job/CanaryLib/javadoc/net/canarymod/api/inventory/recipes/ShapelessRecipe.html]
[ci.visualillusionsent.net/job/CanaryLib/javadoc/net/canarymod/api/entity/living/animal/Sheep.html]
[ci.visualillusionsent.net/job/CanaryLib/javadoc/net/canarymod/api/nbt/ShortTag.html]
[ci.visualillusionsent.net/job/CanaryLib/javadoc/net/canarymod/api/world/blocks/Sign.html]
[ci.visualillusionsent.net/job/CanaryLib/javadoc/net/canarymod/hook/player/SignChangeHook.html]
[ci.visualillusionsent.net/job/CanaryLib/javadoc/net/canarymod/hook/player/SignShowHook.html]
[ci.visualillusionsent.net/job/CanaryLib/javadoc/net/canarymod/api/entity/living/monster/Silverfish.html]
[ci.visualillusionsent.net/job/CanaryLib/javadoc/net/canarymod/api/world/blocks/properties/helpers/SilverfishProperties.html]
[ci.visualillusionsent.net/job/CanaryLib/javadoc/net/canarymod/api/world/blocks/properties/helpers/SilverfishProperties.Variant.html]
[ci.visualillusionsent.net/job/CanaryLib/javadoc/net/canarymod/api/entity/living/monster/Skeleton.html]
[ci.visualillusionsent.net/job/CanaryLib/javadoc/net/canarymod/api/world/blocks/Skull.html]
[ci.visualillusionsent.net/job/CanaryLib/javadoc/net/canarymod/api/inventory/helper/SkullHelper.html]
[ci.visualillusionsent.net/job/CanaryLib/javadoc/net/canarymod/api/inventory/helper/SkullHelper.SkullType.html]
[ci.visualillusionsent.net/job/CanaryLib/javadoc/net/canarymod/api/world/blocks/properties/helpers/SkullProperties.html]
[ci.visualillusionsent.net/job/CanaryLib/javadoc/net/canarymod/api/world/blocks/properties/helpers/SlabProperties.html]
[ci.visualillusionsent.net/job/CanaryLib/javadoc/net/canarymod/api/world/blocks/properties/helpers/SlabProperties.Half.html]
[ci.visualillusionsent.net/job/CanaryLib/javadoc/net/canarymod/api/entity/living/monster/Slime.html]
[ci.visualillusionsent.net/job/CanaryLib/javadoc/net/canarymod/api/entity/living/monster/Slime.Size.html]
[ci.visualillusionsent.net/job/CanaryLib/javadoc/net/canarymod/hook/entity/SlimeSplitHook.html]
[ci.visualillusionsent.net/job/CanaryLib/javadoc/net/canarymod/hook/player/SlotClickHook.html]
[ci.visualillusionsent.net/job/CanaryLib/javadoc/net/canarymod/api/inventory/slot/SlotType.html]
[ci.visualillusionsent.net/job/CanaryLib/javadoc/net/canarymod/api/entity/SmallFireball.html]
[ci.visualillusionsent.net/job/CanaryLib/javadoc/net/canarymod/hook/world/SmeltBeginHook.html]
[ci.visualillusionsent.net/job/CanaryLib/javadoc/net/canarymod/hook/world/SmeltHook.html]
[ci.visualillusionsent.net/job/CanaryLib/javadoc/net/canarymod/api/inventory/recipes/SmeltRecipe.html]
[ci.visualillusionsent.net/job/CanaryLib/javadoc/net/canarymod/api/entity/throwable/Snowball.html]
[ci.visualillusionsent.net/job/CanaryLib/javadoc/net/canarymod/api/entity/living/Snowman.html]
[ci.visualillusionsent.net/job/CanaryLib/javadoc/net/canarymod/api/world/blocks/properties/helpers/SnowProperties.html]
[ci.visualillusionsent.net/job/CanaryLib/javadoc/net/canarymod/api/world/effects/SoundEffect.html]
[ci.visualillusionsent.net/job/CanaryLib/javadoc/net/canarymod/api/world/effects/SoundEffect.Type.html]
[ci.visualillusionsent.net/job/CanaryLib/javadoc/net/canarymod/commandsys/commands/warp/SpawnCommand.html]
[ci.visualillusionsent.net/job/CanaryLib/javadoc/net/canarymod/commandsys/commands/vanilla/SpawnPoint.html]
[ci.visualillusionsent.net/job/CanaryLib/javadoc/net/canarymod/api/entity/living/monster/Spider.html]
[ci.visualillusionsent.net/job/CanaryLib/javadoc/net/canarymod/api/world/blocks/properties/helpers/SpongeProperties.html]
[ci.visualillusionsent.net/job/CanaryLib/javadoc/net/canarymod/commandsys/commands/vanilla/SpreadPlayers.html]
[ci.visualillusionsent.net/job/CanaryLib/javadoc/net/canarymod/database/sqlite/SQLiteDatabase.html]
[ci.visualillusionsent.net/job/CanaryLib/javadoc/net/canarymod/database/SQLType.html]
[ci.visualillusionsent.net/job/CanaryLib/javadoc/net/canarymod/api/entity/living/animal/Squid.html]
[ci.visualillusionsent.net/job/CanaryLib/javadoc/net/canarymod/api/world/blocks/properties/helpers/StainedGlassPaneProperties.html]
[ci.visualillusionsent.net/job/CanaryLib/javadoc/net/canarymod/api/world/blocks/properties/helpers/StainedGlassProperties.html]
[ci.visualillusionsent.net/job/CanaryLib/javadoc/net/canarymod/api/world/blocks/properties/helpers/StairsProperties.html]
[ci.visualillusionsent.net/job/CanaryLib/javadoc/net/canarymod/api/world/blocks/properties/helpers/StairsProperties.Half.html]
[ci.visualillusionsent.net/job/CanaryLib/javadoc/net/canarymod/api/world/blocks/properties/helpers/StairsProperties.Shape.html]
[ci.visualillusionsent.net/job/CanaryLib/javadoc/net/canarymod/api/world/blocks/properties/helpers/StandingSignProperties.html]
[ci.visualillusionsent.net/job/CanaryLib/javadoc/net/canarymod/api/statistics/Stat.html]
[ci.visualillusionsent.net/job/CanaryLib/javadoc/net/canarymod/hook/player/StatGainedHook.html]
[ci.visualillusionsent.net/job/CanaryLib/javadoc/net/canarymod/api/statistics/Statistics.html]
[ci.visualillusionsent.net/job/CanaryLib/javadoc/net/canarymod/api/factory/StatisticsFactory.html]
[ci.visualillusionsent.net/job/CanaryLib/javadoc/net/canarymod/commandsys/commands/vanilla/Stats.html]
[ci.visualillusionsent.net/job/CanaryLib/javadoc/net/canarymod/api/world/blocks/properties/helpers/StemProperties.html]
[ci.visualillusionsent.net/job/CanaryLib/javadoc/net/canarymod/api/world/blocks/properties/helpers/StoneBrickProperties.html]
[ci.visualillusionsent.net/job/CanaryLib/javadoc/net/canarymod/api/world/blocks/properties/helpers/StoneBrickProperties.Variant.html]
[ci.visualillusionsent.net/job/CanaryLib/javadoc/net/canarymod/api/world/blocks/properties/helpers/StoneProperties.html]
[ci.visualillusionsent.net/job/CanaryLib/javadoc/net/canarymod/api/world/blocks/properties/helpers/StoneProperties.Variant.html]
[ci.visualillusionsent.net/job/CanaryLib/javadoc/net/canarymod/api/world/blocks/properties/helpers/StoneSlabNewProperties.html]
[ci.visualillusionsent.net/job/CanaryLib/javadoc/net/canarymod/api/world/blocks/properties/helpers/StoneSlabNewProperties.Variant.html]
[ci.visualillusionsent.net/job/CanaryLib/javadoc/net/canarymod/api/world/blocks/properties/helpers/StoneSlabProperties.html]
[ci.visualillusionsent.net/job/CanaryLib/javadoc/net/canarymod/api/world/blocks/properties/helpers/StoneSlabProperties.Variant.html]
[ci.visualillusionsent.net/job/CanaryLib/javadoc/net/canarymod/commandsys/commands/system/StopServer.html]
[ci.visualillusionsent.net/job/CanaryLib/javadoc/net/canarymod/api/nbt/StringTag.html]
[ci.visualillusionsent.net/job/CanaryLib/javadoc/net/canarymod/commandsys/commands/vanilla/Summon.html]
[ci.visualillusionsent.net/job/CanaryLib/javadoc/net/canarymod/commandsys/commands/system/informational/SystemInformation.html]
[ci.visualillusionsent.net/job/CanaryLib/javadoc/net/canarymod/commandsys/TabComplete.html]
[ci.visualillusionsent.net/job/CanaryLib/javadoc/net/canarymod/commandsys/TabCompleteDispatch.html]
[ci.visualillusionsent.net/job/CanaryLib/javadoc/net/canarymod/commandsys/TabCompleteException.html]
[ci.visualillusionsent.net/job/CanaryLib/javadoc/net/canarymod/commandsys/TabCompleteHelper.html]
[ci.visualillusionsent.net/job/CanaryLib/javadoc/net/canarymod/api/world/blocks/properties/helpers/TallGrassProperties.html]
[ci.visualillusionsent.net/job/CanaryLib/javadoc/net/canarymod/api/world/blocks/properties/helpers/TallGrassProperties.Variant.html]
[ci.visualillusionsent.net/job/CanaryLib/javadoc/net/canarymod/api/entity/living/animal/Tameable.html]
[ci.visualillusionsent.net/job/CanaryLib/javadoc/net/canarymod/tasks/TaskOwner.html]
[ci.visualillusionsent.net/job/CanaryLib/javadoc/net/canarymod/api/scoreboard/Team.html]
[ci.visualillusionsent.net/job/CanaryLib/javadoc/net/canarymod/commandsys/commands/vanilla/Teleport.html]
[ci.visualillusionsent.net/job/CanaryLib/javadoc/net/canarymod/hook/player/TeleportHook.html]
[ci.visualillusionsent.net/job/CanaryLib/javadoc/net/canarymod/hook/player/TeleportHook.TeleportCause.html]
[ci.visualillusionsent.net/job/CanaryLib/javadoc/net/canarymod/commandsys/commands/vanilla/TestFor.html]
[ci.visualillusionsent.net/job/CanaryLib/javadoc/net/canarymod/commandsys/commands/vanilla/TestForBlock.html]
[ci.visualillusionsent.net/job/CanaryLib/javadoc/net/canarymod/commandsys/commands/vanilla/TestForBlocks.html]
[ci.visualillusionsent.net/job/CanaryLib/javadoc/net/canarymod/chat/TextFormat.html]
[ci.visualillusionsent.net/job/CanaryLib/javadoc/net/canarymod/api/world/blocks/TileEntity.html]
[ci.visualillusionsent.net/job/CanaryLib/javadoc/net/canarymod/commandsys/commands/vanilla/Time.html]
[ci.visualillusionsent.net/job/CanaryLib/javadoc/net/canarymod/hook/world/TimeChangeHook.html]
[ci.visualillusionsent.net/job/CanaryLib/javadoc/net/canarymod/commandsys/commands/vanilla/Title.html]
[ci.visualillusionsent.net/job/CanaryLib/javadoc/net/canarymod/hook/world/TNTActivateHook.html]
[ci.visualillusionsent.net/job/CanaryLib/javadoc/net/canarymod/hook/world/TNTActivateHook.ActivationCause.html]
[ci.visualillusionsent.net/job/CanaryLib/javadoc/net/canarymod/api/entity/vehicle/TNTMinecart.html]
[ci.visualillusionsent.net/job/CanaryLib/javadoc/net/canarymod/api/entity/TNTPrimed.html]
[ci.visualillusionsent.net/job/CanaryLib/javadoc/net/canarymod/api/world/blocks/properties/helpers/TNTProperties.html]
[ci.visualillusionsent.net/job/CanaryLib/javadoc/net/canarymod/commandsys/commands/vanilla/ToggleDownfall.html]
[ci.visualillusionsent.net/job/CanaryLib/javadoc/net/canarymod/ToolBox.html]
[ci.visualillusionsent.net/job/CanaryLib/javadoc/net/canarymod/hook/player/ToolBrokenHook.html]
[ci.visualillusionsent.net/job/CanaryLib/javadoc/net/canarymod/api/world/blocks/properties/helpers/TorchProperties.html]
[ci.visualillusionsent.net/job/CanaryLib/javadoc/net/canarymod/Translator.html]
[ci.visualillusionsent.net/job/CanaryLib/javadoc/net/canarymod/api/world/blocks/properties/helpers/TrapDoorProperties.html]
[ci.visualillusionsent.net/job/CanaryLib/javadoc/net/canarymod/api/world/blocks/properties/helpers/TrapDoorProperties.Half.html]
[ci.visualillusionsent.net/job/CanaryLib/javadoc/net/canarymod/hook/world/TreeGrowHook.html]
[ci.visualillusionsent.net/job/CanaryLib/javadoc/net/canarymod/api/world/TreeType.html]
[ci.visualillusionsent.net/job/CanaryLib/javadoc/net/canarymod/commandsys/commands/vanilla/Trigger.html]
[ci.visualillusionsent.net/job/CanaryLib/javadoc/net/canarymod/api/world/blocks/properties/helpers/TripwireHookProperties.html]
[ci.visualillusionsent.net/job/CanaryLib/javadoc/net/canarymod/api/world/blocks/properties/helpers/TripwireProperties.html]
[ci.visualillusionsent.net/job/CanaryLib/javadoc/net/canarymod/commandsys/commands/system/bans/UnbanCommand.html]
[ci.visualillusionsent.net/job/CanaryLib/javadoc/net/canarymod/api/world/UnknownWorldException.html]
[ci.visualillusionsent.net/job/CanaryLib/javadoc/net/canarymod/commandsys/commands/world/UnloadWorldCommand.html]
[ci.visualillusionsent.net/job/CanaryLib/javadoc/net/canarymod/hook/system/UnloadWorldHook.html]
[ci.visualillusionsent.net/job/CanaryLib/javadoc/net/canarymod/api/entity/living/humanoid/npc/ai/Update.html]
[ci.visualillusionsent.net/job/CanaryLib/javadoc/net/canarymod/commandsys/commands/system/informational/Uptime.html]
[ci.visualillusionsent.net/job/CanaryLib/javadoc/net/canarymod/user/UserAndGroupsProvider.html]
[ci.visualillusionsent.net/job/CanaryLib/javadoc/net/canarymod/api/world/blocks/VanillaBlock.html]
[ci.visualillusionsent.net/job/CanaryLib/javadoc/net/canarymod/api/world/position/Vector3D.html]
[ci.visualillusionsent.net/job/CanaryLib/javadoc/net/canarymod/api/entity/vehicle/Vehicle.html]
[ci.visualillusionsent.net/job/CanaryLib/javadoc/net/canarymod/hook/entity/VehicleCollisionHook.html]
[ci.visualillusionsent.net/job/CanaryLib/javadoc/net/canarymod/hook/entity/VehicleDamageHook.html]
[ci.visualillusionsent.net/job/CanaryLib/javadoc/net/canarymod/hook/entity/VehicleDestroyHook.html]
[ci.visualillusionsent.net/job/CanaryLib/javadoc/net/canarymod/hook/entity/VehicleEnterHook.html]
[ci.visualillusionsent.net/job/CanaryLib/javadoc/net/canarymod/hook/entity/VehicleExitHook.html]
[ci.visualillusionsent.net/job/CanaryLib/javadoc/net/canarymod/hook/entity/VehicleMoveHook.html]
[ci.visualillusionsent.net/job/CanaryLib/javadoc/net/canarymod/api/world/Village.html]
[ci.visualillusionsent.net/job/CanaryLib/javadoc/net/canarymod/api/entity/living/humanoid/Villager.html]
[ci.visualillusionsent.net/job/CanaryLib/javadoc/net/canarymod/api/entity/living/humanoid/Villager.Profession.html]
[ci.visualillusionsent.net/job/CanaryLib/javadoc/net/canarymod/api/inventory/VillagerInventory.html]
[ci.visualillusionsent.net/job/CanaryLib/javadoc/net/canarymod/api/VillagerTrade.html]
[ci.visualillusionsent.net/job/CanaryLib/javadoc/net/canarymod/hook/player/VillagerTradeHook.html]
[ci.visualillusionsent.net/job/CanaryLib/javadoc/net/canarymod/hook/entity/VillagerTradeUnlockHook.html]
[ci.visualillusionsent.net/job/CanaryLib/javadoc/net/canarymod/api/world/blocks/properties/helpers/VineProperties.html]
[ci.visualillusionsent.net/job/CanaryLib/javadoc/net/canarymod/api/world/blocks/properties/helpers/WallProperties.html]
[ci.visualillusionsent.net/job/CanaryLib/javadoc/net/canarymod/api/world/blocks/properties/helpers/WallProperties.Variant.html]
[ci.visualillusionsent.net/job/CanaryLib/javadoc/net/canarymod/api/world/blocks/properties/helpers/WallSignProperties.html]
[ci.visualillusionsent.net/job/CanaryLib/javadoc/net/canarymod/warp/Warp.html]
[ci.visualillusionsent.net/job/CanaryLib/javadoc/net/canarymod/backbone/WarpDataAccess.html]
[ci.visualillusionsent.net/job/CanaryLib/javadoc/net/canarymod/commandsys/commands/warp/WarpList.html]
[ci.visualillusionsent.net/job/CanaryLib/javadoc/net/canarymod/warp/WarpProvider.html]
[ci.visualillusionsent.net/job/CanaryLib/javadoc/net/canarymod/commandsys/commands/warp/WarpRemove.html]
[ci.visualillusionsent.net/job/CanaryLib/javadoc/net/canarymod/commandsys/commands/warp/WarpSet.html]
[ci.visualillusionsent.net/job/CanaryLib/javadoc/net/canarymod/commandsys/commands/warp/WarpUse.html]
[ci.visualillusionsent.net/job/CanaryLib/javadoc/net/canarymod/commandsys/commands/vanilla/Weather.html]
[ci.visualillusionsent.net/job/CanaryLib/javadoc/net/canarymod/hook/world/WeatherChangeHook.html]
[ci.visualillusionsent.net/job/CanaryLib/javadoc/net/canarymod/api/entity/effect/WeatherEffect.html]
[ci.visualillusionsent.net/job/CanaryLib/javadoc/net/canarymod/api/world/blocks/properties/helpers/WeightedPressurePlateProperties.html]
[ci.visualillusionsent.net/job/CanaryLib/javadoc/net/canarymod/commandsys/commands/system/whitelist/WhitelistAdd.html]
[ci.visualillusionsent.net/job/CanaryLib/javadoc/net/canarymod/backbone/WhitelistDataAccess.html]
[ci.visualillusionsent.net/job/CanaryLib/javadoc/net/canarymod/commandsys/commands/system/whitelist/WhitelistDisable.html]
[ci.visualillusionsent.net/job/CanaryLib/javadoc/net/canarymod/commandsys/commands/system/whitelist/WhitelistEnable.html]
[ci.visualillusionsent.net/job/CanaryLib/javadoc/net/canarymod/user/WhitelistProvider.html]
[ci.visualillusionsent.net/job/CanaryLib/javadoc/net/canarymod/commandsys/commands/system/whitelist/WhitelistReload.html]
[ci.visualillusionsent.net/job/CanaryLib/javadoc/net/canarymod/commandsys/commands/system/whitelist/WhitelistRemove.html]
[ci.visualillusionsent.net/job/CanaryLib/javadoc/net/canarymod/commandsys/commands/system/whitelist/WhitelistShow.html]
[ci.visualillusionsent.net/job/CanaryLib/javadoc/net/canarymod/api/entity/living/monster/Witch.html]
[ci.visualillusionsent.net/job/CanaryLib/javadoc/net/canarymod/api/entity/living/monster/Wither.html]
[ci.visualillusionsent.net/job/CanaryLib/javadoc/net/canarymod/api/entity/WitherSkull.html]
[ci.visualillusionsent.net/job/CanaryLib/javadoc/net/canarymod/api/entity/living/animal/Wolf.html]
[ci.visualillusionsent.net/job/CanaryLib/javadoc/net/canarymod/api/world/blocks/properties/helpers/WoodProperties.html]
[ci.visualillusionsent.net/job/CanaryLib/javadoc/net/canarymod/api/world/blocks/properties/helpers/WoodProperties.Variant.html]
[ci.visualillusionsent.net/job/CanaryLib/javadoc/net/canarymod/api/world/blocks/properties/helpers/WoodSlabProperties.html]
[ci.visualillusionsent.net/job/CanaryLib/javadoc/net/canarymod/api/world/blocks/Workbench.html]
[ci.visualillusionsent.net/job/CanaryLib/javadoc/net/canarymod/api/world/World.html]
[ci.visualillusionsent.net/job/CanaryLib/javadoc/net/canarymod/api/world/World.Difficulty.html]
[ci.visualillusionsent.net/job/CanaryLib/javadoc/net/canarymod/commandsys/commands/vanilla/WorldBorder.html]
[ci.visualillusionsent.net/job/CanaryLib/javadoc/net/canarymod/config/WorldConfiguration.html]
[ci.visualillusionsent.net/job/CanaryLib/javadoc/net/canarymod/commandsys/commands/world/WorldInfoCommand.html]
[ci.visualillusionsent.net/job/CanaryLib/javadoc/net/canarymod/api/world/WorldManager.html]
[ci.visualillusionsent.net/job/CanaryLib/javadoc/net/canarymod/api/world/WorldType.html]
[ci.visualillusionsent.net/job/CanaryLib/javadoc/net/canarymod/database/xml/XmlDatabase.html]
[ci.visualillusionsent.net/job/CanaryLib/javadoc/net/canarymod/commandsys/commands/vanilla/XP.html]
[ci.visualillusionsent.net/job/CanaryLib/javadoc/net/canarymod/api/entity/throwable/XPBottle.html]
[ci.visualillusionsent.net/job/CanaryLib/javadoc/net/canarymod/api/entity/XPOrb.html]
[ci.visualillusionsent.net/job/CanaryLib/javadoc/net/canarymod/api/entity/living/monster/Zombie.html]
[ci.visualillusionsent.net/job/CanaryLib/javadoc/net/canarymod/api/attributes/ZombieAttribute.html]
[ci.visualillusionsent.net/job/CanaryLib/javadoc/allclasses-frame.html]
[ci.visualillusionsent.net/job/CanaryLib/javadoc/overview-tree.html]
[ci.visualillusionsent.net/job/CanaryLib/javadoc/deprecated-list.html]
[ci.visualillusionsent.net/job/CanaryLib/javadoc/help-doc.html]
[ci.visualillusionsent.net/job/CanaryLib/javadoc/allclasses-noframe.html]
[ci.visualillusionsent.net/job/CanaryLib/javadoc/net/canarymod/package-summary.html]
[ci.visualillusionsent.net/job/CanaryLib/javadoc/net/canarymod/api/package-summary.html]
[ci.visualillusionsent.net/job/CanaryLib/javadoc/net/canarymod/api/ai/package-summary.html]
[ci.visualillusionsent.net/job/CanaryLib/javadoc/net/canarymod/api/attributes/package-summary.html]
[ci.visualillusionsent.net/job/CanaryLib/javadoc/net/canarymod/api/chat/package-summary.html]
[ci.visualillusionsent.net/job/CanaryLib/javadoc/net/canarymod/api/entity/package-summary.html]
[ci.visualillusionsent.net/job/CanaryLib/javadoc/net/canarymod/api/entity/effect/package-summary.html]
[ci.visualillusionsent.net/job/CanaryLib/javadoc/index-all.html]
[ci.visualillusionsent.net/job/CanaryLib/javadoc/net/canarymod/api/entity/hanging/package-summary.html]
[ci.visualillusionsent.net/job/CanaryLib/javadoc/net/canarymod/api/entity/living/package-summary.html]
[ci.visualillusionsent.net/job/CanaryLib/javadoc/net/canarymod/api/entity/living/animal/package-summary.html]
[ci.visualillusionsent.net/job/CanaryLib/javadoc/net/canarymod/api/entity/living/humanoid/package-summary.html]
[ci.visualillusionsent.net/job/CanaryLib/javadoc/net/canarymod/api/entity/living/humanoid/npc/package-summary.html]
[ci.visualillusionsent.net/job/CanaryLib/javadoc/net/canarymod/api/entity/living/humanoid/npc/ai/package-summary.html]
[ci.visualillusionsent.net/job/CanaryLib/javadoc/net/canarymod/api/entity/living/monster/package-summary.html]
[ci.visualillusionsent.net/job/CanaryLib/javadoc/net/canarymod/api/entity/throwable/package-summary.html]
[ci.visualillusionsent.net/job/CanaryLib/javadoc/net/canarymod/api/entity/vehicle/package-summary.html]
[ci.visualillusionsent.net/job/CanaryLib/javadoc/net/canarymod/api/factory/package-summary.html]
[ci.visualillusionsent.net/job/CanaryLib/javadoc/net/canarymod/api/gui/package-summary.html]
[ci.visualillusionsent.net/job/CanaryLib/javadoc/net/canarymod/api/inventory/package-summary.html]
[ci.visualillusionsent.net/job/CanaryLib/javadoc/net/canarymod/api/inventory/helper/package-summary.html]
[ci.visualillusionsent.net/job/CanaryLib/javadoc/net/canarymod/api/inventory/recipes/package-summary.html]
[ci.visualillusionsent.net/job/CanaryLib/javadoc/net/canarymod/api/inventory/slot/package-summary.html]
[ci.visualillusionsent.net/job/CanaryLib/javadoc/net/canarymod/api/nbt/package-summary.html]
[ci.visualillusionsent.net/job/CanaryLib/javadoc/net/canarymod/api/packet/package-summary.html]
[ci.visualillusionsent.net/job/CanaryLib/javadoc/net/canarymod/api/potion/package-summary.html]
[ci.visualillusionsent.net/job/CanaryLib/javadoc/net/canarymod/api/scoreboard/package-summary.html]
[ci.visualillusionsent.net/job/CanaryLib/javadoc/net/canarymod/api/statistics/package-summary.html]
[ci.visualillusionsent.net/job/CanaryLib/javadoc/net/canarymod/api/world/package-summary.html]
[ci.visualillusionsent.net/job/CanaryLib/javadoc/net/canarymod/api/world/blocks/package-summary.html]
[ci.visualillusionsent.net/job/CanaryLib/javadoc/net/canarymod/api/world/blocks/properties/package-summary.html]
[ci.visualillusionsent.net/job/CanaryLib/javadoc/net/canarymod/api/world/blocks/properties/helpers/package-summary.html]
[ci.visualillusionsent.net/job/CanaryLib/javadoc/net/canarymod/api/world/effects/package-summary.html]
[ci.visualillusionsent.net/job/CanaryLib/javadoc/net/canarymod/api/world/position/package-summary.html]
[ci.visualillusionsent.net/job/CanaryLib/javadoc/net/canarymod/backbone/package-summary.html]
[ci.visualillusionsent.net/job/CanaryLib/javadoc/net/canarymod/bansystem/package-summary.html]
[ci.visualillusionsent.net/job/CanaryLib/javadoc/net/canarymod/channels/package-summary.html]
[ci.visualillusionsent.net/job/CanaryLib/javadoc/net/canarymod/chat/package-summary.html]
[ci.visualillusionsent.net/job/CanaryLib/javadoc/net/canarymod/commandsys/package-summary.html]
[ci.visualillusionsent.net/job/CanaryLib/javadoc/net/canarymod/commandsys/commands/groupmod/package-summary.html]
[ci.visualillusionsent.net/job/CanaryLib/javadoc/net/canarymod/commandsys/commands/player/package-summary.html]
[ci.visualillusionsent.net/job/CanaryLib/javadoc/net/canarymod/commandsys/commands/playermod/package-summary.html]
[ci.visualillusionsent.net/job/CanaryLib/javadoc/net/canarymod/commandsys/commands/system/package-summary.html]
[ci.visualillusionsent.net/job/CanaryLib/javadoc/net/canarymod/commandsys/commands/system/bans/package-summary.html]
[ci.visualillusionsent.net/job/CanaryLib/javadoc/net/canarymod/commandsys/commands/system/informational/package-summary.html]
[ci.visualillusionsent.net/job/CanaryLib/javadoc/net/canarymod/commandsys/commands/system/kits/package-summary.html]
[ci.visualillusionsent.net/job/CanaryLib/javadoc/net/canarymod/commandsys/commands/system/operator/package-summary.html]
[ci.visualillusionsent.net/job/CanaryLib/javadoc/net/canarymod/commandsys/commands/system/reservelist/package-summary.html]
[ci.visualillusionsent.net/job/CanaryLib/javadoc/net/canarymod/commandsys/commands/system/whitelist/package-summary.html]
[ci.visualillusionsent.net/job/CanaryLib/javadoc/net/canarymod/commandsys/commands/vanilla/package-summary.html]
[ci.visualillusionsent.net/job/CanaryLib/javadoc/net/canarymod/commandsys/commands/warp/package-summary.html]
[ci.visualillusionsent.net/job/CanaryLib/javadoc/net/canarymod/commandsys/commands/world/package-summary.html]
[ci.visualillusionsent.net/job/CanaryLib/javadoc/net/canarymod/config/package-summary.html]
[ci.visualillusionsent.net/job/CanaryLib/javadoc/net/canarymod/converter/package-summary.html]
[ci.visualillusionsent.net/job/CanaryLib/javadoc/net/canarymod/database/package-summary.html]
[ci.visualillusionsent.net/job/CanaryLib/javadoc/net/canarymod/database/exceptions/package-summary.html]
[ci.visualillusionsent.net/job/CanaryLib/javadoc/net/canarymod/database/mysql/package-summary.html]
[ci.visualillusionsent.net/job/CanaryLib/javadoc/net/canarymod/database/sqlite/package-summary.html]
[ci.visualillusionsent.net/job/CanaryLib/javadoc/net/canarymod/database/xml/package-summary.html]
[ci.visualillusionsent.net/job/CanaryLib/javadoc/net/canarymod/exceptions/package-summary.html]
[ci.visualillusionsent.net/job/CanaryLib/javadoc/net/canarymod/help/package-summary.html]
[ci.visualillusionsent.net/job/CanaryLib/javadoc/net/canarymod/hook/package-summary.html]
[ci.visualillusionsent.net/job/CanaryLib/javadoc/net/canarymod/hook/command/package-summary.html]
[ci.visualillusionsent.net/job/CanaryLib/javadoc/net/canarymod/hook/entity/package-summary.html]
[ci.visualillusionsent.net/job/CanaryLib/javadoc/net/canarymod/hook/player/package-summary.html]
[ci.visualillusionsent.net/job/CanaryLib/javadoc/net/canarymod/hook/system/package-summary.html]
[ci.visualillusionsent.net/job/CanaryLib/javadoc/net/canarymod/hook/world/package-summary.html]
[ci.visualillusionsent.net/job/CanaryLib/javadoc/net/canarymod/kit/package-summary.html]
[ci.visualillusionsent.net/job/CanaryLib/javadoc/net/canarymod/logger/package-summary.html]
[ci.visualillusionsent.net/job/CanaryLib/javadoc/net/canarymod/metrics/package-summary.html]
[ci.visualillusionsent.net/job/CanaryLib/javadoc/net/canarymod/motd/package-summary.html]
[ci.visualillusionsent.net/job/CanaryLib/javadoc/net/canarymod/permissionsystem/package-summary.html]
[ci.visualillusionsent.net/job/CanaryLib/javadoc/net/canarymod/plugin/package-summary.html]
[ci.visualillusionsent.net/job/CanaryLib/javadoc/net/canarymod/plugin/dependencies/package-summary.html]
[ci.visualillusionsent.net/job/CanaryLib/javadoc/net/canarymod/plugin/lifecycle/package-summary.html]
[ci.visualillusionsent.net/job/CanaryLib/javadoc/net/canarymod/serialize/package-summary.html]
[ci.visualillusionsent.net/job/CanaryLib/javadoc/net/canarymod/tasks/package-summary.html]
[ci.visualillusionsent.net/job/CanaryLib/javadoc/net/canarymod/user/package-summary.html]
[ci.visualillusionsent.net/job/CanaryLib/javadoc/net/canarymod/util/package-summary.html]
[ci.visualillusionsent.net/job/CanaryLib/javadoc/net/canarymod/warp/package-summary.html]
[ci.visualillusionsent.net/job/CanaryLib/javadoc/overview-summary.html]
[ci.visualillusionsent.net/job/CanaryLib/javadoc/resources/titlebar.gif]
[ci.visualillusionsent.net/job/CanaryLib/javadoc/resources/background.gif]
[ci.visualillusionsent.net/job/CanaryLib/javadoc/resources/tab.gif]
[ci.visualillusionsent.net/job/CanaryLib/javadoc/resources/titlebar_end.gif]
[ci.visualillusionsent.net/job/CanaryLib/javadoc/stylesheet.css]
[ci.visualillusionsent.net/job/CanaryLib/javadoc/net/canarymod/package-frame.html]
[ci.visualillusionsent.net/job/CanaryLib/javadoc/net/canarymod/api/package-frame.html]
[ci.visualillusionsent.net/job/CanaryLib/javadoc/net/canarymod/api/ai/package-frame.html]
[ci.visualillusionsent.net/job/CanaryLib/javadoc/net/canarymod/api/attributes/package-frame.html]
[ci.visualillusionsent.net/job/CanaryLib/javadoc/net/canarymod/api/chat/package-frame.html]
[ci.visualillusionsent.net/job/CanaryLib/javadoc/net/canarymod/api/entity/package-frame.html]
[ci.visualillusionsent.net/job/CanaryLib/javadoc/net/canarymod/api/entity/effect/package-frame.html]
[ci.visualillusionsent.net/job/CanaryLib/javadoc/net/canarymod/api/entity/hanging/package-frame.html]
[ci.visualillusionsent.net/job/CanaryLib/javadoc/net/canarymod/api/entity/living/package-frame.html]
[ci.visualillusionsent.net/job/CanaryLib/javadoc/net/canarymod/api/entity/living/animal/package-frame.html]
[ci.visualillusionsent.net/job/CanaryLib/javadoc/net/canarymod/api/entity/living/humanoid/package-frame.html]
[ci.visualillusionsent.net/job/CanaryLib/javadoc/net/canarymod/api/entity/living/humanoid/npc/package-frame.html]
[ci.visualillusionsent.net/job/CanaryLib/javadoc/net/canarymod/api/entity/living/humanoid/npc/ai/package-frame.html]
[ci.visualillusionsent.net/job/CanaryLib/javadoc/net/canarymod/api/entity/living/monster/package-frame.html]
[ci.visualillusionsent.net/job/CanaryLib/javadoc/net/canarymod/api/entity/throwable/package-frame.html]
[ci.visualillusionsent.net/job/CanaryLib/javadoc/net/canarymod/api/entity/vehicle/package-frame.html]
[ci.visualillusionsent.net/job/CanaryLib/javadoc/net/canarymod/api/factory/package-frame.html]
[ci.visualillusionsent.net/job/CanaryLib/javadoc/net/canarymod/api/gui/package-frame.html]
[ci.visualillusionsent.net/job/CanaryLib/javadoc/net/canarymod/api/inventory/package-frame.html]
[ci.visualillusionsent.net/job/CanaryLib/javadoc/net/canarymod/api/inventory/helper/package-frame.html]
[ci.visualillusionsent.net/job/CanaryLib/javadoc/net/canarymod/api/inventory/recipes/package-frame.html]
[ci.visualillusionsent.net/job/CanaryLib/javadoc/net/canarymod/api/inventory/slot/package-frame.html]
[ci.visualillusionsent.net/job/CanaryLib/javadoc/net/canarymod/api/nbt/package-frame.html]
[ci.visualillusionsent.net/job/CanaryLib/javadoc/net/canarymod/api/packet/package-frame.html]
[ci.visualillusionsent.net/job/CanaryLib/javadoc/net/canarymod/api/potion/package-frame.html]
[ci.visualillusionsent.net/job/CanaryLib/javadoc/net/canarymod/api/scoreboard/package-frame.html]
[ci.visualillusionsent.net/job/CanaryLib/javadoc/net/canarymod/api/statistics/package-frame.html]
[ci.visualillusionsent.net/job/CanaryLib/javadoc/net/canarymod/api/world/package-frame.html]
[ci.visualillusionsent.net/job/CanaryLib/javadoc/net/canarymod/api/world/blocks/package-frame.html]
[ci.visualillusionsent.net/job/CanaryLib/javadoc/net/canarymod/api/world/blocks/properties/package-frame.html]
[ci.visualillusionsent.net/job/CanaryLib/javadoc/net/canarymod/api/world/blocks/properties/helpers/package-frame.html]
[ci.visualillusionsent.net/job/CanaryLib/javadoc/net/canarymod/api/world/effects/package-frame.html]
[ci.visualillusionsent.net/job/CanaryLib/javadoc/net/canarymod/api/world/position/package-frame.html]
[ci.visualillusionsent.net/job/CanaryLib/javadoc/net/canarymod/backbone/package-frame.html]
[ci.visualillusionsent.net/job/CanaryLib/javadoc/net/canarymod/bansystem/package-frame.html]
[ci.visualillusionsent.net/job/CanaryLib/javadoc/net/canarymod/channels/package-frame.html]
[ci.visualillusionsent.net/job/CanaryLib/javadoc/net/canarymod/chat/package-frame.html]
[ci.visualillusionsent.net/job/CanaryLib/javadoc/net/canarymod/commandsys/package-frame.html]
[ci.visualillusionsent.net/job/CanaryLib/javadoc/net/canarymod/commandsys/commands/groupmod/package-frame.html]
[ci.visualillusionsent.net/job/CanaryLib/javadoc/net/canarymod/commandsys/commands/player/package-frame.html]
[ci.visualillusionsent.net/job/CanaryLib/javadoc/net/canarymod/commandsys/commands/playermod/package-frame.html]
[ci.visualillusionsent.net/job/CanaryLib/javadoc/net/canarymod/commandsys/commands/system/package-frame.html]
[ci.visualillusionsent.net/job/CanaryLib/javadoc/net/canarymod/commandsys/commands/system/bans/package-frame.html]
[ci.visualillusionsent.net/job/CanaryLib/javadoc/net/canarymod/commandsys/commands/system/informational/package-frame.html]
[ci.visualillusionsent.net/job/CanaryLib/javadoc/net/canarymod/commandsys/commands/system/kits/package-frame.html]
[ci.visualillusionsent.net/job/CanaryLib/javadoc/net/canarymod/commandsys/commands/system/operator/package-frame.html]
[ci.visualillusionsent.net/job/CanaryLib/javadoc/net/canarymod/commandsys/commands/system/reservelist/package-frame.html]
[ci.visualillusionsent.net/job/CanaryLib/javadoc/net/canarymod/commandsys/commands/system/whitelist/package-frame.html]
[ci.visualillusionsent.net/job/CanaryLib/javadoc/net/canarymod/commandsys/commands/vanilla/package-frame.html]
[ci.visualillusionsent.net/job/CanaryLib/javadoc/net/canarymod/commandsys/commands/warp/package-frame.html]
[ci.visualillusionsent.net/job/CanaryLib/javadoc/net/canarymod/commandsys/commands/world/package-frame.html]
[ci.visualillusionsent.net/job/CanaryLib/javadoc/net/canarymod/config/package-frame.html]
[ci.visualillusionsent.net/job/CanaryLib/javadoc/net/canarymod/converter/package-frame.html]
[ci.visualillusionsent.net/job/CanaryLib/javadoc/net/canarymod/database/package-frame.html]
[ci.visualillusionsent.net/job/CanaryLib/javadoc/net/canarymod/database/exceptions/package-frame.html]
[ci.visualillusionsent.net/job/CanaryLib/javadoc/net/canarymod/database/mysql/package-frame.html]
[ci.visualillusionsent.net/job/CanaryLib/javadoc/net/canarymod/database/sqlite/package-frame.html]
[ci.visualillusionsent.net/job/CanaryLib/javadoc/net/canarymod/database/xml/package-frame.html]
[ci.visualillusionsent.net/job/CanaryLib/javadoc/net/canarymod/exceptions/package-frame.html]
[ci.visualillusionsent.net/job/CanaryLib/javadoc/net/canarymod/help/package-frame.html]
[ci.visualillusionsent.net/job/CanaryLib/javadoc/net/canarymod/hook/package-frame.html]
[ci.visualillusionsent.net/job/CanaryLib/javadoc/net/canarymod/hook/command/package-frame.html]
[ci.visualillusionsent.net/job/CanaryLib/javadoc/net/canarymod/hook/entity/package-frame.html]
[ci.visualillusionsent.net/job/CanaryLib/javadoc/net/canarymod/hook/player/package-frame.html]
[ci.visualillusionsent.net/job/CanaryLib/javadoc/net/canarymod/hook/system/package-frame.html]
[ci.visualillusionsent.net/job/CanaryLib/javadoc/net/canarymod/hook/world/package-frame.html]
[ci.visualillusionsent.net/job/CanaryLib/javadoc/net/canarymod/kit/package-frame.html]
[ci.visualillusionsent.net/job/CanaryLib/javadoc/net/canarymod/logger/package-frame.html]
[ci.visualillusionsent.net/job/CanaryLib/javadoc/net/canarymod/metrics/package-frame.html]
[ci.visualillusionsent.net/job/CanaryLib/javadoc/net/canarymod/motd/package-frame.html]
[ci.visualillusionsent.net/job/CanaryLib/javadoc/net/canarymod/permissionsystem/package-frame.html]
[ci.visualillusionsent.net/job/CanaryLib/javadoc/net/canarymod/plugin/package-frame.html]
[ci.visualillusionsent.net/job/CanaryLib/javadoc/net/canarymod/plugin/dependencies/package-frame.html]
[ci.visualillusionsent.net/job/CanaryLib/javadoc/net/canarymod/plugin/lifecycle/package-frame.html]
[ci.visualillusionsent.net/job/CanaryLib/javadoc/net/canarymod/serialize/package-frame.html]
[ci.visualillusionsent.net/job/CanaryLib/javadoc/net/canarymod/tasks/package-frame.html]
[ci.visualillusionsent.net/job/CanaryLib/javadoc/net/canarymod/user/package-frame.html]
[ci.visualillusionsent.net/job/CanaryLib/javadoc/net/canarymod/util/package-frame.html]
[ci.visualillusionsent.net/job/CanaryLib/javadoc/net/canarymod/warp/package-frame.html]
[ci.visualillusionsent.net/job/CanaryLib/javadoc/net/canarymod/api/statistics/class-use/Achievement.html]
[ci.visualillusionsent.net/job/CanaryLib/javadoc/net/canarymod/api/statistics/package-tree.html]
[ci.visualillusionsent.net/job/CanaryLib/javadoc/index16d6.html]
[ci.visualillusionsent.net/job/CanaryLib/javadoc/net/canarymod/api/statistics/Achievement.html]
[ci.visualillusionsent.net/job/CanaryLib/javadoc/net/canarymod/commandsys/commands/vanilla/class-use/Achievement.html]
[ci.visualillusionsent.net/job/CanaryLib/javadoc/net/canarymod/commandsys/commands/vanilla/package-tree.html]
[ci.visualillusionsent.net/job/CanaryLib/javadoc/index52bd.html]
[ci.visualillusionsent.net/job/CanaryLib/javadoc/net/canarymod/commandsys/commands/vanilla/Achievement.html]
[ci.visualillusionsent.net/job/CanaryLib/javadoc/net/canarymod/api/statistics/class-use/Achievements.html]
[ci.visualillusionsent.net/job/CanaryLib/javadoc/index45e9.html]
[ci.visualillusionsent.net/job/CanaryLib/javadoc/net/canarymod/api/statistics/Achievements.html]
[ci.visualillusionsent.net/job/CanaryLib/javadoc/net/canarymod/api/entity/living/class-use/Ageable.html]
[ci.visualillusionsent.net/job/CanaryLib/javadoc/net/canarymod/api/entity/living/package-tree.html]
[ci.visualillusionsent.net/job/CanaryLib/javadoc/index7414.html]
[ci.visualillusionsent.net/job/CanaryLib/javadoc/net/canarymod/api/entity/living/Ageable.html]
[ci.visualillusionsent.net/job/CanaryLib/javadoc/net/canarymod/api/ai/class-use/AIArrowAttack.html]
[ci.visualillusionsent.net/job/CanaryLib/javadoc/net/canarymod/api/ai/package-tree.html]
[ci.visualillusionsent.net/job/CanaryLib/javadoc/index3d03.html]
[ci.visualillusionsent.net/job/CanaryLib/javadoc/net/canarymod/api/ai/AIArrowAttack.html]
[ci.visualillusionsent.net/job/CanaryLib/javadoc/net/canarymod/api/ai/class-use/AIAttackOnCollide.html]
[ci.visualillusionsent.net/job/CanaryLib/javadoc/index730f.html]
[ci.visualillusionsent.net/job/CanaryLib/javadoc/net/canarymod/api/ai/AIAttackOnCollide.html]
[ci.visualillusionsent.net/job/CanaryLib/javadoc/net/canarymod/api/ai/class-use/AIAvoidEntity.html]
[ci.visualillusionsent.net/job/CanaryLib/javadoc/index7c1f.html]
[ci.visualillusionsent.net/job/CanaryLib/javadoc/net/canarymod/api/ai/AIAvoidEntity.html]
[ci.visualillusionsent.net/job/CanaryLib/javadoc/net/canarymod/api/ai/class-use/AIBase.html]
[ci.visualillusionsent.net/job/CanaryLib/javadoc/indexea65.html]
[ci.visualillusionsent.net/job/CanaryLib/javadoc/net/canarymod/api/ai/AIBase.html]
[ci.visualillusionsent.net/job/CanaryLib/javadoc/net/canarymod/api/ai/class-use/AIBeg.html]
[ci.visualillusionsent.net/job/CanaryLib/javadoc/indexcb9d.html]
[ci.visualillusionsent.net/job/CanaryLib/javadoc/net/canarymod/api/ai/AIBeg.html]
[ci.visualillusionsent.net/job/CanaryLib/javadoc/net/canarymod/api/ai/class-use/AIBreakDoor.html]
[ci.visualillusionsent.net/job/CanaryLib/javadoc/index45ab.html]
[ci.visualillusionsent.net/job/CanaryLib/javadoc/net/canarymod/api/ai/AIBreakDoor.html]
[ci.visualillusionsent.net/job/CanaryLib/javadoc/net/canarymod/api/ai/class-use/AIControlledByPlayer.html]
[ci.visualillusionsent.net/job/CanaryLib/javadoc/index60cd.html]
[ci.visualillusionsent.net/job/CanaryLib/javadoc/net/canarymod/api/ai/AIControlledByPlayer.html]
[ci.visualillusionsent.net/job/CanaryLib/javadoc/net/canarymod/api/ai/class-use/AICreeperSwell.html]
[ci.visualillusionsent.net/job/CanaryLib/javadoc/index6412.html]
[ci.visualillusionsent.net/job/CanaryLib/javadoc/net/canarymod/api/ai/AICreeperSwell.html]
[ci.visualillusionsent.net/job/CanaryLib/javadoc/net/canarymod/api/ai/class-use/AIDefendVillage.html]
[ci.visualillusionsent.net/job/CanaryLib/javadoc/index6963.html]
[ci.visualillusionsent.net/job/CanaryLib/javadoc/net/canarymod/api/ai/AIDefendVillage.html]
[ci.visualillusionsent.net/job/CanaryLib/javadoc/net/canarymod/api/ai/class-use/AIDoorInteract.html]
[ci.visualillusionsent.net/job/CanaryLib/javadoc/indexaafd.html]
[ci.visualillusionsent.net/job/CanaryLib/javadoc/net/canarymod/api/ai/AIDoorInteract.html]
[ci.visualillusionsent.net/job/CanaryLib/javadoc/net/canarymod/api/ai/class-use/AIEatGrass.html]
[ci.visualillusionsent.net/job/CanaryLib/javadoc/index27af.html]
[ci.visualillusionsent.net/job/CanaryLib/javadoc/net/canarymod/api/ai/AIEatGrass.html]
[ci.visualillusionsent.net/job/CanaryLib/javadoc/net/canarymod/api/factory/class-use/AIFactory.html]
[ci.visualillusionsent.net/job/CanaryLib/javadoc/net/canarymod/api/factory/package-tree.html]
[ci.visualillusionsent.net/job/CanaryLib/javadoc/index7be7.html]
[ci.visualillusionsent.net/job/CanaryLib/javadoc/net/canarymod/api/factory/AIFactory.html]
[ci.visualillusionsent.net/job/CanaryLib/javadoc/net/canarymod/api/ai/class-use/AIFindEntityNearest.html]
[ci.visualillusionsent.net/job/CanaryLib/javadoc/indexcf28.html]
[ci.visualillusionsent.net/job/CanaryLib/javadoc/net/canarymod/api/ai/AIFindEntityNearest.html]
[ci.visualillusionsent.net/job/CanaryLib/javadoc/net/canarymod/api/ai/class-use/AIFindEntityNearestPlayer.html]
[ci.visualillusionsent.net/job/CanaryLib/javadoc/index4de0.html]
[ci.visualillusionsent.net/job/CanaryLib/javadoc/net/canarymod/api/ai/AIFindEntityNearestPlayer.html]
[ci.visualillusionsent.net/job/CanaryLib/javadoc/net/canarymod/api/ai/class-use/AIFleeSun.html]
[ci.visualillusionsent.net/job/CanaryLib/javadoc/index013a.html]
[ci.visualillusionsent.net/job/CanaryLib/javadoc/net/canarymod/api/ai/AIFleeSun.html]
[ci.visualillusionsent.net/job/CanaryLib/javadoc/net/canarymod/api/ai/class-use/AIFollowGolem.html]
[ci.visualillusionsent.net/job/CanaryLib/javadoc/index4fd8.html]
[ci.visualillusionsent.net/job/CanaryLib/javadoc/net/canarymod/api/ai/AIFollowGolem.html]
[ci.visualillusionsent.net/job/CanaryLib/javadoc/net/canarymod/api/ai/class-use/AIFollowOwner.html]
[ci.visualillusionsent.net/job/CanaryLib/javadoc/indexbc00.html]
[ci.visualillusionsent.net/job/CanaryLib/javadoc/net/canarymod/api/ai/AIFollowOwner.html]
[ci.visualillusionsent.net/job/CanaryLib/javadoc/net/canarymod/api/ai/class-use/AIFollowParent.html]
[ci.visualillusionsent.net/job/CanaryLib/javadoc/index72ed.html]
[ci.visualillusionsent.net/job/CanaryLib/javadoc/net/canarymod/api/ai/AIFollowParent.html]
[ci.visualillusionsent.net/job/CanaryLib/javadoc/net/canarymod/api/ai/class-use/AIHarvestFarmland.html]
[ci.visualillusionsent.net/job/CanaryLib/javadoc/index8221.html]
[ci.visualillusionsent.net/job/CanaryLib/javadoc/net/canarymod/api/ai/AIHarvestFarmland.html]
[ci.visualillusionsent.net/job/CanaryLib/javadoc/net/canarymod/api/ai/class-use/AIHurtByTarget.html]
[ci.visualillusionsent.net/job/CanaryLib/javadoc/index8109.html]
[ci.visualillusionsent.net/job/CanaryLib/javadoc/net/canarymod/api/ai/AIHurtByTarget.html]
[ci.visualillusionsent.net/job/CanaryLib/javadoc/net/canarymod/api/ai/class-use/AILeapAtTarget.html]
[ci.visualillusionsent.net/job/CanaryLib/javadoc/index2563.html]
[ci.visualillusionsent.net/job/CanaryLib/javadoc/net/canarymod/api/ai/AILeapAtTarget.html]
[ci.visualillusionsent.net/job/CanaryLib/javadoc/net/canarymod/api/ai/class-use/AILookAtTradePlayer.html]
[ci.visualillusionsent.net/job/CanaryLib/javadoc/indexc82b.html]
[ci.visualillusionsent.net/job/CanaryLib/javadoc/net/canarymod/api/ai/AILookAtTradePlayer.html]
[ci.visualillusionsent.net/job/CanaryLib/javadoc/net/canarymod/api/ai/class-use/AILookAtVillager.html]
[ci.visualillusionsent.net/job/CanaryLib/javadoc/indexa1a6.html]
[ci.visualillusionsent.net/job/CanaryLib/javadoc/net/canarymod/api/ai/AILookAtVillager.html]
[ci.visualillusionsent.net/job/CanaryLib/javadoc/net/canarymod/api/ai/class-use/AILookIdle.html]
[ci.visualillusionsent.net/job/CanaryLib/javadoc/index8ce2.html]
[ci.visualillusionsent.net/job/CanaryLib/javadoc/net/canarymod/api/ai/AILookIdle.html]
[ci.visualillusionsent.net/job/CanaryLib/javadoc/net/canarymod/api/ai/class-use/AIManager.html]
[ci.visualillusionsent.net/job/CanaryLib/javadoc/index7ccd.html]
[ci.visualillusionsent.net/job/CanaryLib/javadoc/net/canarymod/api/ai/AIManager.html]
[ci.visualillusionsent.net/job/CanaryLib/javadoc/net/canarymod/api/ai/class-use/AIMate.html]
[ci.visualillusionsent.net/job/CanaryLib/javadoc/index7025.html]
[ci.visualillusionsent.net/job/CanaryLib/javadoc/net/canarymod/api/ai/AIMate.html]
[ci.visualillusionsent.net/job/CanaryLib/javadoc/net/canarymod/api/ai/class-use/AIMoveIndoors.html]
[ci.visualillusionsent.net/job/CanaryLib/javadoc/indexfdf7.html]
[ci.visualillusionsent.net/job/CanaryLib/javadoc/net/canarymod/api/ai/AIMoveIndoors.html]
[ci.visualillusionsent.net/job/CanaryLib/javadoc/net/canarymod/api/ai/class-use/AIMoveThroughVillage.html]
[ci.visualillusionsent.net/job/CanaryLib/javadoc/indexd378.html]
[ci.visualillusionsent.net/job/CanaryLib/javadoc/net/canarymod/api/ai/AIMoveThroughVillage.html]
[ci.visualillusionsent.net/job/CanaryLib/javadoc/net/canarymod/api/ai/class-use/AIMoveToBlock.html]
[ci.visualillusionsent.net/job/CanaryLib/javadoc/indexfac0.html]
[ci.visualillusionsent.net/job/CanaryLib/javadoc/net/canarymod/api/ai/AIMoveToBlock.html]
[ci.visualillusionsent.net/job/CanaryLib/javadoc/net/canarymod/api/ai/class-use/AIMoveTowardsRestriction.html]
[ci.visualillusionsent.net/job/CanaryLib/javadoc/index4c7c.html]
[ci.visualillusionsent.net/job/CanaryLib/javadoc/net/canarymod/api/ai/AIMoveTowardsRestriction.html]
[ci.visualillusionsent.net/job/CanaryLib/javadoc/net/canarymod/api/ai/class-use/AIMoveTowardsTarget.html]
[ci.visualillusionsent.net/job/CanaryLib/javadoc/index099f.html]
[ci.visualillusionsent.net/job/CanaryLib/javadoc/net/canarymod/api/ai/AIMoveTowardsTarget.html]
[ci.visualillusionsent.net/job/CanaryLib/javadoc/net/canarymod/api/ai/class-use/AINearestAttackableTarget.html]
[ci.visualillusionsent.net/job/CanaryLib/javadoc/index6a2a.html]
[ci.visualillusionsent.net/job/CanaryLib/javadoc/net/canarymod/api/ai/AINearestAttackableTarget.html]
[ci.visualillusionsent.net/job/CanaryLib/javadoc/net/canarymod/api/ai/class-use/AIOcelotAttack.html]
[ci.visualillusionsent.net/job/CanaryLib/javadoc/index64ce.html]
[ci.visualillusionsent.net/job/CanaryLib/javadoc/net/canarymod/api/ai/AIOcelotAttack.html]
[ci.visualillusionsent.net/job/CanaryLib/javadoc/net/canarymod/api/ai/class-use/AIOcelotSit.html]
[ci.visualillusionsent.net/job/CanaryLib/javadoc/index3215.html]
[ci.visualillusionsent.net/job/CanaryLib/javadoc/net/canarymod/api/ai/AIOcelotSit.html]
[ci.visualillusionsent.net/job/CanaryLib/javadoc/net/canarymod/api/ai/class-use/AIOpenDoor.html]
[ci.visualillusionsent.net/job/CanaryLib/javadoc/index0dc9.html]
[ci.visualillusionsent.net/job/CanaryLib/javadoc/net/canarymod/api/ai/AIOpenDoor.html]
[ci.visualillusionsent.net/job/CanaryLib/javadoc/net/canarymod/api/ai/class-use/AIOwnerHurtByTarget.html]
[ci.visualillusionsent.net/job/CanaryLib/javadoc/indexd64e.html]
[ci.visualillusionsent.net/job/CanaryLib/javadoc/net/canarymod/api/ai/AIOwnerHurtByTarget.html]
[ci.visualillusionsent.net/job/CanaryLib/javadoc/net/canarymod/api/ai/class-use/AIOwnerHurtTarget.html]
[ci.visualillusionsent.net/job/CanaryLib/javadoc/index5dc1.html]
[ci.visualillusionsent.net/job/CanaryLib/javadoc/net/canarymod/api/ai/AIOwnerHurtTarget.html]
[ci.visualillusionsent.net/job/CanaryLib/javadoc/net/canarymod/api/ai/class-use/AIPanic.html]
[ci.visualillusionsent.net/job/CanaryLib/javadoc/index809d.html]
[ci.visualillusionsent.net/job/CanaryLib/javadoc/net/canarymod/api/ai/AIPanic.html]
[ci.visualillusionsent.net/job/CanaryLib/javadoc/net/canarymod/api/ai/class-use/AIPlay.html]
[ci.visualillusionsent.net/job/CanaryLib/javadoc/indexe032.html]
[ci.visualillusionsent.net/job/CanaryLib/javadoc/net/canarymod/api/ai/AIPlay.html]
[ci.visualillusionsent.net/job/CanaryLib/javadoc/net/canarymod/api/ai/class-use/AIRestrictOpenDoor.html]
[ci.visualillusionsent.net/job/CanaryLib/javadoc/index20fa.html]
[ci.visualillusionsent.net/job/CanaryLib/javadoc/net/canarymod/api/ai/AIRestrictOpenDoor.html]
[ci.visualillusionsent.net/job/CanaryLib/javadoc/net/canarymod/api/ai/class-use/AIRestrictSun.html]
[ci.visualillusionsent.net/job/CanaryLib/javadoc/index5d24.html]
[ci.visualillusionsent.net/job/CanaryLib/javadoc/net/canarymod/api/ai/AIRestrictSun.html]
[ci.visualillusionsent.net/job/CanaryLib/javadoc/net/canarymod/api/ai/class-use/AIRunAroundLikeCrazy.html]
[ci.visualillusionsent.net/job/CanaryLib/javadoc/index3402.html]
[ci.visualillusionsent.net/job/CanaryLib/javadoc/net/canarymod/api/ai/AIRunAroundLikeCrazy.html]
[ci.visualillusionsent.net/job/CanaryLib/javadoc/net/canarymod/api/ai/class-use/AISit.html]
[ci.visualillusionsent.net/job/CanaryLib/javadoc/indexe4e1.html]
[ci.visualillusionsent.net/job/CanaryLib/javadoc/net/canarymod/api/ai/AISit.html]
[ci.visualillusionsent.net/job/CanaryLib/javadoc/net/canarymod/api/ai/class-use/AISwimming.html]
[ci.visualillusionsent.net/job/CanaryLib/javadoc/index3ab2.html]
[ci.visualillusionsent.net/job/CanaryLib/javadoc/net/canarymod/api/ai/AISwimming.html]
[ci.visualillusionsent.net/job/CanaryLib/javadoc/net/canarymod/api/ai/class-use/AITarget.html]
[ci.visualillusionsent.net/job/CanaryLib/javadoc/index912b.html]
[ci.visualillusionsent.net/job/CanaryLib/javadoc/net/canarymod/api/ai/AITarget.html]
[ci.visualillusionsent.net/job/CanaryLib/javadoc/net/canarymod/api/ai/class-use/AITargetNonTamed.html]
[ci.visualillusionsent.net/job/CanaryLib/javadoc/indexcd17.html]
[ci.visualillusionsent.net/job/CanaryLib/javadoc/net/canarymod/api/ai/AITargetNonTamed.html]
[ci.visualillusionsent.net/job/CanaryLib/javadoc/net/canarymod/api/ai/class-use/AITempt.html]
[ci.visualillusionsent.net/job/CanaryLib/javadoc/index031e.html]
[ci.visualillusionsent.net/job/CanaryLib/javadoc/net/canarymod/api/ai/AITempt.html]
[ci.visualillusionsent.net/job/CanaryLib/javadoc/net/canarymod/api/ai/class-use/AITradePlayer.html]
[ci.visualillusionsent.net/job/CanaryLib/javadoc/indexce7c.html]
[ci.visualillusionsent.net/job/CanaryLib/javadoc/net/canarymod/api/ai/AITradePlayer.html]
[ci.visualillusionsent.net/job/CanaryLib/javadoc/net/canarymod/api/ai/class-use/AIVillagerInteract.html]
[ci.visualillusionsent.net/job/CanaryLib/javadoc/indexf905.html]
[ci.visualillusionsent.net/job/CanaryLib/javadoc/net/canarymod/api/ai/AIVillagerInteract.html]
[ci.visualillusionsent.net/job/CanaryLib/javadoc/net/canarymod/api/ai/class-use/AIVillagerMate.html]
[ci.visualillusionsent.net/job/CanaryLib/javadoc/index07ad.html]
[ci.visualillusionsent.net/job/CanaryLib/javadoc/net/canarymod/api/ai/AIVillagerMate.html]
[ci.visualillusionsent.net/job/CanaryLib/javadoc/net/canarymod/api/ai/class-use/AIWander.html]
[ci.visualillusionsent.net/job/CanaryLib/javadoc/index4b3c.html]
[ci.visualillusionsent.net/job/CanaryLib/javadoc/net/canarymod/api/ai/AIWander.html]
[ci.visualillusionsent.net/job/CanaryLib/javadoc/net/canarymod/api/ai/class-use/AIWatchClosest.html]
[ci.visualillusionsent.net/job/CanaryLib/javadoc/indexef4a.html]
[ci.visualillusionsent.net/job/CanaryLib/javadoc/net/canarymod/api/ai/AIWatchClosest.html]
[ci.visualillusionsent.net/job/CanaryLib/javadoc/net/canarymod/api/ai/class-use/AIWatchClosest2.html]
[ci.visualillusionsent.net/job/CanaryLib/javadoc/index6791.html]
[ci.visualillusionsent.net/job/CanaryLib/javadoc/net/canarymod/api/ai/AIWatchClosest2.html]
[ci.visualillusionsent.net/job/CanaryLib/javadoc/net/canarymod/api/entity/living/class-use/AmbientCreature.html]
[ci.visualillusionsent.net/job/CanaryLib/javadoc/index78d7.html]
[ci.visualillusionsent.net/job/CanaryLib/javadoc/net/canarymod/api/entity/living/AmbientCreature.html]
[ci.visualillusionsent.net/job/CanaryLib/javadoc/net/canarymod/api/inventory/class-use/AnimalInventory.html]
[ci.visualillusionsent.net/job/CanaryLib/javadoc/net/canarymod/api/inventory/package-tree.html]
[ci.visualillusionsent.net/job/CanaryLib/javadoc/indexdcc2.html]
[ci.visualillusionsent.net/job/CanaryLib/javadoc/net/canarymod/api/inventory/AnimalInventory.html]
[ci.visualillusionsent.net/job/CanaryLib/javadoc/net/canarymod/api/entity/vehicle/class-use/AnimalVehicle.html]
[ci.visualillusionsent.net/job/CanaryLib/javadoc/net/canarymod/api/entity/vehicle/package-tree.html]
[ci.visualillusionsent.net/job/CanaryLib/javadoc/index9878.html]
[ci.visualillusionsent.net/job/CanaryLib/javadoc/net/canarymod/api/entity/vehicle/AnimalVehicle.html]
[ci.visualillusionsent.net/job/CanaryLib/javadoc/net/canarymod/api/world/blocks/class-use/Anvil.html]
[ci.visualillusionsent.net/job/CanaryLib/javadoc/net/canarymod/api/world/blocks/package-tree.html]
[ci.visualillusionsent.net/job/CanaryLib/javadoc/index17ad.html]
[ci.visualillusionsent.net/job/CanaryLib/javadoc/net/canarymod/api/world/blocks/Anvil.html]
[ci.visualillusionsent.net/job/CanaryLib/javadoc/net/canarymod/api/world/blocks/properties/helpers/class-use/AnvilProperties.html]
[ci.visualillusionsent.net/job/CanaryLib/javadoc/net/canarymod/api/world/blocks/properties/helpers/package-tree.html]
[ci.visualillusionsent.net/job/CanaryLib/javadoc/index0f24.html]
[ci.visualillusionsent.net/job/CanaryLib/javadoc/net/canarymod/api/world/blocks/properties/helpers/AnvilProperties.html]
[ci.visualillusionsent.net/job/CanaryLib/javadoc/net/canarymod/hook/player/class-use/AnvilUseHook.html]
[ci.visualillusionsent.net/job/CanaryLib/javadoc/net/canarymod/hook/player/package-tree.html]
[ci.visualillusionsent.net/job/CanaryLib/javadoc/indexde75.html]
[ci.visualillusionsent.net/job/CanaryLib/javadoc/net/canarymod/hook/player/AnvilUseHook.html]
[ci.visualillusionsent.net/job/CanaryLib/javadoc/net/canarymod/hook/player/class-use/ArmorBrokenHook.html]
[ci.visualillusionsent.net/job/CanaryLib/javadoc/index30d2.html]
[ci.visualillusionsent.net/job/CanaryLib/javadoc/net/canarymod/hook/player/ArmorBrokenHook.html]
[ci.visualillusionsent.net/job/CanaryLib/javadoc/net/canarymod/api/entity/class-use/ArmorStand.html]
[ci.visualillusionsent.net/job/CanaryLib/javadoc/net/canarymod/api/entity/package-tree.html]
[ci.visualillusionsent.net/job/CanaryLib/javadoc/indexbc38.html]
[ci.visualillusionsent.net/job/CanaryLib/javadoc/net/canarymod/api/entity/ArmorStand.html]
[ci.visualillusionsent.net/job/CanaryLib/javadoc/net/canarymod/api/entity/class-use/ArmorStand.Disability.html]
[ci.visualillusionsent.net/job/CanaryLib/javadoc/index9678.html]
[ci.visualillusionsent.net/job/CanaryLib/javadoc/net/canarymod/api/entity/ArmorStand.Disability.html]
[ci.visualillusionsent.net/job/CanaryLib/javadoc/net/canarymod/api/entity/class-use/ArmorStand.RotatablePart.html]
[ci.visualillusionsent.net/job/CanaryLib/javadoc/indexa698.html]
[ci.visualillusionsent.net/job/CanaryLib/javadoc/net/canarymod/api/entity/ArmorStand.RotatablePart.html]
[ci.visualillusionsent.net/job/CanaryLib/javadoc/net/canarymod/api/entity/class-use/ArmorStand.Slot.html]
[ci.visualillusionsent.net/job/CanaryLib/javadoc/indexfbf5.html]
[ci.visualillusionsent.net/job/CanaryLib/javadoc/net/canarymod/api/entity/ArmorStand.Slot.html]
[ci.visualillusionsent.net/job/CanaryLib/javadoc/net/canarymod/hook/player/class-use/ArmorStandModifyHook.html]
[ci.visualillusionsent.net/job/CanaryLib/javadoc/index085a.html]
[ci.visualillusionsent.net/job/CanaryLib/javadoc/net/canarymod/hook/player/ArmorStandModifyHook.html]
[ci.visualillusionsent.net/job/CanaryLib/javadoc/net/canarymod/api/entity/class-use/Arrow.html]
[ci.visualillusionsent.net/job/CanaryLib/javadoc/index6f9f.html]
[ci.visualillusionsent.net/job/CanaryLib/javadoc/net/canarymod/api/entity/Arrow.html]
[ci.visualillusionsent.net/job/CanaryLib/javadoc/net/canarymod/api/entity/living/humanoid/npc/ai/class-use/Attacked.html]
[ci.visualillusionsent.net/job/CanaryLib/javadoc/net/canarymod/api/entity/living/humanoid/npc/ai/package-tree.html]
[ci.visualillusionsent.net/job/CanaryLib/javadoc/index5831.html]
[ci.visualillusionsent.net/job/CanaryLib/javadoc/net/canarymod/api/entity/living/humanoid/npc/ai/Attacked.html]
[ci.visualillusionsent.net/job/CanaryLib/javadoc/net/canarymod/api/attributes/class-use/Attribute.html]
[ci.visualillusionsent.net/job/CanaryLib/javadoc/net/canarymod/api/attributes/package-tree.html]
[ci.visualillusionsent.net/job/CanaryLib/javadoc/index2321.html]
[ci.visualillusionsent.net/job/CanaryLib/javadoc/net/canarymod/api/attributes/Attribute.html]
[ci.visualillusionsent.net/job/CanaryLib/javadoc/net/canarymod/api/factory/class-use/AttributeFactory.html]
[ci.visualillusionsent.net/job/CanaryLib/javadoc/indexe0e2.html]
[ci.visualillusionsent.net/job/CanaryLib/javadoc/net/canarymod/api/factory/AttributeFactory.html]
[ci.visualillusionsent.net/job/CanaryLib/javadoc/net/canarymod/api/attributes/class-use/AttributeMap.html]
[ci.visualillusionsent.net/job/CanaryLib/javadoc/indexa154.html]
[ci.visualillusionsent.net/job/CanaryLib/javadoc/net/canarymod/api/attributes/AttributeMap.html]
[ci.visualillusionsent.net/job/CanaryLib/javadoc/net/canarymod/api/attributes/class-use/AttributeModifier.html]
[ci.visualillusionsent.net/job/CanaryLib/javadoc/index1081.html]
[ci.visualillusionsent.net/job/CanaryLib/javadoc/net/canarymod/api/attributes/AttributeModifier.html]
[ci.visualillusionsent.net/job/CanaryLib/javadoc/net/canarymod/api/world/effects/class-use/AuxiliarySoundEffect.html]
[ci.visualillusionsent.net/job/CanaryLib/javadoc/net/canarymod/api/world/effects/package-tree.html]
[ci.visualillusionsent.net/job/CanaryLib/javadoc/indexeadf.html]
[ci.visualillusionsent.net/job/CanaryLib/javadoc/net/canarymod/api/world/effects/AuxiliarySoundEffect.html]
[ci.visualillusionsent.net/job/CanaryLib/javadoc/net/canarymod/api/world/effects/class-use/AuxiliarySoundEffect.Type.html]
[ci.visualillusionsent.net/job/CanaryLib/javadoc/index5a8d.html]
[ci.visualillusionsent.net/job/CanaryLib/javadoc/net/canarymod/api/world/effects/AuxiliarySoundEffect.Type.html]
[ci.visualillusionsent.net/job/CanaryLib/javadoc/net/canarymod/backbone/class-use/Backbone.html]
[ci.visualillusionsent.net/job/CanaryLib/javadoc/net/canarymod/backbone/package-tree.html]
[ci.visualillusionsent.net/job/CanaryLib/javadoc/index2f5e.html]
[ci.visualillusionsent.net/job/CanaryLib/javadoc/net/canarymod/backbone/Backbone.html]
[ci.visualillusionsent.net/job/CanaryLib/javadoc/net/canarymod/backbone/class-use/Backbone.System.html]
[ci.visualillusionsent.net/job/CanaryLib/javadoc/index7ead.html]
[ci.visualillusionsent.net/job/CanaryLib/javadoc/net/canarymod/backbone/Backbone.System.html]
[ci.visualillusionsent.net/job/CanaryLib/javadoc/net/canarymod/backbone/class-use/BackboneBans.html]
[ci.visualillusionsent.net/job/CanaryLib/javadoc/indexa2aa.html]
[ci.visualillusionsent.net/job/CanaryLib/javadoc/net/canarymod/backbone/BackboneBans.html]
[ci.visualillusionsent.net/job/CanaryLib/javadoc/net/canarymod/backbone/class-use/BackboneGroups.html]
[ci.visualillusionsent.net/job/CanaryLib/javadoc/index182d.html]
[ci.visualillusionsent.net/job/CanaryLib/javadoc/net/canarymod/backbone/BackboneGroups.html]
[ci.visualillusionsent.net/job/CanaryLib/javadoc/net/canarymod/backbone/class-use/BackboneKits.html]
[ci.visualillusionsent.net/job/CanaryLib/javadoc/index63b9.html]
[ci.visualillusionsent.net/job/CanaryLib/javadoc/net/canarymod/backbone/BackboneKits.html]
[ci.visualillusionsent.net/job/CanaryLib/javadoc/net/canarymod/backbone/class-use/BackboneOperators.html]
[ci.visualillusionsent.net/job/CanaryLib/javadoc/indexe912.html]
[ci.visualillusionsent.net/job/CanaryLib/javadoc/net/canarymod/backbone/BackboneOperators.html]
[ci.visualillusionsent.net/job/CanaryLib/javadoc/net/canarymod/backbone/class-use/BackbonePermissions.html]
[ci.visualillusionsent.net/job/CanaryLib/javadoc/index781c.html]
[ci.visualillusionsent.net/job/CanaryLib/javadoc/net/canarymod/backbone/BackbonePermissions.html]
[ci.visualillusionsent.net/job/CanaryLib/javadoc/net/canarymod/backbone/class-use/BackboneReservelist.html]
[ci.visualillusionsent.net/job/CanaryLib/javadoc/index051d.html]
[ci.visualillusionsent.net/job/CanaryLib/javadoc/net/canarymod/backbone/BackboneReservelist.html]
[ci.visualillusionsent.net/job/CanaryLib/javadoc/net/canarymod/backbone/class-use/BackboneUsers.html]
[ci.visualillusionsent.net/job/CanaryLib/javadoc/index2f22.html]
[ci.visualillusionsent.net/job/CanaryLib/javadoc/net/canarymod/backbone/BackboneUsers.html]
[ci.visualillusionsent.net/job/CanaryLib/javadoc/net/canarymod/backbone/class-use/BackboneWarps.html]
[ci.visualillusionsent.net/job/CanaryLib/javadoc/index6ca0.html]
[ci.visualillusionsent.net/job/CanaryLib/javadoc/net/canarymod/backbone/BackboneWarps.html]
[ci.visualillusionsent.net/job/CanaryLib/javadoc/net/canarymod/backbone/class-use/BackboneWhitelist.html]
[ci.visualillusionsent.net/job/CanaryLib/javadoc/index42af.html]
[ci.visualillusionsent.net/job/CanaryLib/javadoc/net/canarymod/backbone/BackboneWhitelist.html]
[ci.visualillusionsent.net/job/CanaryLib/javadoc/net/canarymod/bansystem/class-use/Ban.html]
[ci.visualillusionsent.net/job/CanaryLib/javadoc/net/canarymod/bansystem/package-tree.html]
[ci.visualillusionsent.net/job/CanaryLib/javadoc/index8221-2.html]
[ci.visualillusionsent.net/job/CanaryLib/javadoc/net/canarymod/bansystem/Ban.html]
[ci.visualillusionsent.net/job/CanaryLib/javadoc/net/canarymod/commandsys/commands/system/bans/class-use/BanCommand.html]
[ci.visualillusionsent.net/job/CanaryLib/javadoc/net/canarymod/commandsys/commands/system/bans/package-tree.html]
[ci.visualillusionsent.net/job/CanaryLib/javadoc/index2d4f.html]
[ci.visualillusionsent.net/job/CanaryLib/javadoc/net/canarymod/commandsys/commands/system/bans/BanCommand.html]
[ci.visualillusionsent.net/job/CanaryLib/javadoc/net/canarymod/backbone/class-use/BanDataAccess.html]
[ci.visualillusionsent.net/job/CanaryLib/javadoc/index797d.html]
[ci.visualillusionsent.net/job/CanaryLib/javadoc/net/canarymod/backbone/BanDataAccess.html]
[ci.visualillusionsent.net/job/CanaryLib/javadoc/net/canarymod/hook/player/class-use/BanHook.html]
[ci.visualillusionsent.net/job/CanaryLib/javadoc/index91c6.html]
[ci.visualillusionsent.net/job/CanaryLib/javadoc/net/canarymod/hook/player/BanHook.html]
[ci.visualillusionsent.net/job/CanaryLib/javadoc/net/canarymod/bansystem/class-use/BanManager.html]
[ci.visualillusionsent.net/job/CanaryLib/javadoc/index0d7f.html]
[ci.visualillusionsent.net/job/CanaryLib/javadoc/net/canarymod/bansystem/BanManager.html]
[ci.visualillusionsent.net/job/CanaryLib/javadoc/net/canarymod/api/world/blocks/class-use/Banner.html]
[ci.visualillusionsent.net/job/CanaryLib/javadoc/indexfc44.html]
[ci.visualillusionsent.net/job/CanaryLib/javadoc/net/canarymod/api/world/blocks/Banner.html]
[ci.visualillusionsent.net/job/CanaryLib/javadoc/net/canarymod/api/inventory/helper/class-use/BannerPattern.html]
[ci.visualillusionsent.net/job/CanaryLib/javadoc/net/canarymod/api/inventory/helper/package-tree.html]
[ci.visualillusionsent.net/job/CanaryLib/javadoc/index534c.html]
[ci.visualillusionsent.net/job/CanaryLib/javadoc/net/canarymod/api/inventory/helper/BannerPattern.html]
[ci.visualillusionsent.net/job/CanaryLib/javadoc/net/canarymod/api/inventory/helper/class-use/BannerPatterns.html]
[ci.visualillusionsent.net/job/CanaryLib/javadoc/indexb310.html]
[ci.visualillusionsent.net/job/CanaryLib/javadoc/net/canarymod/api/inventory/helper/BannerPatterns.html]
[ci.visualillusionsent.net/job/CanaryLib/javadoc/net/canarymod/api/world/blocks/properties/helpers/class-use/BannerProperties.html]
[ci.visualillusionsent.net/job/CanaryLib/javadoc/indexe3b1.html]
[ci.visualillusionsent.net/job/CanaryLib/javadoc/net/canarymod/api/world/blocks/properties/helpers/BannerProperties.html]
[ci.visualillusionsent.net/job/CanaryLib/javadoc/net/canarymod/bansystem/class-use/BanType.html]
[ci.visualillusionsent.net/job/CanaryLib/javadoc/index342c.html]
[ci.visualillusionsent.net/job/CanaryLib/javadoc/net/canarymod/bansystem/BanType.html]
[ci.visualillusionsent.net/job/CanaryLib/javadoc/net/canarymod/api/inventory/class-use/BaseItem.html]
[ci.visualillusionsent.net/job/CanaryLib/javadoc/index4ce2.html]
[ci.visualillusionsent.net/job/CanaryLib/javadoc/net/canarymod/api/inventory/BaseItem.html]
[ci.visualillusionsent.net/job/CanaryLib/javadoc/net/canarymod/api/nbt/class-use/BaseTag.html]
[ci.visualillusionsent.net/job/CanaryLib/javadoc/net/canarymod/api/nbt/package-tree.html]
[ci.visualillusionsent.net/job/CanaryLib/javadoc/index56de.html]
[ci.visualillusionsent.net/job/CanaryLib/javadoc/net/canarymod/api/nbt/BaseTag.html]
[ci.visualillusionsent.net/job/CanaryLib/javadoc/net/canarymod/api/entity/living/animal/class-use/Bat.html]
[ci.visualillusionsent.net/job/CanaryLib/javadoc/net/canarymod/api/entity/living/animal/package-tree.html]
[ci.visualillusionsent.net/job/CanaryLib/javadoc/index9911.html]
[ci.visualillusionsent.net/job/CanaryLib/javadoc/net/canarymod/api/entity/living/animal/Bat.html]
[ci.visualillusionsent.net/job/CanaryLib/javadoc/net/canarymod/api/world/blocks/class-use/Beacon.html]
[ci.visualillusionsent.net/job/CanaryLib/javadoc/index9026.html]
[ci.visualillusionsent.net/job/CanaryLib/javadoc/net/canarymod/api/world/blocks/Beacon.html]
[ci.visualillusionsent.net/job/CanaryLib/javadoc/net/canarymod/hook/player/class-use/BedEnterHook.html]
[ci.visualillusionsent.net/job/CanaryLib/javadoc/indexc485.html]
[ci.visualillusionsent.net/job/CanaryLib/javadoc/net/canarymod/hook/player/BedEnterHook.html]
[ci.visualillusionsent.net/job/CanaryLib/javadoc/net/canarymod/hook/player/class-use/BedExitHook.html]
[ci.visualillusionsent.net/job/CanaryLib/javadoc/indexd1bb.html]
[ci.visualillusionsent.net/job/CanaryLib/javadoc/net/canarymod/hook/player/BedExitHook.html]
[ci.visualillusionsent.net/job/CanaryLib/javadoc/net/canarymod/api/world/blocks/properties/helpers/class-use/BedProperties.html]
[ci.visualillusionsent.net/job/CanaryLib/javadoc/index27ff.html]
[ci.visualillusionsent.net/job/CanaryLib/javadoc/net/canarymod/api/world/blocks/properties/helpers/BedProperties.html]
[ci.visualillusionsent.net/job/CanaryLib/javadoc/net/canarymod/api/world/blocks/properties/helpers/class-use/BedProperties.Half.html]
[ci.visualillusionsent.net/job/CanaryLib/javadoc/index96a7.html]
[ci.visualillusionsent.net/job/CanaryLib/javadoc/net/canarymod/api/world/blocks/properties/helpers/BedProperties.Half.html]
[ci.visualillusionsent.net/job/CanaryLib/javadoc/net/canarymod/api/world/class-use/Biome.html]
[ci.visualillusionsent.net/job/CanaryLib/javadoc/net/canarymod/api/world/package-tree.html]
[ci.visualillusionsent.net/job/CanaryLib/javadoc/index80f8.html]
[ci.visualillusionsent.net/job/CanaryLib/javadoc/net/canarymod/api/world/Biome.html]
[ci.visualillusionsent.net/job/CanaryLib/javadoc/net/canarymod/api/world/class-use/BiomeType.html]
[ci.visualillusionsent.net/job/CanaryLib/javadoc/index9f8b.html]
[ci.visualillusionsent.net/job/CanaryLib/javadoc/net/canarymod/api/world/BiomeType.html]
[ci.visualillusionsent.net/job/CanaryLib/javadoc/net/canarymod/api/entity/living/monster/class-use/Blaze.html]
[ci.visualillusionsent.net/job/CanaryLib/javadoc/net/canarymod/api/entity/living/monster/package-tree.html]
[ci.visualillusionsent.net/job/CanaryLib/javadoc/index0b62.html]
[ci.visualillusionsent.net/job/CanaryLib/javadoc/net/canarymod/api/entity/living/monster/Blaze.html]
[ci.visualillusionsent.net/job/CanaryLib/javadoc/net/canarymod/api/world/blocks/class-use/Block.html]
[ci.visualillusionsent.net/job/CanaryLib/javadoc/indexe427.html]
[ci.visualillusionsent.net/job/CanaryLib/javadoc/net/canarymod/api/world/blocks/Block.html]
[ci.visualillusionsent.net/job/CanaryLib/javadoc/net/canarymod/api/world/blocks/class-use/BlockBase.html]
[ci.visualillusionsent.net/job/CanaryLib/javadoc/index7c0e.html]
[ci.visualillusionsent.net/job/CanaryLib/javadoc/net/canarymod/api/world/blocks/BlockBase.html]
[ci.visualillusionsent.net/job/CanaryLib/javadoc/net/canarymod/api/world/blocks/properties/class-use/BlockBooleanProperty.html]
[ci.visualillusionsent.net/job/CanaryLib/javadoc/net/canarymod/api/world/blocks/properties/package-tree.html]
[ci.visualillusionsent.net/job/CanaryLib/javadoc/index3a34.html]
[ci.visualillusionsent.net/job/CanaryLib/javadoc/net/canarymod/api/world/blocks/properties/BlockBooleanProperty.html]
[ci.visualillusionsent.net/job/CanaryLib/javadoc/net/canarymod/api/packet/class-use/BlockChangePacket.html]
[ci.visualillusionsent.net/job/CanaryLib/javadoc/net/canarymod/api/packet/package-tree.html]
[ci.visualillusionsent.net/job/CanaryLib/javadoc/index321b.html]
[ci.visualillusionsent.net/job/CanaryLib/javadoc/net/canarymod/api/packet/BlockChangePacket.html]
[ci.visualillusionsent.net/job/CanaryLib/javadoc/net/canarymod/commandsys/commands/vanilla/class-use/BlockData.html]
[ci.visualillusionsent.net/job/CanaryLib/javadoc/index3645.html]
[ci.visualillusionsent.net/job/CanaryLib/javadoc/net/canarymod/commandsys/commands/vanilla/BlockData.html]
[ci.visualillusionsent.net/job/CanaryLib/javadoc/net/canarymod/hook/player/class-use/BlockDestroyHook.html]
[ci.visualillusionsent.net/job/CanaryLib/javadoc/index561e.html]
[ci.visualillusionsent.net/job/CanaryLib/javadoc/net/canarymod/hook/player/BlockDestroyHook.html]
[ci.visualillusionsent.net/job/CanaryLib/javadoc/net/canarymod/api/world/blocks/properties/class-use/BlockDirectionProperty.html]
[ci.visualillusionsent.net/job/CanaryLib/javadoc/indexf2d0.html]
[ci.visualillusionsent.net/job/CanaryLib/javadoc/net/canarymod/api/world/blocks/properties/BlockDirectionProperty.html]
[ci.visualillusionsent.net/job/CanaryLib/javadoc/net/canarymod/hook/world/class-use/BlockDropXpHook.html]
[ci.visualillusionsent.net/job/CanaryLib/javadoc/net/canarymod/hook/world/package-tree.html]
[ci.visualillusionsent.net/job/CanaryLib/javadoc/indexb3c3.html]
[ci.visualillusionsent.net/job/CanaryLib/javadoc/net/canarymod/hook/world/BlockDropXpHook.html]
[ci.visualillusionsent.net/job/CanaryLib/javadoc/net/canarymod/api/world/blocks/properties/class-use/BlockEnumProperty.html]
[ci.visualillusionsent.net/job/CanaryLib/javadoc/indexbb6b.html]
[ci.visualillusionsent.net/job/CanaryLib/javadoc/net/canarymod/api/world/blocks/properties/BlockEnumProperty.html]
[ci.visualillusionsent.net/job/CanaryLib/javadoc/net/canarymod/api/world/blocks/class-use/BlockFace.html]
[ci.visualillusionsent.net/job/CanaryLib/javadoc/indexfb19.html]
[ci.visualillusionsent.net/job/CanaryLib/javadoc/net/canarymod/api/world/blocks/BlockFace.html]
[ci.visualillusionsent.net/job/CanaryLib/javadoc/net/canarymod/api/world/blocks/class-use/BlockFace.Axis.html]
[ci.visualillusionsent.net/job/CanaryLib/javadoc/indexe508.html]
[ci.visualillusionsent.net/job/CanaryLib/javadoc/net/canarymod/api/world/blocks/BlockFace.Axis.html]
[ci.visualillusionsent.net/job/CanaryLib/javadoc/net/canarymod/api/world/blocks/class-use/BlockFace.AxisDirection.html]
[ci.visualillusionsent.net/job/CanaryLib/javadoc/index905c.html]
[ci.visualillusionsent.net/job/CanaryLib/javadoc/net/canarymod/api/world/blocks/BlockFace.AxisDirection.html]
[ci.visualillusionsent.net/job/CanaryLib/javadoc/net/canarymod/api/world/blocks/class-use/BlockFace.Plane.html]
[ci.visualillusionsent.net/job/CanaryLib/javadoc/index6b91.html]
[ci.visualillusionsent.net/job/CanaryLib/javadoc/net/canarymod/api/world/blocks/BlockFace.Plane.html]
[ci.visualillusionsent.net/job/CanaryLib/javadoc/net/canarymod/hook/world/class-use/BlockGrowHook.html]
[ci.visualillusionsent.net/job/CanaryLib/javadoc/indexfae9.html]
[ci.visualillusionsent.net/job/CanaryLib/javadoc/net/canarymod/hook/world/BlockGrowHook.html]
[ci.visualillusionsent.net/job/CanaryLib/javadoc/net/canarymod/api/world/blocks/properties/class-use/BlockIntegerProperty.html]
[ci.visualillusionsent.net/job/CanaryLib/javadoc/index98dd.html]
[ci.visualillusionsent.net/job/CanaryLib/javadoc/net/canarymod/api/world/blocks/properties/BlockIntegerProperty.html]
[ci.visualillusionsent.net/job/CanaryLib/javadoc/net/canarymod/class-use/BlockIterator.html]
[ci.visualillusionsent.net/job/CanaryLib/javadoc/net/canarymod/package-tree.html]
[ci.visualillusionsent.net/job/CanaryLib/javadoc/indexaa7e.html]
[ci.visualillusionsent.net/job/CanaryLib/javadoc/net/canarymod/BlockIterator.html]
[ci.visualillusionsent.net/job/CanaryLib/javadoc/net/canarymod/hook/player/class-use/BlockLeftClickHook.html]
[ci.visualillusionsent.net/job/CanaryLib/javadoc/index70fa.html]
[ci.visualillusionsent.net/job/CanaryLib/javadoc/net/canarymod/hook/player/BlockLeftClickHook.html]
[ci.visualillusionsent.net/job/CanaryLib/javadoc/net/canarymod/api/world/blocks/class-use/BlockMaterial.html]
[ci.visualillusionsent.net/job/CanaryLib/javadoc/index19d2.html]
[ci.visualillusionsent.net/job/CanaryLib/javadoc/net/canarymod/api/world/blocks/BlockMaterial.html]
[ci.visualillusionsent.net/job/CanaryLib/javadoc/net/canarymod/hook/world/class-use/BlockPhysicsHook.html]
[ci.visualillusionsent.net/job/CanaryLib/javadoc/indexd5c8.html]
[ci.visualillusionsent.net/job/CanaryLib/javadoc/net/canarymod/hook/world/BlockPhysicsHook.html]
[ci.visualillusionsent.net/job/CanaryLib/javadoc/net/canarymod/hook/player/class-use/BlockPlaceHook.html]
[ci.visualillusionsent.net/job/CanaryLib/javadoc/index1111.html]
[ci.visualillusionsent.net/job/CanaryLib/javadoc/net/canarymod/hook/player/BlockPlaceHook.html]
[ci.visualillusionsent.net/job/CanaryLib/javadoc/net/canarymod/api/world/blocks/properties/helpers/class-use/BlockProperties.html]
[ci.visualillusionsent.net/job/CanaryLib/javadoc/index8225.html]
[ci.visualillusionsent.net/job/CanaryLib/javadoc/net/canarymod/api/world/blocks/properties/helpers/BlockProperties.html]
[ci.visualillusionsent.net/job/CanaryLib/javadoc/net/canarymod/api/world/blocks/properties/helpers/class-use/BlockProperties.Rotation.html]
[ci.visualillusionsent.net/job/CanaryLib/javadoc/index1e1a.html]
[ci.visualillusionsent.net/job/CanaryLib/javadoc/net/canarymod/api/world/blocks/properties/helpers/BlockProperties.Rotation.html]
[ci.visualillusionsent.net/job/CanaryLib/javadoc/net/canarymod/api/world/blocks/properties/class-use/BlockProperty.html]
[ci.visualillusionsent.net/job/CanaryLib/javadoc/index509d.html]
[ci.visualillusionsent.net/job/CanaryLib/javadoc/net/canarymod/api/world/blocks/properties/BlockProperty.html]
[ci.visualillusionsent.net/job/CanaryLib/javadoc/net/canarymod/hook/player/class-use/BlockRightClickHook.html]
[ci.visualillusionsent.net/job/CanaryLib/javadoc/indexe8f5.html]
[ci.visualillusionsent.net/job/CanaryLib/javadoc/net/canarymod/hook/player/BlockRightClickHook.html]
[ci.visualillusionsent.net/job/CanaryLib/javadoc/net/canarymod/api/world/blocks/class-use/BlockType.html]
[ci.visualillusionsent.net/job/CanaryLib/javadoc/index43e3.html]
[ci.visualillusionsent.net/job/CanaryLib/javadoc/net/canarymod/api/world/blocks/BlockType.html]
[ci.visualillusionsent.net/job/CanaryLib/javadoc/net/canarymod/hook/world/class-use/BlockUpdateHook.html]
[ci.visualillusionsent.net/job/CanaryLib/javadoc/indexf03c.html]
[ci.visualillusionsent.net/job/CanaryLib/javadoc/net/canarymod/hook/world/BlockUpdateHook.html]
[ci.visualillusionsent.net/job/CanaryLib/javadoc/net/canarymod/api/entity/vehicle/class-use/Boat.html]
[ci.visualillusionsent.net/job/CanaryLib/javadoc/indexc629.html]
[ci.visualillusionsent.net/job/CanaryLib/javadoc/net/canarymod/api/entity/vehicle/Boat.html]
[ci.visualillusionsent.net/job/CanaryLib/javadoc/net/canarymod/hook/player/class-use/BookEditHook.html]
[ci.visualillusionsent.net/job/CanaryLib/javadoc/index7e04.html]
[ci.visualillusionsent.net/job/CanaryLib/javadoc/net/canarymod/hook/player/BookEditHook.html]
[ci.visualillusionsent.net/job/CanaryLib/javadoc/net/canarymod/api/inventory/helper/class-use/BookHelper.html]
[ci.visualillusionsent.net/job/CanaryLib/javadoc/index15ad.html]
[ci.visualillusionsent.net/job/CanaryLib/javadoc/net/canarymod/api/inventory/helper/BookHelper.html]
[ci.visualillusionsent.net/job/CanaryLib/javadoc/net/canarymod/api/class-use/BoundingBox.html]
[ci.visualillusionsent.net/job/CanaryLib/javadoc/net/canarymod/api/package-tree.html]
[ci.visualillusionsent.net/job/CanaryLib/javadoc/index678b.html]
[ci.visualillusionsent.net/job/CanaryLib/javadoc/net/canarymod/api/BoundingBox.html]
[ci.visualillusionsent.net/job/CanaryLib/javadoc/net/canarymod/api/world/blocks/class-use/BrewingStand.html]
[ci.visualillusionsent.net/job/CanaryLib/javadoc/indexf2f6.html]
[ci.visualillusionsent.net/job/CanaryLib/javadoc/net/canarymod/api/world/blocks/BrewingStand.html]
[ci.visualillusionsent.net/job/CanaryLib/javadoc/net/canarymod/api/world/blocks/properties/helpers/class-use/BrewingStandProperties.html]
[ci.visualillusionsent.net/job/CanaryLib/javadoc/index9cbf.html]
[ci.visualillusionsent.net/job/CanaryLib/javadoc/net/canarymod/api/world/blocks/properties/helpers/BrewingStandProperties.html]
[ci.visualillusionsent.net/job/CanaryLib/javadoc/net/canarymod/commandsys/commands/vanilla/class-use/Broadcast.html]
[ci.visualillusionsent.net/job/CanaryLib/javadoc/indexbfc5.html]
[ci.visualillusionsent.net/job/CanaryLib/javadoc/net/canarymod/commandsys/commands/vanilla/Broadcast.html]
[ci.visualillusionsent.net/job/CanaryLib/javadoc/net/canarymod/api/inventory/slot/class-use/ButtonPress.html]
[ci.visualillusionsent.net/job/CanaryLib/javadoc/net/canarymod/api/inventory/slot/package-tree.html]
[ci.visualillusionsent.net/job/CanaryLib/javadoc/indexcbc6.html]
[ci.visualillusionsent.net/job/CanaryLib/javadoc/net/canarymod/api/inventory/slot/ButtonPress.html]
[ci.visualillusionsent.net/job/CanaryLib/javadoc/net/canarymod/api/world/blocks/properties/helpers/class-use/ButtonProperties.html]
[ci.visualillusionsent.net/job/CanaryLib/javadoc/index901e.html]
[ci.visualillusionsent.net/job/CanaryLib/javadoc/net/canarymod/api/world/blocks/properties/helpers/ButtonProperties.html]
[ci.visualillusionsent.net/job/CanaryLib/javadoc/net/canarymod/api/nbt/class-use/ByteArrayTag.html]
[ci.visualillusionsent.net/job/CanaryLib/javadoc/indexee53.html]
[ci.visualillusionsent.net/job/CanaryLib/javadoc/net/canarymod/api/nbt/ByteArrayTag.html]
[ci.visualillusionsent.net/job/CanaryLib/javadoc/net/canarymod/api/nbt/class-use/ByteTag.html]
[ci.visualillusionsent.net/job/CanaryLib/javadoc/indexbf01.html]
[ci.visualillusionsent.net/job/CanaryLib/javadoc/net/canarymod/api/nbt/ByteTag.html]
[ci.visualillusionsent.net/job/CanaryLib/javadoc/net/canarymod/api/world/blocks/properties/helpers/class-use/CactusProperties.html]
[ci.visualillusionsent.net/job/CanaryLib/javadoc/indexc056.html]
[ci.visualillusionsent.net/job/CanaryLib/javadoc/net/canarymod/api/world/blocks/properties/helpers/CactusProperties.html]
[ci.visualillusionsent.net/job/CanaryLib/javadoc/net/canarymod/api/world/blocks/properties/helpers/class-use/CakeProperties.html]
[ci.visualillusionsent.net/job/CanaryLib/javadoc/index5c10.html]
[ci.visualillusionsent.net/job/CanaryLib/javadoc/net/canarymod/api/world/blocks/properties/helpers/CakeProperties.html]
[ci.visualillusionsent.net/job/CanaryLib/javadoc/net/canarymod/class-use/Canary.html]
[ci.visualillusionsent.net/job/CanaryLib/javadoc/index9133.html]
[ci.visualillusionsent.net/job/CanaryLib/javadoc/net/canarymod/Canary.html]
[ci.visualillusionsent.net/job/CanaryLib/javadoc/net/canarymod/class-use/CanaryClassLoader.html]
[ci.visualillusionsent.net/job/CanaryLib/javadoc/indexd791.html]
[ci.visualillusionsent.net/job/CanaryLib/javadoc/net/canarymod/CanaryClassLoader.html]
[ci.visualillusionsent.net/job/CanaryLib/javadoc/net/canarymod/commandsys/class-use/CanaryCommand.html]
[ci.visualillusionsent.net/job/CanaryLib/javadoc/net/canarymod/commandsys/package-tree.html]
[ci.visualillusionsent.net/job/CanaryLib/javadoc/indexcdf3.html]
[ci.visualillusionsent.net/job/CanaryLib/javadoc/net/canarymod/commandsys/CanaryCommand.html]
[ci.visualillusionsent.net/job/CanaryLib/javadoc/net/canarymod/commandsys/class-use/CanaryCommandPermissions.html]
[ci.visualillusionsent.net/job/CanaryLib/javadoc/index188e.html]
[ci.visualillusionsent.net/job/CanaryLib/javadoc/net/canarymod/commandsys/CanaryCommandPermissions.html]
[ci.visualillusionsent.net/job/CanaryLib/javadoc/constant-values.html]
[ci.visualillusionsent.net/job/CanaryLib/javadoc/net/canarymod/class-use/CanaryDeserializeException.html]
[ci.visualillusionsent.net/job/CanaryLib/javadoc/indexac24.html]
[ci.visualillusionsent.net/job/CanaryLib/javadoc/net/canarymod/CanaryDeserializeException.html]
[ci.visualillusionsent.net/job/CanaryLib/javadoc/serialized-form.html]
[ci.visualillusionsent.net/job/CanaryLib/javadoc/net/canarymod/motd/class-use/CanaryMessageOfTheDayListener.html]
[ci.visualillusionsent.net/job/CanaryLib/javadoc/net/canarymod/motd/package-tree.html]
[ci.visualillusionsent.net/job/CanaryLib/javadoc/indexdf56.html]
[ci.visualillusionsent.net/job/CanaryLib/javadoc/net/canarymod/motd/CanaryMessageOfTheDayListener.html]
[ci.visualillusionsent.net/job/CanaryLib/javadoc/net/canarymod/metrics/class-use/CanaryMetrics.html]
[ci.visualillusionsent.net/job/CanaryLib/javadoc/net/canarymod/metrics/package-tree.html]
[ci.visualillusionsent.net/job/CanaryLib/javadoc/indexd930.html]
[ci.visualillusionsent.net/job/CanaryLib/javadoc/net/canarymod/metrics/CanaryMetrics.html]
[ci.visualillusionsent.net/job/CanaryLib/javadoc/net/canarymod/commandsys/commands/system/informational/class-use/CanaryModCommand.html]
[ci.visualillusionsent.net/job/CanaryLib/javadoc/net/canarymod/commandsys/commands/system/informational/package-tree.html]
[ci.visualillusionsent.net/job/CanaryLib/javadoc/indexfb59.html]
[ci.visualillusionsent.net/job/CanaryLib/javadoc/net/canarymod/commandsys/commands/system/informational/CanaryModCommand.html]
[ci.visualillusionsent.net/job/CanaryLib/javadoc/net/canarymod/converter/class-use/CanaryToVanilla.html]
[ci.visualillusionsent.net/job/CanaryLib/javadoc/net/canarymod/converter/package-tree.html]
[ci.visualillusionsent.net/job/CanaryLib/javadoc/index622a.html]
[ci.visualillusionsent.net/job/CanaryLib/javadoc/net/canarymod/converter/CanaryToVanilla.html]
[ci.visualillusionsent.net/job/CanaryLib/javadoc/net/canarymod/hook/class-use/CancelableHook.html]
[ci.visualillusionsent.net/job/CanaryLib/javadoc/net/canarymod/hook/package-tree.html]
[ci.visualillusionsent.net/job/CanaryLib/javadoc/index9f30.html]
[ci.visualillusionsent.net/job/CanaryLib/javadoc/net/canarymod/hook/CancelableHook.html]
[ci.visualillusionsent.net/job/CanaryLib/javadoc/net/canarymod/api/world/blocks/properties/helpers/class-use/CarpetProperties.html]
[ci.visualillusionsent.net/job/CanaryLib/javadoc/index64a7.html]
[ci.visualillusionsent.net/job/CanaryLib/javadoc/net/canarymod/api/world/blocks/properties/helpers/CarpetProperties.html]
[ci.visualillusionsent.net/job/CanaryLib/javadoc/net/canarymod/api/world/blocks/properties/helpers/class-use/CauldronProperties.html]
[ci.visualillusionsent.net/job/CanaryLib/javadoc/indexdd56.html]
[ci.visualillusionsent.net/job/CanaryLib/javadoc/net/canarymod/api/world/blocks/properties/helpers/CauldronProperties.html]
[ci.visualillusionsent.net/job/CanaryLib/javadoc/net/canarymod/api/entity/living/monster/class-use/CaveSpider.html]
[ci.visualillusionsent.net/job/CanaryLib/javadoc/index025c.html]
[ci.visualillusionsent.net/job/CanaryLib/javadoc/net/canarymod/api/entity/living/monster/CaveSpider.html]
[ci.visualillusionsent.net/job/CanaryLib/javadoc/net/canarymod/channels/class-use/ChannelListener.html]
[ci.visualillusionsent.net/job/CanaryLib/javadoc/net/canarymod/channels/package-tree.html]
[ci.visualillusionsent.net/job/CanaryLib/javadoc/indexbc33.html]
[ci.visualillusionsent.net/job/CanaryLib/javadoc/net/canarymod/channels/ChannelListener.html]
[ci.visualillusionsent.net/job/CanaryLib/javadoc/net/canarymod/channels/class-use/ChannelManager.html]
[ci.visualillusionsent.net/job/CanaryLib/javadoc/index26f8.html]
[ci.visualillusionsent.net/job/CanaryLib/javadoc/net/canarymod/channels/ChannelManager.html]
[ci.visualillusionsent.net/job/CanaryLib/javadoc/net/canarymod/channels/class-use/ChannelManagerInterface.html]
[ci.visualillusionsent.net/job/CanaryLib/javadoc/index141d.html]
[ci.visualillusionsent.net/job/CanaryLib/javadoc/net/canarymod/channels/ChannelManagerInterface.html]
[ci.visualillusionsent.net/job/CanaryLib/javadoc/net/canarymod/api/chat/class-use/ChatComponent.html]
[ci.visualillusionsent.net/job/CanaryLib/javadoc/net/canarymod/api/chat/package-tree.html]
[ci.visualillusionsent.net/job/CanaryLib/javadoc/index56db.html]
[ci.visualillusionsent.net/job/CanaryLib/javadoc/net/canarymod/api/chat/ChatComponent.html]
[ci.visualillusionsent.net/job/CanaryLib/javadoc/net/canarymod/api/factory/class-use/ChatComponentFactory.html]
[ci.visualillusionsent.net/job/CanaryLib/javadoc/index68e4.html]
[ci.visualillusionsent.net/job/CanaryLib/javadoc/net/canarymod/api/factory/ChatComponentFactory.html]
[ci.visualillusionsent.net/job/CanaryLib/javadoc/net/canarymod/chat/class-use/ChatFormat.html]
[ci.visualillusionsent.net/job/CanaryLib/javadoc/net/canarymod/chat/package-tree.html]
[ci.visualillusionsent.net/job/CanaryLib/javadoc/indexde64.html]
[ci.visualillusionsent.net/job/CanaryLib/javadoc/net/canarymod/chat/ChatFormat.html]
[ci.visualillusionsent.net/job/CanaryLib/javadoc/net/canarymod/api/chat/class-use/ChatFormatting.html]
[ci.visualillusionsent.net/job/CanaryLib/javadoc/index925a.html]
[ci.visualillusionsent.net/job/CanaryLib/javadoc/net/canarymod/api/chat/ChatFormatting.html]
[ci.visualillusionsent.net/job/CanaryLib/javadoc/net/canarymod/hook/player/class-use/ChatHook.html]
[ci.visualillusionsent.net/job/CanaryLib/javadoc/index645f.html]
[ci.visualillusionsent.net/job/CanaryLib/javadoc/net/canarymod/hook/player/ChatHook.html]
[ci.visualillusionsent.net/job/CanaryLib/javadoc/net/canarymod/api/chat/class-use/ChatStyle.html]
[ci.visualillusionsent.net/job/CanaryLib/javadoc/index8436.html]
[ci.visualillusionsent.net/job/CanaryLib/javadoc/net/canarymod/api/chat/ChatStyle.html]
[ci.visualillusionsent.net/job/CanaryLib/javadoc/net/canarymod/api/world/blocks/class-use/Chest.html]
[ci.visualillusionsent.net/job/CanaryLib/javadoc/index6e00.html]
[ci.visualillusionsent.net/job/CanaryLib/javadoc/net/canarymod/api/world/blocks/Chest.html]
[ci.visualillusionsent.net/job/CanaryLib/javadoc/net/canarymod/api/entity/vehicle/class-use/ChestMinecart.html]
[ci.visualillusionsent.net/job/CanaryLib/javadoc/indexeefa.html]
[ci.visualillusionsent.net/job/CanaryLib/javadoc/net/canarymod/api/entity/vehicle/ChestMinecart.html]
[ci.visualillusionsent.net/job/CanaryLib/javadoc/net/canarymod/api/world/blocks/properties/helpers/class-use/ChestProperties.html]
[ci.visualillusionsent.net/job/CanaryLib/javadoc/index2399.html]
[ci.visualillusionsent.net/job/CanaryLib/javadoc/net/canarymod/api/world/blocks/properties/helpers/ChestProperties.html]
[ci.visualillusionsent.net/job/CanaryLib/javadoc/net/canarymod/api/entity/living/animal/class-use/Chicken.html]
[ci.visualillusionsent.net/job/CanaryLib/javadoc/index73ac.html]
[ci.visualillusionsent.net/job/CanaryLib/javadoc/net/canarymod/api/entity/living/animal/Chicken.html]
[ci.visualillusionsent.net/job/CanaryLib/javadoc/net/canarymod/api/entity/throwable/class-use/ChickenEgg.html]
[ci.visualillusionsent.net/job/CanaryLib/javadoc/net/canarymod/api/entity/throwable/package-tree.html]
[ci.visualillusionsent.net/job/CanaryLib/javadoc/index38d2.html]
[ci.visualillusionsent.net/job/CanaryLib/javadoc/net/canarymod/api/entity/throwable/ChickenEgg.html]
[ci.visualillusionsent.net/job/CanaryLib/javadoc/net/canarymod/hook/entity/class-use/ChickenLayEggHook.html]
[ci.visualillusionsent.net/job/CanaryLib/javadoc/net/canarymod/hook/entity/package-tree.html]
[ci.visualillusionsent.net/job/CanaryLib/javadoc/index979e.html]
[ci.visualillusionsent.net/job/CanaryLib/javadoc/net/canarymod/hook/entity/ChickenLayEggHook.html]
[ci.visualillusionsent.net/job/CanaryLib/javadoc/net/canarymod/api/world/class-use/Chunk.html]
[ci.visualillusionsent.net/job/CanaryLib/javadoc/indexa4c0.html]
[ci.visualillusionsent.net/job/CanaryLib/javadoc/net/canarymod/api/world/Chunk.html]
[ci.visualillusionsent.net/job/CanaryLib/javadoc/net/canarymod/hook/world/class-use/ChunkCreatedHook.html]
[ci.visualillusionsent.net/job/CanaryLib/javadoc/index42db.html]
[ci.visualillusionsent.net/job/CanaryLib/javadoc/net/canarymod/hook/world/ChunkCreatedHook.html]
[ci.visualillusionsent.net/job/CanaryLib/javadoc/net/canarymod/hook/world/class-use/ChunkCreationHook.html]
[ci.visualillusionsent.net/job/CanaryLib/javadoc/indexb762.html]
[ci.visualillusionsent.net/job/CanaryLib/javadoc/net/canarymod/hook/world/ChunkCreationHook.html]
[ci.visualillusionsent.net/job/CanaryLib/javadoc/net/canarymod/hook/world/class-use/ChunkLoadedHook.html]
[ci.visualillusionsent.net/job/CanaryLib/javadoc/indexc7b1.html]
[ci.visualillusionsent.net/job/CanaryLib/javadoc/net/canarymod/hook/world/ChunkLoadedHook.html]
[ci.visualillusionsent.net/job/CanaryLib/javadoc/net/canarymod/api/world/class-use/ChunkProvider.html]
[ci.visualillusionsent.net/job/CanaryLib/javadoc/index4048.html]
[ci.visualillusionsent.net/job/CanaryLib/javadoc/net/canarymod/api/world/ChunkProvider.html]
[ci.visualillusionsent.net/job/CanaryLib/javadoc/net/canarymod/api/world/class-use/ChunkProviderCustom.html]
[ci.visualillusionsent.net/job/CanaryLib/javadoc/indexe2fe.html]
[ci.visualillusionsent.net/job/CanaryLib/javadoc/net/canarymod/api/world/ChunkProviderCustom.html]
[ci.visualillusionsent.net/job/CanaryLib/javadoc/net/canarymod/hook/world/class-use/ChunkUnloadHook.html]
[ci.visualillusionsent.net/job/CanaryLib/javadoc/index0505.html]
[ci.visualillusionsent.net/job/CanaryLib/javadoc/net/canarymod/hook/world/ChunkUnloadHook.html]
[ci.visualillusionsent.net/job/CanaryLib/javadoc/net/canarymod/commandsys/commands/vanilla/class-use/Clear.html]
[ci.visualillusionsent.net/job/CanaryLib/javadoc/indexa9a7.html]
[ci.visualillusionsent.net/job/CanaryLib/javadoc/net/canarymod/commandsys/commands/vanilla/Clear.html]
[ci.visualillusionsent.net/job/CanaryLib/javadoc/net/canarymod/api/entity/living/humanoid/npc/ai/class-use/Clicked.html]
[ci.visualillusionsent.net/job/CanaryLib/javadoc/indexc89c.html]
[ci.visualillusionsent.net/job/CanaryLib/javadoc/net/canarymod/api/entity/living/humanoid/npc/ai/Clicked.html]
[ci.visualillusionsent.net/job/CanaryLib/javadoc/net/canarymod/api/chat/class-use/ClickEvent.html]
[ci.visualillusionsent.net/job/CanaryLib/javadoc/index2d5e.html]
[ci.visualillusionsent.net/job/CanaryLib/javadoc/net/canarymod/api/chat/ClickEvent.html]
[ci.visualillusionsent.net/job/CanaryLib/javadoc/net/canarymod/api/chat/class-use/ClickEventAction.html]
[ci.visualillusionsent.net/job/CanaryLib/javadoc/index8bc0.html]
[ci.visualillusionsent.net/job/CanaryLib/javadoc/net/canarymod/api/chat/ClickEventAction.html]
[ci.visualillusionsent.net/job/CanaryLib/javadoc/net/canarymod/commandsys/commands/vanilla/class-use/Clone.html]
[ci.visualillusionsent.net/job/CanaryLib/javadoc/indexeff0.html]
[ci.visualillusionsent.net/job/CanaryLib/javadoc/net/canarymod/commandsys/commands/vanilla/Clone.html]
[ci.visualillusionsent.net/job/CanaryLib/javadoc/net/canarymod/api/world/blocks/properties/helpers/class-use/CocoaPlantProperties.html]
[ci.visualillusionsent.net/job/CanaryLib/javadoc/index3ac5.html]
[ci.visualillusionsent.net/job/CanaryLib/javadoc/net/canarymod/api/world/blocks/properties/helpers/CocoaPlantProperties.html]
[ci.visualillusionsent.net/job/CanaryLib/javadoc/net/canarymod/api/world/blocks/properties/helpers/class-use/ColoredBlockProperties.html]
[ci.visualillusionsent.net/job/CanaryLib/javadoc/index0514.html]
[ci.visualillusionsent.net/job/CanaryLib/javadoc/net/canarymod/api/world/blocks/properties/helpers/ColoredBlockProperties.html]
[ci.visualillusionsent.net/job/CanaryLib/javadoc/net/canarymod/chat/class-use/Colors.html]
[ci.visualillusionsent.net/job/CanaryLib/javadoc/index579a.html]
[ci.visualillusionsent.net/job/CanaryLib/javadoc/net/canarymod/chat/Colors.html]
[ci.visualillusionsent.net/job/CanaryLib/javadoc/net/canarymod/database/class-use/Column.html]
[ci.visualillusionsent.net/job/CanaryLib/javadoc/net/canarymod/database/package-tree.html]
[ci.visualillusionsent.net/job/CanaryLib/javadoc/indexa666.html]
[ci.visualillusionsent.net/job/CanaryLib/javadoc/net/canarymod/database/Column.html]
[ci.visualillusionsent.net/job/CanaryLib/javadoc/net/canarymod/database/class-use/Column.ColumnType.html]
[ci.visualillusionsent.net/job/CanaryLib/javadoc/index13f6.html]
[ci.visualillusionsent.net/job/CanaryLib/javadoc/net/canarymod/database/Column.ColumnType.html]
[ci.visualillusionsent.net/job/CanaryLib/javadoc/net/canarymod/database/class-use/Column.DataType.html]
[ci.visualillusionsent.net/job/CanaryLib/javadoc/index0126.html]
[ci.visualillusionsent.net/job/CanaryLib/javadoc/net/canarymod/database/Column.DataType.html]
[ci.visualillusionsent.net/job/CanaryLib/javadoc/net/canarymod/commandsys/class-use/Command.html]
[ci.visualillusionsent.net/job/CanaryLib/javadoc/index16d3.html]
[ci.visualillusionsent.net/job/CanaryLib/javadoc/net/canarymod/commandsys/Command.html]
[ci.visualillusionsent.net/job/CanaryLib/javadoc/net/canarymod/api/world/blocks/class-use/CommandBlock.html]
[ci.visualillusionsent.net/job/CanaryLib/javadoc/indexbf4a.html]
[ci.visualillusionsent.net/job/CanaryLib/javadoc/net/canarymod/api/world/blocks/CommandBlock.html]
[ci.visualillusionsent.net/job/CanaryLib/javadoc/net/canarymod/hook/command/class-use/CommandBlockCommandHook.html]
[ci.visualillusionsent.net/job/CanaryLib/javadoc/net/canarymod/hook/command/package-tree.html]
[ci.visualillusionsent.net/job/CanaryLib/javadoc/index0b61.html]
[ci.visualillusionsent.net/job/CanaryLib/javadoc/net/canarymod/hook/command/CommandBlockCommandHook.html]
[ci.visualillusionsent.net/job/CanaryLib/javadoc/net/canarymod/api/class-use/CommandBlockLogic.html]
[ci.visualillusionsent.net/job/CanaryLib/javadoc/indexf2e8.html]
[ci.visualillusionsent.net/job/CanaryLib/javadoc/net/canarymod/api/CommandBlockLogic.html]
[ci.visualillusionsent.net/job/CanaryLib/javadoc/net/canarymod/api/entity/vehicle/class-use/CommandBlockMinecart.html]
[ci.visualillusionsent.net/job/CanaryLib/javadoc/indexf783.html]
[ci.visualillusionsent.net/job/CanaryLib/javadoc/net/canarymod/api/entity/vehicle/CommandBlockMinecart.html]
[ci.visualillusionsent.net/job/CanaryLib/javadoc/net/canarymod/api/world/blocks/properties/helpers/class-use/CommandBlockProperties.html]
[ci.visualillusionsent.net/job/CanaryLib/javadoc/indexa855.html]
[ci.visualillusionsent.net/job/CanaryLib/javadoc/net/canarymod/api/world/blocks/properties/helpers/CommandBlockProperties.html]
[ci.visualillusionsent.net/job/CanaryLib/javadoc/net/canarymod/commandsys/class-use/CommandDependencyException.html]
[ci.visualillusionsent.net/job/CanaryLib/javadoc/index33f5.html]
[ci.visualillusionsent.net/job/CanaryLib/javadoc/net/canarymod/commandsys/CommandDependencyException.html]
[ci.visualillusionsent.net/job/CanaryLib/javadoc/net/canarymod/commandsys/class-use/CommandException.html]
[ci.visualillusionsent.net/job/CanaryLib/javadoc/index72b2.html]
[ci.visualillusionsent.net/job/CanaryLib/javadoc/net/canarymod/commandsys/CommandException.html]
[ci.visualillusionsent.net/job/CanaryLib/javadoc/net/canarymod/commandsys/class-use/CommandList.html]
[ci.visualillusionsent.net/job/CanaryLib/javadoc/index11b6.html]
[ci.visualillusionsent.net/job/CanaryLib/javadoc/net/canarymod/commandsys/CommandList.html]
[ci.visualillusionsent.net/job/CanaryLib/javadoc/net/canarymod/commandsys/class-use/CommandListener.html]
[ci.visualillusionsent.net/job/CanaryLib/javadoc/index6ad1.html]
[ci.visualillusionsent.net/job/CanaryLib/javadoc/net/canarymod/commandsys/CommandListener.html]
[ci.visualillusionsent.net/job/CanaryLib/javadoc/net/canarymod/commandsys/class-use/CommandManager.html]
[ci.visualillusionsent.net/job/CanaryLib/javadoc/indexaab7.html]
[ci.visualillusionsent.net/job/CanaryLib/javadoc/net/canarymod/commandsys/CommandManager.html]
[ci.visualillusionsent.net/job/CanaryLib/javadoc/net/canarymod/commandsys/class-use/CommandOwner.html]
[ci.visualillusionsent.net/job/CanaryLib/javadoc/index8edd.html]
[ci.visualillusionsent.net/job/CanaryLib/javadoc/net/canarymod/commandsys/CommandOwner.html]
[ci.visualillusionsent.net/job/CanaryLib/javadoc/net/canarymod/api/world/blocks/class-use/Comparator.html]
[ci.visualillusionsent.net/job/CanaryLib/javadoc/indexd520.html]
[ci.visualillusionsent.net/job/CanaryLib/javadoc/net/canarymod/api/world/blocks/Comparator.html]
[ci.visualillusionsent.net/job/CanaryLib/javadoc/net/canarymod/commandsys/commands/player/class-use/Compass.html]
[ci.visualillusionsent.net/job/CanaryLib/javadoc/net/canarymod/commandsys/commands/player/package-tree.html]
[ci.visualillusionsent.net/job/CanaryLib/javadoc/index60bb.html]
[ci.visualillusionsent.net/job/CanaryLib/javadoc/net/canarymod/commandsys/commands/player/Compass.html]
[ci.visualillusionsent.net/job/CanaryLib/javadoc/net/canarymod/api/nbt/class-use/CompoundTag.html]
[ci.visualillusionsent.net/job/CanaryLib/javadoc/indexaaff.html]
[ci.visualillusionsent.net/job/CanaryLib/javadoc/net/canarymod/api/nbt/CompoundTag.html]
[ci.visualillusionsent.net/job/CanaryLib/javadoc/net/canarymod/config/class-use/Configuration.html]
[ci.visualillusionsent.net/job/CanaryLib/javadoc/net/canarymod/config/package-tree.html]
[ci.visualillusionsent.net/job/CanaryLib/javadoc/index6c75.html]
[ci.visualillusionsent.net/job/CanaryLib/javadoc/net/canarymod/config/Configuration.html]
[ci.visualillusionsent.net/job/CanaryLib/javadoc/net/canarymod/config/class-use/ConfigurationContainer.html]
[ci.visualillusionsent.net/job/CanaryLib/javadoc/index6985.html]
[ci.visualillusionsent.net/job/CanaryLib/javadoc/net/canarymod/config/ConfigurationContainer.html]
[ci.visualillusionsent.net/job/CanaryLib/javadoc/net/canarymod/api/class-use/ConfigurationManager.html]
[ci.visualillusionsent.net/job/CanaryLib/javadoc/indexa037.html]
[ci.visualillusionsent.net/job/CanaryLib/javadoc/net/canarymod/api/ConfigurationManager.html]
[ci.visualillusionsent.net/job/CanaryLib/javadoc/net/canarymod/hook/player/class-use/ConnectionHook.html]
[ci.visualillusionsent.net/job/CanaryLib/javadoc/index58fe.html]
[ci.visualillusionsent.net/job/CanaryLib/javadoc/net/canarymod/hook/player/ConnectionHook.html]
[ci.visualillusionsent.net/job/CanaryLib/javadoc/net/canarymod/hook/command/class-use/ConsoleCommandHook.html]
[ci.visualillusionsent.net/job/CanaryLib/javadoc/index2601.html]
[ci.visualillusionsent.net/job/CanaryLib/javadoc/net/canarymod/hook/command/ConsoleCommandHook.html]
[ci.visualillusionsent.net/job/CanaryLib/javadoc/net/canarymod/api/entity/vehicle/class-use/ContainerMinecart.html]
[ci.visualillusionsent.net/job/CanaryLib/javadoc/index58dd.html]
[ci.visualillusionsent.net/job/CanaryLib/javadoc/net/canarymod/api/entity/vehicle/ContainerMinecart.html]
[ci.visualillusionsent.net/job/CanaryLib/javadoc/net/canarymod/api/entity/living/animal/class-use/Cow.html]
[ci.visualillusionsent.net/job/CanaryLib/javadoc/index3676.html]
[ci.visualillusionsent.net/job/CanaryLib/javadoc/net/canarymod/api/entity/living/animal/Cow.html]
[ci.visualillusionsent.net/job/CanaryLib/javadoc/net/canarymod/hook/player/class-use/CraftHook.html]
[ci.visualillusionsent.net/job/CanaryLib/javadoc/indexb87f.html]
[ci.visualillusionsent.net/job/CanaryLib/javadoc/net/canarymod/hook/player/CraftHook.html]
[ci.visualillusionsent.net/job/CanaryLib/javadoc/net/canarymod/api/inventory/class-use/CraftingMatrix.html]
[ci.visualillusionsent.net/job/CanaryLib/javadoc/index6e34.html]
[ci.visualillusionsent.net/job/CanaryLib/javadoc/net/canarymod/api/inventory/CraftingMatrix.html]
[ci.visualillusionsent.net/job/CanaryLib/javadoc/net/canarymod/api/inventory/recipes/class-use/CraftingRecipe.html]
[ci.visualillusionsent.net/job/CanaryLib/javadoc/net/canarymod/api/inventory/recipes/package-tree.html]
[ci.visualillusionsent.net/job/CanaryLib/javadoc/indexe683.html]
[ci.visualillusionsent.net/job/CanaryLib/javadoc/net/canarymod/api/inventory/recipes/CraftingRecipe.html]
[ci.visualillusionsent.net/job/CanaryLib/javadoc/net/canarymod/commandsys/commands/system/class-use/CreateVanilla.html]
[ci.visualillusionsent.net/job/CanaryLib/javadoc/net/canarymod/commandsys/commands/system/package-tree.html]
[ci.visualillusionsent.net/job/CanaryLib/javadoc/index82af.html]
[ci.visualillusionsent.net/job/CanaryLib/javadoc/net/canarymod/commandsys/commands/system/CreateVanilla.html]
[ci.visualillusionsent.net/job/CanaryLib/javadoc/net/canarymod/commandsys/commands/world/class-use/CreateWorldCommand.html]
[ci.visualillusionsent.net/job/CanaryLib/javadoc/net/canarymod/commandsys/commands/world/package-tree.html]
[ci.visualillusionsent.net/job/CanaryLib/javadoc/index23cc.html]
[ci.visualillusionsent.net/job/CanaryLib/javadoc/net/canarymod/commandsys/commands/world/CreateWorldCommand.html]
[ci.visualillusionsent.net/job/CanaryLib/javadoc/net/canarymod/api/entity/living/monster/class-use/Creeper.html]
[ci.visualillusionsent.net/job/CanaryLib/javadoc/indexdc0d.html]
[ci.visualillusionsent.net/job/CanaryLib/javadoc/net/canarymod/api/entity/living/monster/Creeper.html]
[ci.visualillusionsent.net/job/CanaryLib/javadoc/net/canarymod/api/scoreboard/class-use/CriteriaType.html]
[ci.visualillusionsent.net/job/CanaryLib/javadoc/net/canarymod/api/scoreboard/package-tree.html]
[ci.visualillusionsent.net/job/CanaryLib/javadoc/index7568.html]
[ci.visualillusionsent.net/job/CanaryLib/javadoc/net/canarymod/api/scoreboard/CriteriaType.html]
[ci.visualillusionsent.net/job/CanaryLib/javadoc/net/canarymod/api/world/blocks/properties/helpers/class-use/CropsProperties.html]
[ci.visualillusionsent.net/job/CanaryLib/javadoc/index2131.html]
[ci.visualillusionsent.net/job/CanaryLib/javadoc/net/canarymod/api/world/blocks/properties/helpers/CropsProperties.html]
[ci.visualillusionsent.net/job/CanaryLib/javadoc/net/canarymod/api/world/blocks/class-use/CustomBlockTypeException.html]
[ci.visualillusionsent.net/job/CanaryLib/javadoc/index1c7e.html]
[ci.visualillusionsent.net/job/CanaryLib/javadoc/net/canarymod/api/world/blocks/CustomBlockTypeException.html]
[ci.visualillusionsent.net/job/CanaryLib/javadoc/net/canarymod/channels/class-use/CustomPayloadChannelException.html]
[ci.visualillusionsent.net/job/CanaryLib/javadoc/index8e4e.html]
[ci.visualillusionsent.net/job/CanaryLib/javadoc/net/canarymod/channels/CustomPayloadChannelException.html]
[ci.visualillusionsent.net/job/CanaryLib/javadoc/net/canarymod/api/inventory/class-use/CustomStorageInventory.html]
[ci.visualillusionsent.net/job/CanaryLib/javadoc/index25cd.html]
[ci.visualillusionsent.net/job/CanaryLib/javadoc/net/canarymod/api/inventory/CustomStorageInventory.html]
[ci.visualillusionsent.net/job/CanaryLib/javadoc/net/canarymod/hook/entity/class-use/DamageHook.html]
[ci.visualillusionsent.net/job/CanaryLib/javadoc/index6ad6.html]
[ci.visualillusionsent.net/job/CanaryLib/javadoc/net/canarymod/hook/entity/DamageHook.html]
[ci.visualillusionsent.net/job/CanaryLib/javadoc/net/canarymod/api/class-use/DamageSource.html]
[ci.visualillusionsent.net/job/CanaryLib/javadoc/indexfc30.html]
[ci.visualillusionsent.net/job/CanaryLib/javadoc/net/canarymod/api/DamageSource.html]
[ci.visualillusionsent.net/job/CanaryLib/javadoc/net/canarymod/api/class-use/DamageType.html]
[ci.visualillusionsent.net/job/CanaryLib/javadoc/index3925.html]
[ci.visualillusionsent.net/job/CanaryLib/javadoc/net/canarymod/api/DamageType.html]
[ci.visualillusionsent.net/job/CanaryLib/javadoc/net/canarymod/database/class-use/DataAccess.html]
[ci.visualillusionsent.net/job/CanaryLib/javadoc/index6a5b.html]
[ci.visualillusionsent.net/job/CanaryLib/javadoc/net/canarymod/database/DataAccess.html]
[ci.visualillusionsent.net/job/CanaryLib/javadoc/net/canarymod/database/class-use/Database.html]
[ci.visualillusionsent.net/job/CanaryLib/javadoc/indexf731.html]
[ci.visualillusionsent.net/job/CanaryLib/javadoc/net/canarymod/database/Database.html]
[ci.visualillusionsent.net/job/CanaryLib/javadoc/net/canarymod/database/class-use/Database.Type.html]
[ci.visualillusionsent.net/job/CanaryLib/javadoc/index9762.html]
[ci.visualillusionsent.net/job/CanaryLib/javadoc/net/canarymod/database/Database.Type.html]
[ci.visualillusionsent.net/job/CanaryLib/javadoc/net/canarymod/database/exceptions/class-use/DatabaseAccessException.html]
[ci.visualillusionsent.net/job/CanaryLib/javadoc/net/canarymod/database/exceptions/package-tree.html]
[ci.visualillusionsent.net/job/CanaryLib/javadoc/indexd89b.html]
[ci.visualillusionsent.net/job/CanaryLib/javadoc/net/canarymod/database/exceptions/DatabaseAccessException.html]
[ci.visualillusionsent.net/job/CanaryLib/javadoc/net/canarymod/config/class-use/DatabaseConfiguration.html]
[ci.visualillusionsent.net/job/CanaryLib/javadoc/indexbb8e.html]
[ci.visualillusionsent.net/job/CanaryLib/javadoc/net/canarymod/config/DatabaseConfiguration.html]
[ci.visualillusionsent.net/job/CanaryLib/javadoc/net/canarymod/database/exceptions/class-use/DatabaseException.html]
[ci.visualillusionsent.net/job/CanaryLib/javadoc/index65a3.html]
[ci.visualillusionsent.net/job/CanaryLib/javadoc/net/canarymod/database/exceptions/DatabaseException.html]
[ci.visualillusionsent.net/job/CanaryLib/javadoc/net/canarymod/database/class-use/DatabaseLoader.html]
[ci.visualillusionsent.net/job/CanaryLib/javadoc/index1d73.html]
[ci.visualillusionsent.net/job/CanaryLib/javadoc/net/canarymod/database/DatabaseLoader.html]
[ci.visualillusionsent.net/job/CanaryLib/javadoc/net/canarymod/database/exceptions/class-use/DatabaseReadException.html]
[ci.visualillusionsent.net/job/CanaryLib/javadoc/index0f3b.html]
[ci.visualillusionsent.net/job/CanaryLib/javadoc/net/canarymod/database/exceptions/DatabaseReadException.html]
[ci.visualillusionsent.net/job/CanaryLib/javadoc/net/canarymod/database/exceptions/class-use/DatabaseTableInconsistencyException.html]
[ci.visualillusionsent.net/job/CanaryLib/javadoc/index0d35.html]
[ci.visualillusionsent.net/job/CanaryLib/javadoc/net/canarymod/database/exceptions/DatabaseTableInconsistencyException.html]
[ci.visualillusionsent.net/job/CanaryLib/javadoc/net/canarymod/database/exceptions/class-use/DatabaseWriteException.html]
[ci.visualillusionsent.net/job/CanaryLib/javadoc/indexc0ff.html]
[ci.visualillusionsent.net/job/CanaryLib/javadoc/net/canarymod/database/exceptions/DatabaseWriteException.html]
[ci.visualillusionsent.net/job/CanaryLib/javadoc/net/canarymod/api/class-use/DataWatcher.html]
[ci.visualillusionsent.net/job/CanaryLib/javadoc/indexd3f5.html]
[ci.visualillusionsent.net/job/CanaryLib/javadoc/net/canarymod/api/DataWatcher.html]
[ci.visualillusionsent.net/job/CanaryLib/javadoc/net/canarymod/api/world/blocks/class-use/DaylightDetector.html]
[ci.visualillusionsent.net/job/CanaryLib/javadoc/indexbe40.html]
[ci.visualillusionsent.net/job/CanaryLib/javadoc/net/canarymod/api/world/blocks/DaylightDetector.html]
[ci.visualillusionsent.net/job/CanaryLib/javadoc/net/canarymod/api/world/blocks/properties/helpers/class-use/DaylightDetectorProperties.html]
[ci.visualillusionsent.net/job/CanaryLib/javadoc/index6c52.html]
[ci.visualillusionsent.net/job/CanaryLib/javadoc/net/canarymod/api/world/blocks/properties/helpers/DaylightDetectorProperties.html]
[ci.visualillusionsent.net/job/CanaryLib/javadoc/net/canarymod/commandsys/commands/vanilla/class-use/Debug.html]
[ci.visualillusionsent.net/job/CanaryLib/javadoc/indexe344.html]
[ci.visualillusionsent.net/job/CanaryLib/javadoc/net/canarymod/commandsys/commands/vanilla/Debug.html]
[ci.visualillusionsent.net/job/CanaryLib/javadoc/net/canarymod/hook/world/class-use/DecorateHook.html]
[ci.visualillusionsent.net/job/CanaryLib/javadoc/index2ebe.html]
[ci.visualillusionsent.net/job/CanaryLib/javadoc/net/canarymod/hook/world/DecorateHook.html]
[ci.visualillusionsent.net/job/CanaryLib/javadoc/net/canarymod/hook/world/class-use/DecorateHook.DecoratorType.html]
[ci.visualillusionsent.net/job/CanaryLib/javadoc/indexe466.html]
[ci.visualillusionsent.net/job/CanaryLib/javadoc/net/canarymod/hook/world/DecorateHook.DecoratorType.html]
[ci.visualillusionsent.net/job/CanaryLib/javadoc/net/canarymod/commandsys/commands/vanilla/class-use/DefaultGameMode.html]
[ci.visualillusionsent.net/job/CanaryLib/javadoc/indexdc74.html]
[ci.visualillusionsent.net/job/CanaryLib/javadoc/net/canarymod/commandsys/commands/vanilla/DefaultGameMode.html]
[ci.visualillusionsent.net/job/CanaryLib/javadoc/net/canarymod/plugin/class-use/DefaultPluginManager.html]
[ci.visualillusionsent.net/job/CanaryLib/javadoc/net/canarymod/plugin/package-tree.html]
[ci.visualillusionsent.net/job/CanaryLib/javadoc/index1bab.html]
[ci.visualillusionsent.net/job/CanaryLib/javadoc/net/canarymod/plugin/DefaultPluginManager.html]
[ci.visualillusionsent.net/job/CanaryLib/javadoc/net/canarymod/commandsys/commands/vanilla/class-use/DefaultSpawnpoint.html]
[ci.visualillusionsent.net/job/CanaryLib/javadoc/index10d6.html]
[ci.visualillusionsent.net/job/CanaryLib/javadoc/net/canarymod/commandsys/commands/vanilla/DefaultSpawnpoint.html]
[ci.visualillusionsent.net/job/CanaryLib/javadoc/net/canarymod/commandsys/commands/world/class-use/DeleteWorldCommand.html]
[ci.visualillusionsent.net/job/CanaryLib/javadoc/index3c6a.html]
[ci.visualillusionsent.net/job/CanaryLib/javadoc/net/canarymod/commandsys/commands/world/DeleteWorldCommand.html]
[ci.visualillusionsent.net/job/CanaryLib/javadoc/net/canarymod/commandsys/commands/system/operator/class-use/DeOp.html]
[ci.visualillusionsent.net/job/CanaryLib/javadoc/net/canarymod/commandsys/commands/system/operator/package-tree.html]
[ci.visualillusionsent.net/job/CanaryLib/javadoc/index9da7.html]
[ci.visualillusionsent.net/job/CanaryLib/javadoc/net/canarymod/commandsys/commands/system/operator/DeOp.html]
[ci.visualillusionsent.net/job/CanaryLib/javadoc/net/canarymod/plugin/dependencies/class-use/DependencyGraph.html]
[ci.visualillusionsent.net/job/CanaryLib/javadoc/net/canarymod/plugin/dependencies/package-tree.html]
[ci.visualillusionsent.net/job/CanaryLib/javadoc/index35f1.html]
[ci.visualillusionsent.net/job/CanaryLib/javadoc/net/canarymod/plugin/dependencies/DependencyGraph.html]
[ci.visualillusionsent.net/job/CanaryLib/javadoc/net/canarymod/api/entity/living/humanoid/npc/ai/class-use/Destroyed.html]
[ci.visualillusionsent.net/job/CanaryLib/javadoc/indexf9cf.html]
[ci.visualillusionsent.net/job/CanaryLib/javadoc/net/canarymod/api/entity/living/humanoid/npc/ai/Destroyed.html]
[ci.visualillusionsent.net/job/CanaryLib/javadoc/net/canarymod/commandsys/commands/vanilla/class-use/Difficulty.html]
[ci.visualillusionsent.net/job/CanaryLib/javadoc/index6b39.html]
[ci.visualillusionsent.net/job/CanaryLib/javadoc/net/canarymod/commandsys/commands/vanilla/Difficulty.html]
[ci.visualillusionsent.net/job/CanaryLib/javadoc/net/canarymod/hook/entity/class-use/DimensionSwitchHook.html]
[ci.visualillusionsent.net/job/CanaryLib/javadoc/indexedf2.html]
[ci.visualillusionsent.net/job/CanaryLib/javadoc/net/canarymod/hook/entity/DimensionSwitchHook.html]
[ci.visualillusionsent.net/job/CanaryLib/javadoc/net/canarymod/api/world/class-use/DimensionType.html]
[ci.visualillusionsent.net/job/CanaryLib/javadoc/index5b7d.html]
[ci.visualillusionsent.net/job/CanaryLib/javadoc/net/canarymod/api/world/DimensionType.html]
[ci.visualillusionsent.net/job/CanaryLib/javadoc/net/canarymod/api/world/position/class-use/Direction.html]
[ci.visualillusionsent.net/job/CanaryLib/javadoc/net/canarymod/api/world/position/package-tree.html]
[ci.visualillusionsent.net/job/CanaryLib/javadoc/indexcf44.html]
[ci.visualillusionsent.net/job/CanaryLib/javadoc/net/canarymod/api/world/position/Direction.html]
[ci.visualillusionsent.net/job/CanaryLib/javadoc/net/canarymod/api/world/blocks/properties/helpers/class-use/DirectionalBlockProperties.html]
[ci.visualillusionsent.net/job/CanaryLib/javadoc/index4a54.html]
[ci.visualillusionsent.net/job/CanaryLib/javadoc/net/canarymod/api/world/blocks/properties/helpers/DirectionalBlockProperties.html]
[ci.visualillusionsent.net/job/CanaryLib/javadoc/net/canarymod/api/world/blocks/properties/helpers/class-use/DirtProperties.html]
[ci.visualillusionsent.net/job/CanaryLib/javadoc/index0228.html]
[ci.visualillusionsent.net/job/CanaryLib/javadoc/net/canarymod/api/world/blocks/properties/helpers/DirtProperties.html]
[ci.visualillusionsent.net/job/CanaryLib/javadoc/net/canarymod/api/world/blocks/properties/helpers/class-use/DirtProperties.Variant.html]
[ci.visualillusionsent.net/job/CanaryLib/javadoc/index8a02.html]
[ci.visualillusionsent.net/job/CanaryLib/javadoc/net/canarymod/api/world/blocks/properties/helpers/DirtProperties.Variant.html]
[ci.visualillusionsent.net/job/CanaryLib/javadoc/net/canarymod/hook/player/class-use/DisconnectionHook.html]
[ci.visualillusionsent.net/job/CanaryLib/javadoc/index2805.html]
[ci.visualillusionsent.net/job/CanaryLib/javadoc/net/canarymod/hook/player/DisconnectionHook.html]
[ci.visualillusionsent.net/job/CanaryLib/javadoc/net/canarymod/hook/class-use/Dispatcher.html]
[ci.visualillusionsent.net/job/CanaryLib/javadoc/indexcaf8.html]
[ci.visualillusionsent.net/job/CanaryLib/javadoc/net/canarymod/hook/Dispatcher.html]
[ci.visualillusionsent.net/job/CanaryLib/javadoc/net/canarymod/hook/world/class-use/DispenseHook.html]
[ci.visualillusionsent.net/job/CanaryLib/javadoc/index49fa.html]
[ci.visualillusionsent.net/job/CanaryLib/javadoc/net/canarymod/hook/world/DispenseHook.html]
[ci.visualillusionsent.net/job/CanaryLib/javadoc/net/canarymod/api/world/blocks/class-use/Dispenser.html]
[ci.visualillusionsent.net/job/CanaryLib/javadoc/indexd578.html]
[ci.visualillusionsent.net/job/CanaryLib/javadoc/net/canarymod/api/world/blocks/Dispenser.html]
[ci.visualillusionsent.net/job/CanaryLib/javadoc/net/canarymod/api/world/blocks/properties/helpers/class-use/DispenserProperties.html]
[ci.visualillusionsent.net/job/CanaryLib/javadoc/index4168.html]
[ci.visualillusionsent.net/job/CanaryLib/javadoc/net/canarymod/api/world/blocks/properties/helpers/DispenserProperties.html]
[ci.visualillusionsent.net/job/CanaryLib/javadoc/net/canarymod/api/world/blocks/properties/helpers/class-use/DoorProperties.html]
[ci.visualillusionsent.net/job/CanaryLib/javadoc/indexc48e.html]
[ci.visualillusionsent.net/job/CanaryLib/javadoc/net/canarymod/api/world/blocks/properties/helpers/DoorProperties.html]
[ci.visualillusionsent.net/job/CanaryLib/javadoc/net/canarymod/api/world/blocks/properties/helpers/class-use/DoorProperties.Half.html]
[ci.visualillusionsent.net/job/CanaryLib/javadoc/index84b0.html]
[ci.visualillusionsent.net/job/CanaryLib/javadoc/net/canarymod/api/world/blocks/properties/helpers/DoorProperties.Half.html]
[ci.visualillusionsent.net/job/CanaryLib/javadoc/net/canarymod/api/world/blocks/properties/helpers/class-use/DoorProperties.HingePosition.html]
[ci.visualillusionsent.net/job/CanaryLib/javadoc/index3fb0.html]
[ci.visualillusionsent.net/job/CanaryLib/javadoc/net/canarymod/api/world/blocks/properties/helpers/DoorProperties.HingePosition.html]
[ci.visualillusionsent.net/job/CanaryLib/javadoc/net/canarymod/api/world/blocks/class-use/DoubleChest.html]
[ci.visualillusionsent.net/job/CanaryLib/javadoc/indexe49e.html]
[ci.visualillusionsent.net/job/CanaryLib/javadoc/net/canarymod/api/world/blocks/DoubleChest.html]
[ci.visualillusionsent.net/job/CanaryLib/javadoc/net/canarymod/api/world/blocks/properties/helpers/class-use/DoublePlantProperties.html]
[ci.visualillusionsent.net/job/CanaryLib/javadoc/indexca1e.html]
[ci.visualillusionsent.net/job/CanaryLib/javadoc/net/canarymod/api/world/blocks/properties/helpers/DoublePlantProperties.html]
[ci.visualillusionsent.net/job/CanaryLib/javadoc/net/canarymod/api/world/blocks/properties/helpers/class-use/DoublePlantProperties.Half.html]
[ci.visualillusionsent.net/job/CanaryLib/javadoc/index94d4.html]
[ci.visualillusionsent.net/job/CanaryLib/javadoc/net/canarymod/api/world/blocks/properties/helpers/DoublePlantProperties.Half.html]
[ci.visualillusionsent.net/job/CanaryLib/javadoc/net/canarymod/api/world/blocks/properties/helpers/class-use/DoublePlantProperties.Variant.html]
[ci.visualillusionsent.net/job/CanaryLib/javadoc/indexd733.html]
[ci.visualillusionsent.net/job/CanaryLib/javadoc/net/canarymod/api/world/blocks/properties/helpers/DoublePlantProperties.Variant.html]
[ci.visualillusionsent.net/job/CanaryLib/javadoc/net/canarymod/api/world/blocks/properties/helpers/class-use/DoubleStoneSlabNewProperties.html]
[ci.visualillusionsent.net/job/CanaryLib/javadoc/index6ae3.html]
[ci.visualillusionsent.net/job/CanaryLib/javadoc/net/canarymod/api/world/blocks/properties/helpers/DoubleStoneSlabNewProperties.html]
[ci.visualillusionsent.net/job/CanaryLib/javadoc/net/canarymod/api/world/blocks/properties/helpers/class-use/DoubleStoneSlabProperties.html]
[ci.visualillusionsent.net/job/CanaryLib/javadoc/index611b.html]
[ci.visualillusionsent.net/job/CanaryLib/javadoc/net/canarymod/api/world/blocks/properties/helpers/DoubleStoneSlabProperties.html]
[ci.visualillusionsent.net/job/CanaryLib/javadoc/net/canarymod/api/nbt/class-use/DoubleTag.html]
[ci.visualillusionsent.net/job/CanaryLib/javadoc/indexb0fe.html]
[ci.visualillusionsent.net/job/CanaryLib/javadoc/net/canarymod/api/nbt/DoubleTag.html]
[ci.visualillusionsent.net/job/CanaryLib/javadoc/net/canarymod/api/world/blocks/class-use/Dropper.html]
[ci.visualillusionsent.net/job/CanaryLib/javadoc/indexc1ab.html]
[ci.visualillusionsent.net/job/CanaryLib/javadoc/net/canarymod/api/world/blocks/Dropper.html]
[ci.visualillusionsent.net/job/CanaryLib/javadoc/net/canarymod/commandsys/class-use/DuplicateCommandException.html]
[ci.visualillusionsent.net/job/CanaryLib/javadoc/index1154.html]
[ci.visualillusionsent.net/job/CanaryLib/javadoc/net/canarymod/commandsys/DuplicateCommandException.html]
[ci.visualillusionsent.net/job/CanaryLib/javadoc/net/canarymod/api/class-use/DyeColor.html]
[ci.visualillusionsent.net/job/CanaryLib/javadoc/indexb0c1.html]
[ci.visualillusionsent.net/job/CanaryLib/javadoc/net/canarymod/api/DyeColor.html]
[ci.visualillusionsent.net/job/CanaryLib/javadoc/net/canarymod/commandsys/class-use/DynamicCommandAnnotation.html]
[ci.visualillusionsent.net/job/CanaryLib/javadoc/index0f1f.html]
[ci.visualillusionsent.net/job/CanaryLib/javadoc/net/canarymod/commandsys/DynamicCommandAnnotation.html]
[ci.visualillusionsent.net/job/CanaryLib/javadoc/net/canarymod/commandsys/class-use/DynamicTabCompleteAnnotation.html]
[ci.visualillusionsent.net/job/CanaryLib/javadoc/indexcee9.html]
[ci.visualillusionsent.net/job/CanaryLib/javadoc/net/canarymod/commandsys/DynamicTabCompleteAnnotation.html]
[ci.visualillusionsent.net/job/CanaryLib/javadoc/net/canarymod/hook/player/class-use/EatHook.html]
[ci.visualillusionsent.net/job/CanaryLib/javadoc/index56ae.html]
[ci.visualillusionsent.net/job/CanaryLib/javadoc/net/canarymod/hook/player/EatHook.html]
[ci.visualillusionsent.net/job/CanaryLib/javadoc/net/canarymod/commandsys/commands/vanilla/class-use/Effect.html]
[ci.visualillusionsent.net/job/CanaryLib/javadoc/index94d0.html]
[ci.visualillusionsent.net/job/CanaryLib/javadoc/net/canarymod/commandsys/commands/vanilla/Effect.html]
[ci.visualillusionsent.net/job/CanaryLib/javadoc/net/canarymod/commandsys/commands/vanilla/class-use/Emote.html]
[ci.visualillusionsent.net/job/CanaryLib/javadoc/indexe086.html]
[ci.visualillusionsent.net/job/CanaryLib/javadoc/net/canarymod/commandsys/commands/vanilla/Emote.html]
[ci.visualillusionsent.net/job/CanaryLib/javadoc/net/canarymod/api/entity/vehicle/class-use/EmptyMinecart.html]
[ci.visualillusionsent.net/job/CanaryLib/javadoc/index5601.html]
[ci.visualillusionsent.net/job/CanaryLib/javadoc/net/canarymod/api/entity/vehicle/EmptyMinecart.html]
[ci.visualillusionsent.net/job/CanaryLib/javadoc/net/canarymod/commandsys/commands/vanilla/class-use/Enchant.html]
[ci.visualillusionsent.net/job/CanaryLib/javadoc/index6220.html]
[ci.visualillusionsent.net/job/CanaryLib/javadoc/net/canarymod/commandsys/commands/vanilla/Enchant.html]
[ci.visualillusionsent.net/job/CanaryLib/javadoc/net/canarymod/hook/player/class-use/EnchantHook.html]
[ci.visualillusionsent.net/job/CanaryLib/javadoc/index3d1b.html]
[ci.visualillusionsent.net/job/CanaryLib/javadoc/net/canarymod/hook/player/EnchantHook.html]
[ci.visualillusionsent.net/job/CanaryLib/javadoc/net/canarymod/api/inventory/class-use/Enchantment.html]
[ci.visualillusionsent.net/job/CanaryLib/javadoc/indexab1b.html]
[ci.visualillusionsent.net/job/CanaryLib/javadoc/net/canarymod/api/inventory/Enchantment.html]
[ci.visualillusionsent.net/job/CanaryLib/javadoc/net/canarymod/api/inventory/class-use/Enchantment.Type.html]
[ci.visualillusionsent.net/job/CanaryLib/javadoc/indexe447.html]
[ci.visualillusionsent.net/job/CanaryLib/javadoc/net/canarymod/api/inventory/Enchantment.Type.html]
[ci.visualillusionsent.net/job/CanaryLib/javadoc/net/canarymod/api/world/blocks/class-use/EnchantmentTable.html]
[ci.visualillusionsent.net/job/CanaryLib/javadoc/indexb903.html]
[ci.visualillusionsent.net/job/CanaryLib/javadoc/net/canarymod/api/world/blocks/EnchantmentTable.html]
[ci.visualillusionsent.net/job/CanaryLib/javadoc/net/canarymod/api/world/blocks/class-use/EnderChest.html]
[ci.visualillusionsent.net/job/CanaryLib/javadoc/index53a9.html]
[ci.visualillusionsent.net/job/CanaryLib/javadoc/net/canarymod/api/world/blocks/EnderChest.html]
[ci.visualillusionsent.net/job/CanaryLib/javadoc/net/canarymod/api/inventory/class-use/EnderChestInventory.html]
[ci.visualillusionsent.net/job/CanaryLib/javadoc/indexa975.html]
[ci.visualillusionsent.net/job/CanaryLib/javadoc/net/canarymod/api/inventory/EnderChestInventory.html]
[ci.visualillusionsent.net/job/CanaryLib/javadoc/net/canarymod/api/world/blocks/properties/helpers/class-use/EnderChestProperties.html]
[ci.visualillusionsent.net/job/CanaryLib/javadoc/indexc48d.html]
[ci.visualillusionsent.net/job/CanaryLib/javadoc/net/canarymod/api/world/blocks/properties/helpers/EnderChestProperties.html]
[ci.visualillusionsent.net/job/CanaryLib/javadoc/net/canarymod/api/entity/class-use/EnderCrystal.html]
[ci.visualillusionsent.net/job/CanaryLib/javadoc/index5ce1.html]
[ci.visualillusionsent.net/job/CanaryLib/javadoc/net/canarymod/api/entity/EnderCrystal.html]
[ci.visualillusionsent.net/job/CanaryLib/javadoc/net/canarymod/api/entity/living/monster/class-use/EnderDragon.html]
[ci.visualillusionsent.net/job/CanaryLib/javadoc/indexdecf.html]
[ci.visualillusionsent.net/job/CanaryLib/javadoc/net/canarymod/api/entity/living/monster/EnderDragon.html]
[ci.visualillusionsent.net/job/CanaryLib/javadoc/net/canarymod/api/entity/class-use/EnderEye.html]
[ci.visualillusionsent.net/job/CanaryLib/javadoc/index4135.html]
[ci.visualillusionsent.net/job/CanaryLib/javadoc/net/canarymod/api/entity/EnderEye.html]
[ci.visualillusionsent.net/job/CanaryLib/javadoc/net/canarymod/api/entity/living/monster/class-use/Enderman.html]
[ci.visualillusionsent.net/job/CanaryLib/javadoc/index82eb.html]
[ci.visualillusionsent.net/job/CanaryLib/javadoc/net/canarymod/api/entity/living/monster/Enderman.html]
[ci.visualillusionsent.net/job/CanaryLib/javadoc/net/canarymod/hook/entity/class-use/EndermanDropBlockHook.html]
[ci.visualillusionsent.net/job/CanaryLib/javadoc/index9062.html]
[ci.visualillusionsent.net/job/CanaryLib/javadoc/net/canarymod/hook/entity/EndermanDropBlockHook.html]
[ci.visualillusionsent.net/job/CanaryLib/javadoc/net/canarymod/hook/entity/class-use/EndermanPickupBlockHook.html]
[ci.visualillusionsent.net/job/CanaryLib/javadoc/index495d.html]
[ci.visualillusionsent.net/job/CanaryLib/javadoc/net/canarymod/hook/entity/EndermanPickupBlockHook.html]
[ci.visualillusionsent.net/job/CanaryLib/javadoc/net/canarymod/api/entity/living/monster/class-use/Endermite.html]
[ci.visualillusionsent.net/job/CanaryLib/javadoc/indexd1ea.html]
[ci.visualillusionsent.net/job/CanaryLib/javadoc/net/canarymod/api/entity/living/monster/Endermite.html]
[ci.visualillusionsent.net/job/CanaryLib/javadoc/net/canarymod/api/entity/throwable/class-use/EnderPearl.html]
[ci.visualillusionsent.net/job/CanaryLib/javadoc/indexec78.html]
[ci.visualillusionsent.net/job/CanaryLib/javadoc/net/canarymod/api/entity/throwable/EnderPearl.html]
[ci.visualillusionsent.net/job/CanaryLib/javadoc/net/canarymod/api/world/blocks/properties/helpers/class-use/EndPortalFrameProperties.html]
[ci.visualillusionsent.net/job/CanaryLib/javadoc/indexa91c.html]
[ci.visualillusionsent.net/job/CanaryLib/javadoc/net/canarymod/api/world/blocks/properties/helpers/EndPortalFrameProperties.html]
[ci.visualillusionsent.net/job/CanaryLib/javadoc/net/canarymod/api/entity/class-use/Entity.html]
[ci.visualillusionsent.net/job/CanaryLib/javadoc/indexbe3a.html]
[ci.visualillusionsent.net/job/CanaryLib/javadoc/net/canarymod/api/entity/Entity.html]
[ci.visualillusionsent.net/job/CanaryLib/javadoc/net/canarymod/api/entity/living/animal/class-use/EntityAnimal.html]
[ci.visualillusionsent.net/job/CanaryLib/javadoc/indexb055.html]
[ci.visualillusionsent.net/job/CanaryLib/javadoc/net/canarymod/api/entity/living/animal/EntityAnimal.html]
[ci.visualillusionsent.net/job/CanaryLib/javadoc/net/canarymod/commandsys/commands/vanilla/class-use/EntityData.html]
[ci.visualillusionsent.net/job/CanaryLib/javadoc/indexff84.html]
[ci.visualillusionsent.net/job/CanaryLib/javadoc/net/canarymod/commandsys/commands/vanilla/EntityData.html]
[ci.visualillusionsent.net/job/CanaryLib/javadoc/net/canarymod/hook/entity/class-use/EntityDeathHook.html]
[ci.visualillusionsent.net/job/CanaryLib/javadoc/index467d.html]
[ci.visualillusionsent.net/job/CanaryLib/javadoc/net/canarymod/hook/entity/EntityDeathHook.html]
[ci.visualillusionsent.net/job/CanaryLib/javadoc/net/canarymod/hook/entity/class-use/EntityDespawnHook.html]
[ci.visualillusionsent.net/job/CanaryLib/javadoc/indexfb34.html]
[ci.visualillusionsent.net/job/CanaryLib/javadoc/net/canarymod/hook/entity/EntityDespawnHook.html]
[ci.visualillusionsent.net/job/CanaryLib/javadoc/net/canarymod/api/factory/class-use/EntityFactory.html]
[ci.visualillusionsent.net/job/CanaryLib/javadoc/index3440.html]
[ci.visualillusionsent.net/job/CanaryLib/javadoc/net/canarymod/api/factory/EntityFactory.html]
[ci.visualillusionsent.net/job/CanaryLib/javadoc/net/canarymod/api/entity/class-use/EntityItem.html]
[ci.visualillusionsent.net/job/CanaryLib/javadoc/indexf2f5.html]
[ci.visualillusionsent.net/job/CanaryLib/javadoc/net/canarymod/api/entity/EntityItem.html]
[ci.visualillusionsent.net/job/CanaryLib/javadoc/net/canarymod/hook/entity/class-use/EntityLightningStruckHook.html]
[ci.visualillusionsent.net/job/CanaryLib/javadoc/index63a6.html]
[ci.visualillusionsent.net/job/CanaryLib/javadoc/net/canarymod/hook/entity/EntityLightningStruckHook.html]
[ci.visualillusionsent.net/job/CanaryLib/javadoc/net/canarymod/api/entity/living/class-use/EntityLiving.html]
[ci.visualillusionsent.net/job/CanaryLib/javadoc/indexf57e.html]
[ci.visualillusionsent.net/job/CanaryLib/javadoc/net/canarymod/api/entity/living/EntityLiving.html]
[ci.visualillusionsent.net/job/CanaryLib/javadoc/net/canarymod/api/entity/living/monster/class-use/EntityMob.html]
[ci.visualillusionsent.net/job/CanaryLib/javadoc/index8abb.html]
[ci.visualillusionsent.net/job/CanaryLib/javadoc/net/canarymod/api/entity/living/monster/EntityMob.html]
[ci.visualillusionsent.net/job/CanaryLib/javadoc/net/canarymod/hook/entity/class-use/EntityMountHook.html]
[ci.visualillusionsent.net/job/CanaryLib/javadoc/indexfeaa.html]
[ci.visualillusionsent.net/job/CanaryLib/javadoc/net/canarymod/hook/entity/EntityMountHook.html]
[ci.visualillusionsent.net/job/CanaryLib/javadoc/net/canarymod/hook/entity/class-use/EntityMoveHook.html]
[ci.visualillusionsent.net/job/CanaryLib/javadoc/index96eb.html]
[ci.visualillusionsent.net/job/CanaryLib/javadoc/net/canarymod/hook/entity/EntityMoveHook.html]
[ci.visualillusionsent.net/job/CanaryLib/javadoc/net/canarymod/api/entity/throwable/class-use/EntityPotion.html]
[ci.visualillusionsent.net/job/CanaryLib/javadoc/index4c28.html]
[ci.visualillusionsent.net/job/CanaryLib/javadoc/net/canarymod/api/entity/throwable/EntityPotion.html]
[ci.visualillusionsent.net/job/CanaryLib/javadoc/net/canarymod/hook/player/class-use/EntityRightClickHook.html]
[ci.visualillusionsent.net/job/CanaryLib/javadoc/index66a8.html]
[ci.visualillusionsent.net/job/CanaryLib/javadoc/net/canarymod/hook/player/EntityRightClickHook.html]
[ci.visualillusionsent.net/job/CanaryLib/javadoc/net/canarymod/hook/entity/class-use/EntitySpawnHook.html]
[ci.visualillusionsent.net/job/CanaryLib/javadoc/index5eff.html]
[ci.visualillusionsent.net/job/CanaryLib/javadoc/net/canarymod/hook/entity/EntitySpawnHook.html]
[ci.visualillusionsent.net/job/CanaryLib/javadoc/net/canarymod/hook/entity/class-use/EntityTameHook.html]
[ci.visualillusionsent.net/job/CanaryLib/javadoc/indexfa40.html]
[ci.visualillusionsent.net/job/CanaryLib/javadoc/net/canarymod/hook/entity/EntityTameHook.html]
[ci.visualillusionsent.net/job/CanaryLib/javadoc/net/canarymod/api/entity/throwable/class-use/EntityThrowable.html]
[ci.visualillusionsent.net/job/CanaryLib/javadoc/index78e7.html]
[ci.visualillusionsent.net/job/CanaryLib/javadoc/net/canarymod/api/entity/throwable/EntityThrowable.html]
[ci.visualillusionsent.net/job/CanaryLib/javadoc/net/canarymod/api/class-use/EntityTracker.html]
[ci.visualillusionsent.net/job/CanaryLib/javadoc/indexd170.html]
[ci.visualillusionsent.net/job/CanaryLib/javadoc/net/canarymod/api/EntityTracker.html]
[ci.visualillusionsent.net/job/CanaryLib/javadoc/net/canarymod/api/class-use/EntityTrackerEntry.html]
[ci.visualillusionsent.net/job/CanaryLib/javadoc/index3fce.html]
[ci.visualillusionsent.net/job/CanaryLib/javadoc/net/canarymod/api/EntityTrackerEntry.html]
[ci.visualillusionsent.net/job/CanaryLib/javadoc/net/canarymod/api/entity/class-use/EntityType.html]
[ci.visualillusionsent.net/job/CanaryLib/javadoc/index1cb3.html]
[ci.visualillusionsent.net/job/CanaryLib/javadoc/net/canarymod/api/entity/EntityType.html]
[ci.visualillusionsent.net/job/CanaryLib/javadoc/net/canarymod/commandsys/commands/vanilla/class-use/Execute.html]
[ci.visualillusionsent.net/job/CanaryLib/javadoc/index0155.html]
[ci.visualillusionsent.net/job/CanaryLib/javadoc/net/canarymod/commandsys/commands/vanilla/Execute.html]
[ci.visualillusionsent.net/job/CanaryLib/javadoc/net/canarymod/hook/player/class-use/ExperienceHook.html]
[ci.visualillusionsent.net/job/CanaryLib/javadoc/index09ef.html]
[ci.visualillusionsent.net/job/CanaryLib/javadoc/net/canarymod/hook/player/ExperienceHook.html]
[ci.visualillusionsent.net/job/CanaryLib/javadoc/net/canarymod/hook/world/class-use/ExplosionHook.html]
[ci.visualillusionsent.net/job/CanaryLib/javadoc/index9404.html]
[ci.visualillusionsent.net/job/CanaryLib/javadoc/net/canarymod/hook/world/ExplosionHook.html]
[ci.visualillusionsent.net/job/CanaryLib/javadoc/net/canarymod/api/entity/class-use/Explosive.html]
[ci.visualillusionsent.net/job/CanaryLib/javadoc/indexe386.html]
[ci.visualillusionsent.net/job/CanaryLib/javadoc/net/canarymod/api/entity/Explosive.html]
[ci.visualillusionsent.net/job/CanaryLib/javadoc/net/canarymod/api/factory/class-use/Factory.html]
[ci.visualillusionsent.net/job/CanaryLib/javadoc/indexf6b6.html]
[ci.visualillusionsent.net/job/CanaryLib/javadoc/net/canarymod/api/factory/Factory.html]
[ci.visualillusionsent.net/job/CanaryLib/javadoc/net/canarymod/api/entity/class-use/FallingBlock.html]
[ci.visualillusionsent.net/job/CanaryLib/javadoc/index505f.html]
[ci.visualillusionsent.net/job/CanaryLib/javadoc/net/canarymod/api/entity/FallingBlock.html]
[ci.visualillusionsent.net/job/CanaryLib/javadoc/net/canarymod/api/world/blocks/properties/helpers/class-use/FarmlandProperties.html]
[ci.visualillusionsent.net/job/CanaryLib/javadoc/index9090.html]
[ci.visualillusionsent.net/job/CanaryLib/javadoc/net/canarymod/api/world/blocks/properties/helpers/FarmlandProperties.html]
[ci.visualillusionsent.net/job/CanaryLib/javadoc/net/canarymod/api/world/blocks/properties/helpers/class-use/FenceGateProperties.html]
[ci.visualillusionsent.net/job/CanaryLib/javadoc/index58ad.html]
[ci.visualillusionsent.net/job/CanaryLib/javadoc/net/canarymod/api/world/blocks/properties/helpers/FenceGateProperties.html]
[ci.visualillusionsent.net/job/CanaryLib/javadoc/net/canarymod/api/world/blocks/properties/helpers/class-use/FenceProperties.html]
[ci.visualillusionsent.net/job/CanaryLib/javadoc/index3137.html]
[ci.visualillusionsent.net/job/CanaryLib/javadoc/net/canarymod/api/world/blocks/properties/helpers/FenceProperties.html]
[ci.visualillusionsent.net/job/CanaryLib/javadoc/net/canarymod/commandsys/commands/vanilla/class-use/Fill.html]
[ci.visualillusionsent.net/job/CanaryLib/javadoc/index3499.html]
[ci.visualillusionsent.net/job/CanaryLib/javadoc/net/canarymod/commandsys/commands/vanilla/Fill.html]
[ci.visualillusionsent.net/job/CanaryLib/javadoc/net/canarymod/api/entity/class-use/Fireball.html]
[ci.visualillusionsent.net/job/CanaryLib/javadoc/index5654.html]
[ci.visualillusionsent.net/job/CanaryLib/javadoc/net/canarymod/api/entity/Fireball.html]
[ci.visualillusionsent.net/job/CanaryLib/javadoc/net/canarymod/api/world/blocks/properties/helpers/class-use/FireProperties.html]
[ci.visualillusionsent.net/job/CanaryLib/javadoc/indexfcf6.html]
[ci.visualillusionsent.net/job/CanaryLib/javadoc/net/canarymod/api/world/blocks/properties/helpers/FireProperties.html]
[ci.visualillusionsent.net/job/CanaryLib/javadoc/net/canarymod/hook/world/class-use/FireworkExplodeHook.html]
[ci.visualillusionsent.net/job/CanaryLib/javadoc/index060c.html]
[ci.visualillusionsent.net/job/CanaryLib/javadoc/net/canarymod/hook/world/FireworkExplodeHook.html]
[ci.visualillusionsent.net/job/CanaryLib/javadoc/net/canarymod/api/inventory/helper/class-use/FireworkHelper.html]
[ci.visualillusionsent.net/job/CanaryLib/javadoc/indexc816.html]
[ci.visualillusionsent.net/job/CanaryLib/javadoc/net/canarymod/api/inventory/helper/FireworkHelper.html]
[ci.visualillusionsent.net/job/CanaryLib/javadoc/net/canarymod/api/inventory/helper/class-use/FireworkHelper.ExplosionType.html]
[ci.visualillusionsent.net/job/CanaryLib/javadoc/index9a95.html]
[ci.visualillusionsent.net/job/CanaryLib/javadoc/net/canarymod/api/inventory/helper/FireworkHelper.ExplosionType.html]
[ci.visualillusionsent.net/job/CanaryLib/javadoc/net/canarymod/api/entity/class-use/FireworkRocket.html]
[ci.visualillusionsent.net/job/CanaryLib/javadoc/index77c4.html]
[ci.visualillusionsent.net/job/CanaryLib/javadoc/net/canarymod/api/entity/FireworkRocket.html]
[ci.visualillusionsent.net/job/CanaryLib/javadoc/net/canarymod/api/entity/class-use/FishHook.html]
[ci.visualillusionsent.net/job/CanaryLib/javadoc/index3047.html]
[ci.visualillusionsent.net/job/CanaryLib/javadoc/net/canarymod/api/entity/FishHook.html]
[ci.visualillusionsent.net/job/CanaryLib/javadoc/net/canarymod/api/nbt/class-use/FloatTag.html]
[ci.visualillusionsent.net/job/CanaryLib/javadoc/index3988.html]
[ci.visualillusionsent.net/job/CanaryLib/javadoc/net/canarymod/api/nbt/FloatTag.html]
[ci.visualillusionsent.net/job/CanaryLib/javadoc/net/canarymod/api/world/blocks/properties/helpers/class-use/FlowerPotProperties.html]
[ci.visualillusionsent.net/job/CanaryLib/javadoc/index76a8.html]
[ci.visualillusionsent.net/job/CanaryLib/javadoc/net/canarymod/api/world/blocks/properties/helpers/FlowerPotProperties.html]
[ci.visualillusionsent.net/job/CanaryLib/javadoc/net/canarymod/api/world/blocks/properties/helpers/class-use/FlowerPotProperties.Contents.html]
[ci.visualillusionsent.net/job/CanaryLib/javadoc/index54fd.html]
[ci.visualillusionsent.net/job/CanaryLib/javadoc/net/canarymod/api/world/blocks/properties/helpers/FlowerPotProperties.Contents.html]
[ci.visualillusionsent.net/job/CanaryLib/javadoc/net/canarymod/api/world/blocks/properties/helpers/class-use/FlowerProperties.html]
[ci.visualillusionsent.net/job/CanaryLib/javadoc/indexec1f.html]
[ci.visualillusionsent.net/job/CanaryLib/javadoc/net/canarymod/api/world/blocks/properties/helpers/FlowerProperties.html]
[ci.visualillusionsent.net/job/CanaryLib/javadoc/net/canarymod/api/world/blocks/properties/helpers/class-use/FlowerProperties.Type.html]
[ci.visualillusionsent.net/job/CanaryLib/javadoc/indexab3b.html]
[ci.visualillusionsent.net/job/CanaryLib/javadoc/net/canarymod/api/world/blocks/properties/helpers/FlowerProperties.Type.html]
[ci.visualillusionsent.net/job/CanaryLib/javadoc/net/canarymod/hook/world/class-use/FlowHook.html]
[ci.visualillusionsent.net/job/CanaryLib/javadoc/index640a.html]
[ci.visualillusionsent.net/job/CanaryLib/javadoc/net/canarymod/hook/world/FlowHook.html]
[ci.visualillusionsent.net/job/CanaryLib/javadoc/net/canarymod/hook/player/class-use/FoodExhaustionHook.html]
[ci.visualillusionsent.net/job/CanaryLib/javadoc/indexcf41.html]
[ci.visualillusionsent.net/job/CanaryLib/javadoc/net/canarymod/hook/player/FoodExhaustionHook.html]
[ci.visualillusionsent.net/job/CanaryLib/javadoc/net/canarymod/hook/player/class-use/FoodLevelHook.html]
[ci.visualillusionsent.net/job/CanaryLib/javadoc/index5906.html]
[ci.visualillusionsent.net/job/CanaryLib/javadoc/net/canarymod/hook/player/FoodLevelHook.html]
[ci.visualillusionsent.net/job/CanaryLib/javadoc/net/canarymod/hook/player/class-use/FoodSaturationHook.html]
[ci.visualillusionsent.net/job/CanaryLib/javadoc/indexc626.html]
[ci.visualillusionsent.net/job/CanaryLib/javadoc/net/canarymod/hook/player/FoodSaturationHook.html]
[ci.visualillusionsent.net/job/CanaryLib/javadoc/net/canarymod/api/world/blocks/class-use/Furnace.html]
[ci.visualillusionsent.net/job/CanaryLib/javadoc/indexaa7c.html]
[ci.visualillusionsent.net/job/CanaryLib/javadoc/net/canarymod/api/world/blocks/Furnace.html]
[ci.visualillusionsent.net/job/CanaryLib/javadoc/net/canarymod/api/entity/vehicle/class-use/FurnaceMinecart.html]
[ci.visualillusionsent.net/job/CanaryLib/javadoc/index1d5f.html]
[ci.visualillusionsent.net/job/CanaryLib/javadoc/net/canarymod/api/entity/vehicle/FurnaceMinecart.html]
[ci.visualillusionsent.net/job/CanaryLib/javadoc/net/canarymod/api/world/blocks/properties/helpers/class-use/FurnaceProperties.html]
[ci.visualillusionsent.net/job/CanaryLib/javadoc/indexd4c4.html]
[ci.visualillusionsent.net/job/CanaryLib/javadoc/net/canarymod/api/world/blocks/properties/helpers/FurnaceProperties.html]
[ci.visualillusionsent.net/job/CanaryLib/javadoc/net/canarymod/api/class-use/GameMode.html]
[ci.visualillusionsent.net/job/CanaryLib/javadoc/index9291.html]
[ci.visualillusionsent.net/job/CanaryLib/javadoc/net/canarymod/api/GameMode.html]
[ci.visualillusionsent.net/job/CanaryLib/javadoc/net/canarymod/commandsys/commands/vanilla/class-use/GameMode.html]
[ci.visualillusionsent.net/job/CanaryLib/javadoc/indexfa26.html]
[ci.visualillusionsent.net/job/CanaryLib/javadoc/net/canarymod/commandsys/commands/vanilla/GameMode.html]
[ci.visualillusionsent.net/job/CanaryLib/javadoc/net/canarymod/hook/player/class-use/GameModeChangeHook.html]
[ci.visualillusionsent.net/job/CanaryLib/javadoc/index1c42.html]
[ci.visualillusionsent.net/job/CanaryLib/javadoc/net/canarymod/hook/player/GameModeChangeHook.html]
[ci.visualillusionsent.net/job/CanaryLib/javadoc/net/canarymod/commandsys/commands/vanilla/class-use/GameRule.html]
[ci.visualillusionsent.net/job/CanaryLib/javadoc/index303d.html]
[ci.visualillusionsent.net/job/CanaryLib/javadoc/net/canarymod/commandsys/commands/vanilla/GameRule.html]
[ci.visualillusionsent.net/job/CanaryLib/javadoc/net/canarymod/api/attributes/class-use/GenericAttribute.html]
[ci.visualillusionsent.net/job/CanaryLib/javadoc/indexe27d.html]
[ci.visualillusionsent.net/job/CanaryLib/javadoc/net/canarymod/api/attributes/GenericAttribute.html]
[ci.visualillusionsent.net/job/CanaryLib/javadoc/net/canarymod/commandsys/commands/player/class-use/GetPosition.html]
[ci.visualillusionsent.net/job/CanaryLib/javadoc/indexe6f2.html]
[ci.visualillusionsent.net/job/CanaryLib/javadoc/net/canarymod/commandsys/commands/player/GetPosition.html]
[ci.visualillusionsent.net/job/CanaryLib/javadoc/net/canarymod/api/entity/living/monster/class-use/Ghast.html]
[ci.visualillusionsent.net/job/CanaryLib/javadoc/index3b08.html]
[ci.visualillusionsent.net/job/CanaryLib/javadoc/net/canarymod/api/entity/living/monster/Ghast.html]
[ci.visualillusionsent.net/job/CanaryLib/javadoc/net/canarymod/api/entity/living/monster/class-use/GiantZombie.html]
[ci.visualillusionsent.net/job/CanaryLib/javadoc/indexa354.html]
[ci.visualillusionsent.net/job/CanaryLib/javadoc/net/canarymod/api/entity/living/monster/GiantZombie.html]
[ci.visualillusionsent.net/job/CanaryLib/javadoc/net/canarymod/commandsys/commands/vanilla/class-use/Give.html]
[ci.visualillusionsent.net/job/CanaryLib/javadoc/index65c1.html]
[ci.visualillusionsent.net/job/CanaryLib/javadoc/net/canarymod/commandsys/commands/vanilla/Give.html]
[ci.visualillusionsent.net/job/CanaryLib/javadoc/net/canarymod/commandsys/commands/player/class-use/GodCommand.html]
[ci.visualillusionsent.net/job/CanaryLib/javadoc/index4751.html]
[ci.visualillusionsent.net/job/CanaryLib/javadoc/net/canarymod/commandsys/commands/player/GodCommand.html]
[ci.visualillusionsent.net/job/CanaryLib/javadoc/net/canarymod/api/entity/living/class-use/Golem.html]
[ci.visualillusionsent.net/job/CanaryLib/javadoc/index06fc.html]
[ci.visualillusionsent.net/job/CanaryLib/javadoc/net/canarymod/api/entity/living/Golem.html]
[ci.visualillusionsent.net/job/CanaryLib/javadoc/net/canarymod/api/inventory/slot/class-use/GrabMode.html]
[ci.visualillusionsent.net/job/CanaryLib/javadoc/index0fb7.html]
[ci.visualillusionsent.net/job/CanaryLib/javadoc/net/canarymod/api/inventory/slot/GrabMode.html]
[ci.visualillusionsent.net/job/CanaryLib/javadoc/net/canarymod/api/world/blocks/properties/helpers/class-use/GrassProperties.html]
[ci.visualillusionsent.net/job/CanaryLib/javadoc/index6ca3.html]
[ci.visualillusionsent.net/job/CanaryLib/javadoc/net/canarymod/api/world/blocks/properties/helpers/GrassProperties.html]
[ci.visualillusionsent.net/job/CanaryLib/javadoc/net/canarymod/user/class-use/Group.html]
[ci.visualillusionsent.net/job/CanaryLib/javadoc/net/canarymod/user/package-tree.html]
[ci.visualillusionsent.net/job/CanaryLib/javadoc/index8ea4.html]
[ci.visualillusionsent.net/job/CanaryLib/javadoc/net/canarymod/user/Group.html]
[ci.visualillusionsent.net/job/CanaryLib/javadoc/net/canarymod/commandsys/commands/groupmod/class-use/GroupBase.html]
[ci.visualillusionsent.net/job/CanaryLib/javadoc/net/canarymod/commandsys/commands/groupmod/package-tree.html]
[ci.visualillusionsent.net/job/CanaryLib/javadoc/indexf3cf.html]
[ci.visualillusionsent.net/job/CanaryLib/javadoc/net/canarymod/commandsys/commands/groupmod/GroupBase.html]
[ci.visualillusionsent.net/job/CanaryLib/javadoc/net/canarymod/commandsys/commands/groupmod/class-use/GroupCheck.html]
[ci.visualillusionsent.net/job/CanaryLib/javadoc/index87b3.html]
[ci.visualillusionsent.net/job/CanaryLib/javadoc/net/canarymod/commandsys/commands/groupmod/GroupCheck.html]
[ci.visualillusionsent.net/job/CanaryLib/javadoc/net/canarymod/commandsys/commands/groupmod/class-use/GroupCreate.html]
[ci.visualillusionsent.net/job/CanaryLib/javadoc/index7dac.html]
[ci.visualillusionsent.net/job/CanaryLib/javadoc/net/canarymod/commandsys/commands/groupmod/GroupCreate.html]
[ci.visualillusionsent.net/job/CanaryLib/javadoc/net/canarymod/backbone/class-use/GroupDataAccess.html]
[ci.visualillusionsent.net/job/CanaryLib/javadoc/index107f.html]
[ci.visualillusionsent.net/job/CanaryLib/javadoc/net/canarymod/backbone/GroupDataAccess.html]
[ci.visualillusionsent.net/job/CanaryLib/javadoc/net/canarymod/commandsys/commands/groupmod/class-use/GroupList.html]
[ci.visualillusionsent.net/job/CanaryLib/javadoc/indexdcd9.html]
[ci.visualillusionsent.net/job/CanaryLib/javadoc/net/canarymod/commandsys/commands/groupmod/GroupList.html]
[ci.visualillusionsent.net/job/CanaryLib/javadoc/net/canarymod/commandsys/commands/groupmod/class-use/GroupParent.html]
[ci.visualillusionsent.net/job/CanaryLib/javadoc/index18bb.html]
[ci.visualillusionsent.net/job/CanaryLib/javadoc/net/canarymod/commandsys/commands/groupmod/GroupParent.html]
[ci.visualillusionsent.net/job/CanaryLib/javadoc/net/canarymod/commandsys/commands/groupmod/class-use/GroupPermissionAdd.html]
[ci.visualillusionsent.net/job/CanaryLib/javadoc/index4bda.html]
[ci.visualillusionsent.net/job/CanaryLib/javadoc/net/canarymod/commandsys/commands/groupmod/GroupPermissionAdd.html]
[ci.visualillusionsent.net/job/CanaryLib/javadoc/net/canarymod/commandsys/commands/groupmod/class-use/GroupPermissionCheck.html]
[ci.visualillusionsent.net/job/CanaryLib/javadoc/index505a.html]
[ci.visualillusionsent.net/job/CanaryLib/javadoc/net/canarymod/commandsys/commands/groupmod/GroupPermissionCheck.html]
[ci.visualillusionsent.net/job/CanaryLib/javadoc/net/canarymod/commandsys/commands/groupmod/class-use/GroupPermissionFlush.html]
[ci.visualillusionsent.net/job/CanaryLib/javadoc/indexfdff.html]
[ci.visualillusionsent.net/job/CanaryLib/javadoc/net/canarymod/commandsys/commands/groupmod/GroupPermissionFlush.html]
[ci.visualillusionsent.net/job/CanaryLib/javadoc/net/canarymod/commandsys/commands/groupmod/class-use/GroupPermissionList.html]
[ci.visualillusionsent.net/job/CanaryLib/javadoc/index8834.html]
[ci.visualillusionsent.net/job/CanaryLib/javadoc/net/canarymod/commandsys/commands/groupmod/GroupPermissionList.html]
[ci.visualillusionsent.net/job/CanaryLib/javadoc/net/canarymod/commandsys/commands/groupmod/class-use/GroupPermissionRemove.html]
[ci.visualillusionsent.net/job/CanaryLib/javadoc/index2263.html]
[ci.visualillusionsent.net/job/CanaryLib/javadoc/net/canarymod/commandsys/commands/groupmod/GroupPermissionRemove.html]
[ci.visualillusionsent.net/job/CanaryLib/javadoc/net/canarymod/commandsys/commands/groupmod/class-use/GroupPrefix.html]
[ci.visualillusionsent.net/job/CanaryLib/javadoc/indexa804.html]
[ci.visualillusionsent.net/job/CanaryLib/javadoc/net/canarymod/commandsys/commands/groupmod/GroupPrefix.html]
[ci.visualillusionsent.net/job/CanaryLib/javadoc/net/canarymod/commandsys/commands/groupmod/class-use/GroupRemove.html]
[ci.visualillusionsent.net/job/CanaryLib/javadoc/index1c61.html]
[ci.visualillusionsent.net/job/CanaryLib/javadoc/net/canarymod/commandsys/commands/groupmod/GroupRemove.html]
[ci.visualillusionsent.net/job/CanaryLib/javadoc/net/canarymod/commandsys/commands/groupmod/class-use/GroupRename.html]
[ci.visualillusionsent.net/job/CanaryLib/javadoc/index55c4.html]
[ci.visualillusionsent.net/job/CanaryLib/javadoc/net/canarymod/commandsys/commands/groupmod/GroupRename.html]
[ci.visualillusionsent.net/job/CanaryLib/javadoc/net/canarymod/api/entity/living/monster/class-use/Guardian.html]
[ci.visualillusionsent.net/job/CanaryLib/javadoc/indexa4cc.html]
[ci.visualillusionsent.net/job/CanaryLib/javadoc/net/canarymod/api/entity/living/monster/Guardian.html]
[ci.visualillusionsent.net/job/CanaryLib/javadoc/net/canarymod/api/gui/class-use/GUIControl.html]
[ci.visualillusionsent.net/job/CanaryLib/javadoc/net/canarymod/api/gui/package-tree.html]
[ci.visualillusionsent.net/job/CanaryLib/javadoc/indexd908.html]
[ci.visualillusionsent.net/job/CanaryLib/javadoc/net/canarymod/api/gui/GUIControl.html]
[ci.visualillusionsent.net/job/CanaryLib/javadoc/net/canarymod/api/entity/hanging/class-use/HangingEntity.html]
[ci.visualillusionsent.net/job/CanaryLib/javadoc/net/canarymod/api/entity/hanging/package-tree.html]
[ci.visualillusionsent.net/job/CanaryLib/javadoc/indexf08d.html]
[ci.visualillusionsent.net/job/CanaryLib/javadoc/net/canarymod/api/entity/hanging/HangingEntity.html]
[ci.visualillusionsent.net/job/CanaryLib/javadoc/net/canarymod/hook/entity/class-use/HangingEntityDestroyHook.html]
[ci.visualillusionsent.net/job/CanaryLib/javadoc/index92de.html]
[ci.visualillusionsent.net/job/CanaryLib/javadoc/net/canarymod/hook/entity/HangingEntityDestroyHook.html]
[ci.visualillusionsent.net/job/CanaryLib/javadoc/net/canarymod/hook/player/class-use/HealthChangeHook.html]
[ci.visualillusionsent.net/job/CanaryLib/javadoc/index685a.html]
[ci.visualillusionsent.net/job/CanaryLib/javadoc/net/canarymod/hook/player/HealthChangeHook.html]
[ci.visualillusionsent.net/job/CanaryLib/javadoc/net/canarymod/hook/player/class-use/HeldItemChangeHook.html]
[ci.visualillusionsent.net/job/CanaryLib/javadoc/index2a36.html]
[ci.visualillusionsent.net/job/CanaryLib/javadoc/net/canarymod/hook/player/HeldItemChangeHook.html]
[ci.visualillusionsent.net/job/CanaryLib/javadoc/net/canarymod/commandsys/commands/system/class-use/HelpCommand.html]
[ci.visualillusionsent.net/job/CanaryLib/javadoc/indexbca8.html]
[ci.visualillusionsent.net/job/CanaryLib/javadoc/net/canarymod/commandsys/commands/system/HelpCommand.html]
[ci.visualillusionsent.net/job/CanaryLib/javadoc/net/canarymod/help/class-use/HelpManager.html]
[ci.visualillusionsent.net/job/CanaryLib/javadoc/net/canarymod/help/package-tree.html]
[ci.visualillusionsent.net/job/CanaryLib/javadoc/index60be.html]
[ci.visualillusionsent.net/job/CanaryLib/javadoc/net/canarymod/help/HelpManager.html]
[ci.visualillusionsent.net/job/CanaryLib/javadoc/net/canarymod/help/class-use/HelpNode.html]
[ci.visualillusionsent.net/job/CanaryLib/javadoc/index7798.html]
[ci.visualillusionsent.net/job/CanaryLib/javadoc/net/canarymod/help/HelpNode.html]
[ci.visualillusionsent.net/job/CanaryLib/javadoc/net/canarymod/commandsys/commands/warp/class-use/Home.html]
[ci.visualillusionsent.net/job/CanaryLib/javadoc/net/canarymod/commandsys/commands/warp/package-tree.html]
[ci.visualillusionsent.net/job/CanaryLib/javadoc/index1d00.html]
[ci.visualillusionsent.net/job/CanaryLib/javadoc/net/canarymod/commandsys/commands/warp/Home.html]
[ci.visualillusionsent.net/job/CanaryLib/javadoc/net/canarymod/hook/class-use/Hook.html]
[ci.visualillusionsent.net/job/CanaryLib/javadoc/indexa8ca.html]
[ci.visualillusionsent.net/job/CanaryLib/javadoc/net/canarymod/hook/Hook.html]
[ci.visualillusionsent.net/job/CanaryLib/javadoc/net/canarymod/hook/class-use/HookConsistencyException.html]
[ci.visualillusionsent.net/job/CanaryLib/javadoc/index9fa1.html]
[ci.visualillusionsent.net/job/CanaryLib/javadoc/net/canarymod/hook/HookConsistencyException.html]
[ci.visualillusionsent.net/job/CanaryLib/javadoc/net/canarymod/hook/class-use/HookExecutionException.html]
[ci.visualillusionsent.net/job/CanaryLib/javadoc/indexab3c.html]
[ci.visualillusionsent.net/job/CanaryLib/javadoc/net/canarymod/hook/HookExecutionException.html]
[ci.visualillusionsent.net/job/CanaryLib/javadoc/net/canarymod/hook/class-use/HookExecutor.html]
[ci.visualillusionsent.net/job/CanaryLib/javadoc/index4957.html]
[ci.visualillusionsent.net/job/CanaryLib/javadoc/net/canarymod/hook/HookExecutor.html]
[ci.visualillusionsent.net/job/CanaryLib/javadoc/net/canarymod/hook/class-use/HookExecutorInterface.html]
[ci.visualillusionsent.net/job/CanaryLib/javadoc/indexb3dd.html]
[ci.visualillusionsent.net/job/CanaryLib/javadoc/net/canarymod/hook/HookExecutorInterface.html]
[ci.visualillusionsent.net/job/CanaryLib/javadoc/net/canarymod/hook/class-use/HookHandler.html]
[ci.visualillusionsent.net/job/CanaryLib/javadoc/index6899.html]
[ci.visualillusionsent.net/job/CanaryLib/javadoc/net/canarymod/hook/HookHandler.html]
[ci.visualillusionsent.net/job/CanaryLib/javadoc/net/canarymod/api/inventory/class-use/Hopper.html]
[ci.visualillusionsent.net/job/CanaryLib/javadoc/indexc22f.html]
[ci.visualillusionsent.net/job/CanaryLib/javadoc/net/canarymod/api/inventory/Hopper.html]
[ci.visualillusionsent.net/job/CanaryLib/javadoc/net/canarymod/api/world/blocks/class-use/HopperBlock.html]
[ci.visualillusionsent.net/job/CanaryLib/javadoc/index23ab.html]
[ci.visualillusionsent.net/job/CanaryLib/javadoc/net/canarymod/api/world/blocks/HopperBlock.html]
[ci.visualillusionsent.net/job/CanaryLib/javadoc/net/canarymod/api/entity/vehicle/class-use/HopperMinecart.html]
[ci.visualillusionsent.net/job/CanaryLib/javadoc/indexd6e4.html]
[ci.visualillusionsent.net/job/CanaryLib/javadoc/net/canarymod/api/entity/vehicle/HopperMinecart.html]
[ci.visualillusionsent.net/job/CanaryLib/javadoc/net/canarymod/api/world/blocks/properties/helpers/class-use/HopperProperties.html]
[ci.visualillusionsent.net/job/CanaryLib/javadoc/indexe94c.html]
[ci.visualillusionsent.net/job/CanaryLib/javadoc/net/canarymod/api/world/blocks/properties/helpers/HopperProperties.html]
[ci.visualillusionsent.net/job/CanaryLib/javadoc/net/canarymod/hook/world/class-use/HopperTransferHook.html]
[ci.visualillusionsent.net/job/CanaryLib/javadoc/indexf2c7.html]
[ci.visualillusionsent.net/job/CanaryLib/javadoc/net/canarymod/hook/world/HopperTransferHook.html]
[ci.visualillusionsent.net/job/CanaryLib/javadoc/net/canarymod/api/entity/living/animal/class-use/Horse.html]
[ci.visualillusionsent.net/job/CanaryLib/javadoc/indexe9e5.html]
[ci.visualillusionsent.net/job/CanaryLib/javadoc/net/canarymod/api/entity/living/animal/Horse.html]
[ci.visualillusionsent.net/job/CanaryLib/javadoc/net/canarymod/api/entity/living/animal/class-use/Horse.HorseType.html]
[ci.visualillusionsent.net/job/CanaryLib/javadoc/indexccd7.html]
[ci.visualillusionsent.net/job/CanaryLib/javadoc/net/canarymod/api/entity/living/animal/Horse.HorseType.html]
[ci.visualillusionsent.net/job/CanaryLib/javadoc/net/canarymod/api/attributes/class-use/HorseAttribute.html]
[ci.visualillusionsent.net/job/CanaryLib/javadoc/index11a7.html]
[ci.visualillusionsent.net/job/CanaryLib/javadoc/net/canarymod/api/attributes/HorseAttribute.html]
[ci.visualillusionsent.net/job/CanaryLib/javadoc/net/canarymod/api/chat/class-use/HoverEvent.html]
[ci.visualillusionsent.net/job/CanaryLib/javadoc/indexb530.html]
[ci.visualillusionsent.net/job/CanaryLib/javadoc/net/canarymod/api/chat/HoverEvent.html]
[ci.visualillusionsent.net/job/CanaryLib/javadoc/net/canarymod/api/chat/class-use/HoverEventAction.html]
[ci.visualillusionsent.net/job/CanaryLib/javadoc/indexfd9e.html]
[ci.visualillusionsent.net/job/CanaryLib/javadoc/net/canarymod/api/chat/HoverEventAction.html]
[ci.visualillusionsent.net/job/CanaryLib/javadoc/net/canarymod/api/world/blocks/properties/helpers/class-use/HugeMushroomProperties.html]
[ci.visualillusionsent.net/job/CanaryLib/javadoc/index722b.html]
[ci.visualillusionsent.net/job/CanaryLib/javadoc/net/canarymod/api/world/blocks/properties/helpers/HugeMushroomProperties.html]
[ci.visualillusionsent.net/job/CanaryLib/javadoc/net/canarymod/api/world/blocks/properties/helpers/class-use/HugeMushroomProperties.Variant.html]
[ci.visualillusionsent.net/job/CanaryLib/javadoc/index66e0.html]
[ci.visualillusionsent.net/job/CanaryLib/javadoc/net/canarymod/api/world/blocks/properties/helpers/HugeMushroomProperties.Variant.html]
[ci.visualillusionsent.net/job/CanaryLib/javadoc/net/canarymod/api/entity/living/humanoid/class-use/Human.html]
[ci.visualillusionsent.net/job/CanaryLib/javadoc/net/canarymod/api/entity/living/humanoid/package-tree.html]
[ci.visualillusionsent.net/job/CanaryLib/javadoc/index06f9.html]
[ci.visualillusionsent.net/job/CanaryLib/javadoc/net/canarymod/api/entity/living/humanoid/Human.html]
[ci.visualillusionsent.net/job/CanaryLib/javadoc/net/canarymod/api/entity/living/humanoid/class-use/HumanCapabilities.html]
[ci.visualillusionsent.net/job/CanaryLib/javadoc/indexe3c9.html]
[ci.visualillusionsent.net/job/CanaryLib/javadoc/net/canarymod/api/entity/living/humanoid/HumanCapabilities.html]
[ci.visualillusionsent.net/job/CanaryLib/javadoc/net/canarymod/hook/world/class-use/IgnitionHook.html]
[ci.visualillusionsent.net/job/CanaryLib/javadoc/index40ce.html]
[ci.visualillusionsent.net/job/CanaryLib/javadoc/net/canarymod/hook/world/IgnitionHook.html]
[ci.visualillusionsent.net/job/CanaryLib/javadoc/net/canarymod/hook/world/class-use/IgnitionHook.IgnitionCause.html]
[ci.visualillusionsent.net/job/CanaryLib/javadoc/index1044.html]
[ci.visualillusionsent.net/job/CanaryLib/javadoc/net/canarymod/hook/world/IgnitionHook.IgnitionCause.html]
[ci.visualillusionsent.net/job/CanaryLib/javadoc/net/canarymod/api/nbt/class-use/IntArrayTag.html]
[ci.visualillusionsent.net/job/CanaryLib/javadoc/index94d8.html]
[ci.visualillusionsent.net/job/CanaryLib/javadoc/net/canarymod/api/nbt/IntArrayTag.html]
[ci.visualillusionsent.net/job/CanaryLib/javadoc/net/canarymod/api/nbt/class-use/IntTag.html]
[ci.visualillusionsent.net/job/CanaryLib/javadoc/indexc055.html]
[ci.visualillusionsent.net/job/CanaryLib/javadoc/net/canarymod/api/nbt/IntTag.html]
[ci.visualillusionsent.net/job/CanaryLib/javadoc/net/canarymod/exceptions/class-use/InvalidInstanceException.html]
[ci.visualillusionsent.net/job/CanaryLib/javadoc/net/canarymod/exceptions/package-tree.html]
[ci.visualillusionsent.net/job/CanaryLib/javadoc/index7665.html]
[ci.visualillusionsent.net/job/CanaryLib/javadoc/net/canarymod/exceptions/InvalidInstanceException.html]
[ci.visualillusionsent.net/job/CanaryLib/javadoc/net/canarymod/api/packet/class-use/InvalidPacketConstructionException.html]
[ci.visualillusionsent.net/job/CanaryLib/javadoc/indexd341.html]
[ci.visualillusionsent.net/job/CanaryLib/javadoc/net/canarymod/api/packet/InvalidPacketConstructionException.html]
[ci.visualillusionsent.net/job/CanaryLib/javadoc/net/canarymod/exceptions/class-use/InvalidPluginException.html]
[ci.visualillusionsent.net/job/CanaryLib/javadoc/indexd2f4.html]
[ci.visualillusionsent.net/job/CanaryLib/javadoc/net/canarymod/exceptions/InvalidPluginException.html]
[ci.visualillusionsent.net/job/CanaryLib/javadoc/net/canarymod/plugin/lifecycle/class-use/InvalidPluginLifecycleException.html]
[ci.visualillusionsent.net/job/CanaryLib/javadoc/net/canarymod/plugin/lifecycle/package-tree.html]
[ci.visualillusionsent.net/job/CanaryLib/javadoc/indexb28d.html]
[ci.visualillusionsent.net/job/CanaryLib/javadoc/net/canarymod/plugin/lifecycle/InvalidPluginLifecycleException.html]
[ci.visualillusionsent.net/job/CanaryLib/javadoc/net/canarymod/api/inventory/class-use/Inventory.html]
[ci.visualillusionsent.net/job/CanaryLib/javadoc/indexde88.html]
[ci.visualillusionsent.net/job/CanaryLib/javadoc/net/canarymod/api/inventory/Inventory.html]
[ci.visualillusionsent.net/job/CanaryLib/javadoc/net/canarymod/hook/player/class-use/InventoryHook.html]
[ci.visualillusionsent.net/job/CanaryLib/javadoc/index5961.html]
[ci.visualillusionsent.net/job/CanaryLib/javadoc/net/canarymod/hook/player/InventoryHook.html]
[ci.visualillusionsent.net/job/CanaryLib/javadoc/net/canarymod/api/inventory/class-use/InventoryType.html]
[ci.visualillusionsent.net/job/CanaryLib/javadoc/index31fa.html]
[ci.visualillusionsent.net/job/CanaryLib/javadoc/net/canarymod/api/inventory/InventoryType.html]
[ci.visualillusionsent.net/job/CanaryLib/javadoc/net/canarymod/commandsys/commands/system/bans/class-use/IpBanCommand.html]
[ci.visualillusionsent.net/job/CanaryLib/javadoc/index7532.html]
[ci.visualillusionsent.net/job/CanaryLib/javadoc/net/canarymod/commandsys/commands/system/bans/IpBanCommand.html]
[ci.visualillusionsent.net/job/CanaryLib/javadoc/net/canarymod/api/entity/living/class-use/IronGolem.html]
[ci.visualillusionsent.net/job/CanaryLib/javadoc/indexd5d2.html]
[ci.visualillusionsent.net/job/CanaryLib/javadoc/net/canarymod/api/entity/living/IronGolem.html]
[ci.visualillusionsent.net/job/CanaryLib/javadoc/net/canarymod/api/inventory/class-use/Item.html]
[ci.visualillusionsent.net/job/CanaryLib/javadoc/index055c.html]
[ci.visualillusionsent.net/job/CanaryLib/javadoc/net/canarymod/api/inventory/Item.html]
[ci.visualillusionsent.net/job/CanaryLib/javadoc/net/canarymod/hook/player/class-use/ItemDropHook.html]
[ci.visualillusionsent.net/job/CanaryLib/javadoc/indexf20d.html]
[ci.visualillusionsent.net/job/CanaryLib/javadoc/net/canarymod/hook/player/ItemDropHook.html]
[ci.visualillusionsent.net/job/CanaryLib/javadoc/net/canarymod/api/factory/class-use/ItemFactory.html]
[ci.visualillusionsent.net/job/CanaryLib/javadoc/index9e9a.html]
[ci.visualillusionsent.net/job/CanaryLib/javadoc/net/canarymod/api/factory/ItemFactory.html]
[ci.visualillusionsent.net/job/CanaryLib/javadoc/net/canarymod/api/entity/hanging/class-use/ItemFrame.html]
[ci.visualillusionsent.net/job/CanaryLib/javadoc/indexbfe4.html]
[ci.visualillusionsent.net/job/CanaryLib/javadoc/net/canarymod/api/entity/hanging/ItemFrame.html]
[ci.visualillusionsent.net/job/CanaryLib/javadoc/net/canarymod/hook/player/class-use/ItemFrameRotateHook.html]
[ci.visualillusionsent.net/job/CanaryLib/javadoc/indexf893.html]
[ci.visualillusionsent.net/job/CanaryLib/javadoc/net/canarymod/hook/player/ItemFrameRotateHook.html]
[ci.visualillusionsent.net/job/CanaryLib/javadoc/net/canarymod/hook/player/class-use/ItemFrameSetItemHook.html]
[ci.visualillusionsent.net/job/CanaryLib/javadoc/index870d.html]
[ci.visualillusionsent.net/job/CanaryLib/javadoc/net/canarymod/hook/player/ItemFrameSetItemHook.html]
[ci.visualillusionsent.net/job/CanaryLib/javadoc/net/canarymod/hook/player/class-use/ItemPickupHook.html]
[ci.visualillusionsent.net/job/CanaryLib/javadoc/index8d23.html]
[ci.visualillusionsent.net/job/CanaryLib/javadoc/net/canarymod/hook/player/ItemPickupHook.html]
[ci.visualillusionsent.net/job/CanaryLib/javadoc/net/canarymod/hook/entity/class-use/ItemTouchGroundHook.html]
[ci.visualillusionsent.net/job/CanaryLib/javadoc/index057c.html]
[ci.visualillusionsent.net/job/CanaryLib/javadoc/net/canarymod/hook/entity/ItemTouchGroundHook.html]
[ci.visualillusionsent.net/job/CanaryLib/javadoc/net/canarymod/api/inventory/class-use/ItemType.html]
[ci.visualillusionsent.net/job/CanaryLib/javadoc/index581e.html]
[ci.visualillusionsent.net/job/CanaryLib/javadoc/net/canarymod/api/inventory/ItemType.html]
[ci.visualillusionsent.net/job/CanaryLib/javadoc/net/canarymod/api/inventory/class-use/ItemTypeException.html]
[ci.visualillusionsent.net/job/CanaryLib/javadoc/indexd090.html]
[ci.visualillusionsent.net/job/CanaryLib/javadoc/net/canarymod/api/inventory/ItemTypeException.html]
[ci.visualillusionsent.net/job/CanaryLib/javadoc/net/canarymod/hook/player/class-use/ItemUseHook.html]
[ci.visualillusionsent.net/job/CanaryLib/javadoc/indexd35d.html]
[ci.visualillusionsent.net/job/CanaryLib/javadoc/net/canarymod/hook/player/ItemUseHook.html]
[ci.visualillusionsent.net/job/CanaryLib/javadoc/net/canarymod/plugin/lifecycle/class-use/JavaPluginLifecycle.html]
[ci.visualillusionsent.net/job/CanaryLib/javadoc/indexbfc7.html]
[ci.visualillusionsent.net/job/CanaryLib/javadoc/net/canarymod/plugin/lifecycle/JavaPluginLifecycle.html]
[ci.visualillusionsent.net/job/CanaryLib/javadoc/net/canarymod/database/class-use/JdbcConnectionManager.html]
[ci.visualillusionsent.net/job/CanaryLib/javadoc/indexad3f.html]
[ci.visualillusionsent.net/job/CanaryLib/javadoc/net/canarymod/database/JdbcConnectionManager.html]
[ci.visualillusionsent.net/job/CanaryLib/javadoc/net/canarymod/util/class-use/JsonNBTUtility.html]
[ci.visualillusionsent.net/job/CanaryLib/javadoc/net/canarymod/util/package-tree.html]
[ci.visualillusionsent.net/job/CanaryLib/javadoc/index58ae.html]
[ci.visualillusionsent.net/job/CanaryLib/javadoc/net/canarymod/util/JsonNBTUtility.html]
[ci.visualillusionsent.net/job/CanaryLib/javadoc/net/canarymod/api/world/blocks/class-use/Jukebox.html]
[ci.visualillusionsent.net/job/CanaryLib/javadoc/index381f.html]
[ci.visualillusionsent.net/job/CanaryLib/javadoc/net/canarymod/api/world/blocks/Jukebox.html]
[ci.visualillusionsent.net/job/CanaryLib/javadoc/net/canarymod/api/world/blocks/properties/helpers/class-use/JukeboxProperties.html]
[ci.visualillusionsent.net/job/CanaryLib/javadoc/index5adf.html]
[ci.visualillusionsent.net/job/CanaryLib/javadoc/net/canarymod/api/world/blocks/properties/helpers/JukeboxProperties.html]
[ci.visualillusionsent.net/job/CanaryLib/javadoc/net/canarymod/commandsys/commands/system/class-use/Kick.html]
[ci.visualillusionsent.net/job/CanaryLib/javadoc/indexa2eb.html]
[ci.visualillusionsent.net/job/CanaryLib/javadoc/net/canarymod/commandsys/commands/system/Kick.html]
[ci.visualillusionsent.net/job/CanaryLib/javadoc/net/canarymod/hook/player/class-use/KickHook.html]
[ci.visualillusionsent.net/job/CanaryLib/javadoc/indexbd76.html]
[ci.visualillusionsent.net/job/CanaryLib/javadoc/net/canarymod/hook/player/KickHook.html]
[ci.visualillusionsent.net/job/CanaryLib/javadoc/net/canarymod/commandsys/commands/vanilla/class-use/Kill.html]
[ci.visualillusionsent.net/job/CanaryLib/javadoc/index5a2d.html]
[ci.visualillusionsent.net/job/CanaryLib/javadoc/net/canarymod/commandsys/commands/vanilla/Kill.html]
[ci.visualillusionsent.net/job/CanaryLib/javadoc/net/canarymod/kit/class-use/Kit.html]
[ci.visualillusionsent.net/job/CanaryLib/javadoc/net/canarymod/kit/package-tree.html]
[ci.visualillusionsent.net/job/CanaryLib/javadoc/indexb500.html]
[ci.visualillusionsent.net/job/CanaryLib/javadoc/net/canarymod/kit/Kit.html]
[ci.visualillusionsent.net/job/CanaryLib/javadoc/net/canarymod/commandsys/commands/system/kits/class-use/KitCreate.html]
[ci.visualillusionsent.net/job/CanaryLib/javadoc/net/canarymod/commandsys/commands/system/kits/package-tree.html]
[ci.visualillusionsent.net/job/CanaryLib/javadoc/indexba44.html]
[ci.visualillusionsent.net/job/CanaryLib/javadoc/net/canarymod/commandsys/commands/system/kits/KitCreate.html]
[ci.visualillusionsent.net/job/CanaryLib/javadoc/net/canarymod/backbone/class-use/KitDataAccess.html]
[ci.visualillusionsent.net/job/CanaryLib/javadoc/index0fdf.html]
[ci.visualillusionsent.net/job/CanaryLib/javadoc/net/canarymod/backbone/KitDataAccess.html]
[ci.visualillusionsent.net/job/CanaryLib/javadoc/net/canarymod/commandsys/commands/system/kits/class-use/KitDelete.html]
[ci.visualillusionsent.net/job/CanaryLib/javadoc/index4e79.html]
[ci.visualillusionsent.net/job/CanaryLib/javadoc/net/canarymod/commandsys/commands/system/kits/KitDelete.html]
[ci.visualillusionsent.net/job/CanaryLib/javadoc/net/canarymod/commandsys/commands/system/kits/class-use/KitGive.html]
[ci.visualillusionsent.net/job/CanaryLib/javadoc/index6a3c.html]
[ci.visualillusionsent.net/job/CanaryLib/javadoc/net/canarymod/commandsys/commands/system/kits/KitGive.html]
[ci.visualillusionsent.net/job/CanaryLib/javadoc/net/canarymod/commandsys/commands/system/kits/class-use/KitList.html]
[ci.visualillusionsent.net/job/CanaryLib/javadoc/indexb2e6.html]
[ci.visualillusionsent.net/job/CanaryLib/javadoc/net/canarymod/commandsys/commands/system/kits/KitList.html]
[ci.visualillusionsent.net/job/CanaryLib/javadoc/net/canarymod/kit/class-use/KitProvider.html]
[ci.visualillusionsent.net/job/CanaryLib/javadoc/index7007.html]
[ci.visualillusionsent.net/job/CanaryLib/javadoc/net/canarymod/kit/KitProvider.html]
[ci.visualillusionsent.net/job/CanaryLib/javadoc/net/canarymod/api/world/blocks/properties/helpers/class-use/LadderProperties.html]
[ci.visualillusionsent.net/job/CanaryLib/javadoc/indexa7ef.html]
[ci.visualillusionsent.net/job/CanaryLib/javadoc/net/canarymod/api/world/blocks/properties/helpers/LadderProperties.html]
[ci.visualillusionsent.net/job/CanaryLib/javadoc/net/canarymod/api/entity/class-use/LargeFireball.html]
[ci.visualillusionsent.net/job/CanaryLib/javadoc/indexbc70.html]
[ci.visualillusionsent.net/job/CanaryLib/javadoc/net/canarymod/api/entity/LargeFireball.html]
[ci.visualillusionsent.net/job/CanaryLib/javadoc/net/canarymod/hook/world/class-use/LeafDecayHook.html]
[ci.visualillusionsent.net/job/CanaryLib/javadoc/indexaa01.html]
[ci.visualillusionsent.net/job/CanaryLib/javadoc/net/canarymod/hook/world/LeafDecayHook.html]
[ci.visualillusionsent.net/job/CanaryLib/javadoc/net/canarymod/api/entity/hanging/class-use/LeashKnot.html]
[ci.visualillusionsent.net/job/CanaryLib/javadoc/index2ae7.html]
[ci.visualillusionsent.net/job/CanaryLib/javadoc/net/canarymod/api/entity/hanging/LeashKnot.html]
[ci.visualillusionsent.net/job/CanaryLib/javadoc/net/canarymod/api/inventory/helper/class-use/LeatherArmorHelper.html]
[ci.visualillusionsent.net/job/CanaryLib/javadoc/index4545.html]
[ci.visualillusionsent.net/job/CanaryLib/javadoc/net/canarymod/api/inventory/helper/LeatherArmorHelper.html]
[ci.visualillusionsent.net/job/CanaryLib/javadoc/net/canarymod/api/world/blocks/properties/helpers/class-use/LeavesProperties.html]
[ci.visualillusionsent.net/job/CanaryLib/javadoc/index79f3.html]
[ci.visualillusionsent.net/job/CanaryLib/javadoc/net/canarymod/api/world/blocks/properties/helpers/LeavesProperties.html]
[ci.visualillusionsent.net/job/CanaryLib/javadoc/net/canarymod/hook/player/class-use/LevelUpHook.html]
[ci.visualillusionsent.net/job/CanaryLib/javadoc/indexd69b.html]
[ci.visualillusionsent.net/job/CanaryLib/javadoc/net/canarymod/hook/player/LevelUpHook.html]
[ci.visualillusionsent.net/job/CanaryLib/javadoc/net/canarymod/api/world/blocks/properties/helpers/class-use/LeverProperties.html]
[ci.visualillusionsent.net/job/CanaryLib/javadoc/index357c.html]
[ci.visualillusionsent.net/job/CanaryLib/javadoc/net/canarymod/api/world/blocks/properties/helpers/LeverProperties.html]
[ci.visualillusionsent.net/job/CanaryLib/javadoc/net/canarymod/api/world/blocks/properties/helpers/class-use/LeverProperties.Orientation.html]
[ci.visualillusionsent.net/job/CanaryLib/javadoc/indexad7b.html]
[ci.visualillusionsent.net/job/CanaryLib/javadoc/net/canarymod/api/world/blocks/properties/helpers/LeverProperties.Orientation.html]
[ci.visualillusionsent.net/job/CanaryLib/javadoc/net/canarymod/api/entity/effect/class-use/LightningBolt.html]
[ci.visualillusionsent.net/job/CanaryLib/javadoc/net/canarymod/api/entity/effect/package-tree.html]
[ci.visualillusionsent.net/job/CanaryLib/javadoc/index7cc1.html]
[ci.visualillusionsent.net/job/CanaryLib/javadoc/net/canarymod/api/entity/effect/LightningBolt.html]
[ci.visualillusionsent.net/job/CanaryLib/javadoc/net/canarymod/hook/world/class-use/LightningStrikeHook.html]
[ci.visualillusionsent.net/job/CanaryLib/javadoc/index2b55.html]
[ci.visualillusionsent.net/job/CanaryLib/javadoc/net/canarymod/hook/world/LightningStrikeHook.html]
[ci.visualillusionsent.net/job/CanaryLib/javadoc/net/canarymod/class-use/LineTracer.html]
[ci.visualillusionsent.net/job/CanaryLib/javadoc/index7fde.html]
[ci.visualillusionsent.net/job/CanaryLib/javadoc/net/canarymod/LineTracer.html]
[ci.visualillusionsent.net/job/CanaryLib/javadoc/net/canarymod/hook/world/class-use/LiquidDestroyHook.html]
[ci.visualillusionsent.net/job/CanaryLib/javadoc/index3086.html]
[ci.visualillusionsent.net/job/CanaryLib/javadoc/net/canarymod/hook/world/LiquidDestroyHook.html]
[ci.visualillusionsent.net/job/CanaryLib/javadoc/net/canarymod/api/world/blocks/properties/helpers/class-use/LiquidProperties.html]
[ci.visualillusionsent.net/job/CanaryLib/javadoc/index1e02.html]
[ci.visualillusionsent.net/job/CanaryLib/javadoc/net/canarymod/api/world/blocks/properties/helpers/LiquidProperties.html]
[ci.visualillusionsent.net/job/CanaryLib/javadoc/net/canarymod/commandsys/commands/system/class-use/ListPlugins.html]
[ci.visualillusionsent.net/job/CanaryLib/javadoc/indexa122.html]
[ci.visualillusionsent.net/job/CanaryLib/javadoc/net/canarymod/commandsys/commands/system/ListPlugins.html]
[ci.visualillusionsent.net/job/CanaryLib/javadoc/net/canarymod/api/nbt/class-use/ListTag.html]
[ci.visualillusionsent.net/job/CanaryLib/javadoc/indexa8a5.html]
[ci.visualillusionsent.net/job/CanaryLib/javadoc/net/canarymod/api/nbt/ListTag.html]
[ci.visualillusionsent.net/job/CanaryLib/javadoc/net/canarymod/commandsys/commands/world/class-use/ListWorldsCommand.html]
[ci.visualillusionsent.net/job/CanaryLib/javadoc/indexd72b.html]
[ci.visualillusionsent.net/job/CanaryLib/javadoc/net/canarymod/commandsys/commands/world/ListWorldsCommand.html]
[ci.visualillusionsent.net/job/CanaryLib/javadoc/net/canarymod/api/entity/living/class-use/LivingBase.html]
[ci.visualillusionsent.net/job/CanaryLib/javadoc/indexd82b.html]
[ci.visualillusionsent.net/job/CanaryLib/javadoc/net/canarymod/api/entity/living/LivingBase.html]
[ci.visualillusionsent.net/job/CanaryLib/javadoc/net/canarymod/commandsys/commands/world/class-use/LoadWorldCommand.html]
[ci.visualillusionsent.net/job/CanaryLib/javadoc/index5ab9.html]
[ci.visualillusionsent.net/job/CanaryLib/javadoc/net/canarymod/commandsys/commands/world/LoadWorldCommand.html]
[ci.visualillusionsent.net/job/CanaryLib/javadoc/net/canarymod/hook/system/class-use/LoadWorldHook.html]
[ci.visualillusionsent.net/job/CanaryLib/javadoc/net/canarymod/hook/system/package-tree.html]
[ci.visualillusionsent.net/job/CanaryLib/javadoc/index982c.html]
[ci.visualillusionsent.net/job/CanaryLib/javadoc/net/canarymod/hook/system/LoadWorldHook.html]
[ci.visualillusionsent.net/job/CanaryLib/javadoc/net/canarymod/api/world/position/class-use/Location.html]
[ci.visualillusionsent.net/job/CanaryLib/javadoc/indexbbe5.html]
[ci.visualillusionsent.net/job/CanaryLib/javadoc/net/canarymod/api/world/position/Location.html]
[ci.visualillusionsent.net/job/CanaryLib/javadoc/net/canarymod/api/world/position/class-use/Location.ReadMode.html]
[ci.visualillusionsent.net/job/CanaryLib/javadoc/indexb04e.html]
[ci.visualillusionsent.net/job/CanaryLib/javadoc/net/canarymod/api/world/position/Location.ReadMode.html]
[ci.visualillusionsent.net/job/CanaryLib/javadoc/net/canarymod/database/class-use/LocationDataAccess.html]
[ci.visualillusionsent.net/job/CanaryLib/javadoc/index6431.html]
[ci.visualillusionsent.net/job/CanaryLib/javadoc/net/canarymod/database/LocationDataAccess.html]
[ci.visualillusionsent.net/job/CanaryLib/javadoc/net/canarymod/api/world/blocks/class-use/LockableTileEntity.html]
[ci.visualillusionsent.net/job/CanaryLib/javadoc/indexd5d0.html]
[ci.visualillusionsent.net/job/CanaryLib/javadoc/net/canarymod/api/world/blocks/LockableTileEntity.html]
[ci.visualillusionsent.net/job/CanaryLib/javadoc/net/canarymod/logger/class-use/Logman.html]
[ci.visualillusionsent.net/job/CanaryLib/javadoc/net/canarymod/logger/package-tree.html]
[ci.visualillusionsent.net/job/CanaryLib/javadoc/indexd62c.html]
[ci.visualillusionsent.net/job/CanaryLib/javadoc/net/canarymod/logger/Logman.html]
[ci.visualillusionsent.net/job/CanaryLib/javadoc/net/canarymod/api/world/blocks/properties/helpers/class-use/LogProperties.html]
[ci.visualillusionsent.net/job/CanaryLib/javadoc/index6797.html]
[ci.visualillusionsent.net/job/CanaryLib/javadoc/net/canarymod/api/world/blocks/properties/helpers/LogProperties.html]
[ci.visualillusionsent.net/job/CanaryLib/javadoc/net/canarymod/api/world/blocks/properties/helpers/class-use/LogProperties.Axis.html]
[ci.visualillusionsent.net/job/CanaryLib/javadoc/index1c0c.html]
[ci.visualillusionsent.net/job/CanaryLib/javadoc/net/canarymod/api/world/blocks/properties/helpers/LogProperties.Axis.html]
[ci.visualillusionsent.net/job/CanaryLib/javadoc/net/canarymod/api/nbt/class-use/LongTag.html]
[ci.visualillusionsent.net/job/CanaryLib/javadoc/index1a6d.html]
[ci.visualillusionsent.net/job/CanaryLib/javadoc/net/canarymod/api/nbt/LongTag.html]
[ci.visualillusionsent.net/job/CanaryLib/javadoc/net/canarymod/api/entity/living/monster/class-use/MagmaCube.html]
[ci.visualillusionsent.net/job/CanaryLib/javadoc/indexb673.html]
[ci.visualillusionsent.net/job/CanaryLib/javadoc/net/canarymod/api/entity/living/monster/MagmaCube.html]
[ci.visualillusionsent.net/job/CanaryLib/javadoc/net/canarymod/api/world/blocks/class-use/MapColor.html]
[ci.visualillusionsent.net/job/CanaryLib/javadoc/indexa333.html]
[ci.visualillusionsent.net/job/CanaryLib/javadoc/net/canarymod/api/world/blocks/MapColor.html]
[ci.visualillusionsent.net/job/CanaryLib/javadoc/net/canarymod/api/world/blocks/class-use/MapColorList.html]
[ci.visualillusionsent.net/job/CanaryLib/javadoc/index1e6e.html]
[ci.visualillusionsent.net/job/CanaryLib/javadoc/net/canarymod/api/world/blocks/MapColorList.html]
[ci.visualillusionsent.net/job/CanaryLib/javadoc/net/canarymod/api/inventory/class-use/MapData.html]
[ci.visualillusionsent.net/job/CanaryLib/javadoc/index8390.html]
[ci.visualillusionsent.net/job/CanaryLib/javadoc/net/canarymod/api/inventory/MapData.html]
[ci.visualillusionsent.net/job/CanaryLib/javadoc/net/canarymod/class-use/MathHelp.html]
[ci.visualillusionsent.net/job/CanaryLib/javadoc/indexf029.html]
[ci.visualillusionsent.net/job/CanaryLib/javadoc/net/canarymod/MathHelp.html]
[ci.visualillusionsent.net/job/CanaryLib/javadoc/net/canarymod/commandsys/commands/vanilla/class-use/Message.html]
[ci.visualillusionsent.net/job/CanaryLib/javadoc/indexb68c.html]
[ci.visualillusionsent.net/job/CanaryLib/javadoc/net/canarymod/commandsys/commands/vanilla/Message.html]
[ci.visualillusionsent.net/job/CanaryLib/javadoc/net/canarymod/motd/class-use/MessageOfTheDay.html]
[ci.visualillusionsent.net/job/CanaryLib/javadoc/indexb3e6.html]
[ci.visualillusionsent.net/job/CanaryLib/javadoc/net/canarymod/motd/MessageOfTheDay.html]
[ci.visualillusionsent.net/job/CanaryLib/javadoc/net/canarymod/motd/class-use/MessageOfTheDayListener.html]
[ci.visualillusionsent.net/job/CanaryLib/javadoc/indexa1ec.html]
[ci.visualillusionsent.net/job/CanaryLib/javadoc/net/canarymod/motd/MessageOfTheDayListener.html]
[ci.visualillusionsent.net/job/CanaryLib/javadoc/net/canarymod/commandsys/commands/vanilla/class-use/MessageRaw.html]
[ci.visualillusionsent.net/job/CanaryLib/javadoc/index17ae.html]
[ci.visualillusionsent.net/job/CanaryLib/javadoc/net/canarymod/commandsys/commands/vanilla/MessageRaw.html]
[ci.visualillusionsent.net/job/CanaryLib/javadoc/net/canarymod/chat/class-use/MessageReceiver.html]
[ci.visualillusionsent.net/job/CanaryLib/javadoc/index07d0.html]
[ci.visualillusionsent.net/job/CanaryLib/javadoc/net/canarymod/chat/MessageReceiver.html]
[ci.visualillusionsent.net/job/CanaryLib/javadoc/net/canarymod/api/entity/vehicle/class-use/Minecart.html]
[ci.visualillusionsent.net/job/CanaryLib/javadoc/index1faf.html]
[ci.visualillusionsent.net/job/CanaryLib/javadoc/net/canarymod/api/entity/vehicle/Minecart.html]
[ci.visualillusionsent.net/job/CanaryLib/javadoc/net/canarymod/hook/entity/class-use/MinecartActivateHook.html]
[ci.visualillusionsent.net/job/CanaryLib/javadoc/indexfd59.html]
[ci.visualillusionsent.net/job/CanaryLib/javadoc/net/canarymod/hook/entity/MinecartActivateHook.html]
[ci.visualillusionsent.net/job/CanaryLib/javadoc/net/canarymod/commandsys/commands/world/class-use/MobClear.html]
[ci.visualillusionsent.net/job/CanaryLib/javadoc/index2e90.html]
[ci.visualillusionsent.net/job/CanaryLib/javadoc/net/canarymod/commandsys/commands/world/MobClear.html]
[ci.visualillusionsent.net/job/CanaryLib/javadoc/net/canarymod/commandsys/commands/world/class-use/MobCount.html]
[ci.visualillusionsent.net/job/CanaryLib/javadoc/index611e.html]
[ci.visualillusionsent.net/job/CanaryLib/javadoc/net/canarymod/commandsys/commands/world/MobCount.html]
[ci.visualillusionsent.net/job/CanaryLib/javadoc/net/canarymod/api/world/blocks/class-use/MobSpawner.html]
[ci.visualillusionsent.net/job/CanaryLib/javadoc/indexa831.html]
[ci.visualillusionsent.net/job/CanaryLib/javadoc/net/canarymod/api/world/blocks/MobSpawner.html]
[ci.visualillusionsent.net/job/CanaryLib/javadoc/net/canarymod/commandsys/commands/world/class-use/MobSpawnerCheck.html]
[ci.visualillusionsent.net/job/CanaryLib/javadoc/index2058.html]
[ci.visualillusionsent.net/job/CanaryLib/javadoc/net/canarymod/commandsys/commands/world/MobSpawnerCheck.html]
[ci.visualillusionsent.net/job/CanaryLib/javadoc/net/canarymod/api/class-use/MobSpawnerEntry.html]
[ci.visualillusionsent.net/job/CanaryLib/javadoc/index8dd6.html]
[ci.visualillusionsent.net/job/CanaryLib/javadoc/net/canarymod/api/MobSpawnerEntry.html]
[ci.visualillusionsent.net/job/CanaryLib/javadoc/net/canarymod/api/class-use/MobSpawnerLogic.html]
[ci.visualillusionsent.net/job/CanaryLib/javadoc/indexd4c8.html]
[ci.visualillusionsent.net/job/CanaryLib/javadoc/net/canarymod/api/MobSpawnerLogic.html]
[ci.visualillusionsent.net/job/CanaryLib/javadoc/net/canarymod/api/entity/vehicle/class-use/MobSpawnerMinecart.html]
[ci.visualillusionsent.net/job/CanaryLib/javadoc/indexe77c.html]
[ci.visualillusionsent.net/job/CanaryLib/javadoc/net/canarymod/api/entity/vehicle/MobSpawnerMinecart.html]
[ci.visualillusionsent.net/job/CanaryLib/javadoc/net/canarymod/commandsys/commands/world/class-use/MobSpawnerSet.html]
[ci.visualillusionsent.net/job/CanaryLib/javadoc/indexcfbb.html]
[ci.visualillusionsent.net/job/CanaryLib/javadoc/net/canarymod/commandsys/commands/world/MobSpawnerSet.html]
[ci.visualillusionsent.net/job/CanaryLib/javadoc/net/canarymod/hook/entity/class-use/MobTargetHook.html]
[ci.visualillusionsent.net/job/CanaryLib/javadoc/indexa8ea.html]
[ci.visualillusionsent.net/job/CanaryLib/javadoc/net/canarymod/hook/entity/MobTargetHook.html]
[ci.visualillusionsent.net/job/CanaryLib/javadoc/net/canarymod/api/attributes/class-use/ModifiedAttribute.html]
[ci.visualillusionsent.net/job/CanaryLib/javadoc/index0088.html]
[ci.visualillusionsent.net/job/CanaryLib/javadoc/net/canarymod/api/attributes/ModifiedAttribute.html]
[ci.visualillusionsent.net/job/CanaryLib/javadoc/net/canarymod/api/entity/living/animal/class-use/Mooshroom.html]
[ci.visualillusionsent.net/job/CanaryLib/javadoc/index4f98.html]
[ci.visualillusionsent.net/job/CanaryLib/javadoc/net/canarymod/api/entity/living/animal/Mooshroom.html]
[ci.visualillusionsent.net/job/CanaryLib/javadoc/net/canarymod/commandsys/commands/system/class-use/Motd.html]
[ci.visualillusionsent.net/job/CanaryLib/javadoc/index69d5.html]
[ci.visualillusionsent.net/job/CanaryLib/javadoc/net/canarymod/commandsys/commands/system/Motd.html]
[ci.visualillusionsent.net/job/CanaryLib/javadoc/net/canarymod/motd/class-use/MOTDKey.html]
[ci.visualillusionsent.net/job/CanaryLib/javadoc/index6da4.html]
[ci.visualillusionsent.net/job/CanaryLib/javadoc/net/canarymod/motd/MOTDKey.html]
[ci.visualillusionsent.net/job/CanaryLib/javadoc/net/canarymod/motd/class-use/MOTDOwner.html]
[ci.visualillusionsent.net/job/CanaryLib/javadoc/index7417.html]
[ci.visualillusionsent.net/job/CanaryLib/javadoc/net/canarymod/motd/MOTDOwner.html]
[ci.visualillusionsent.net/job/CanaryLib/javadoc/net/canarymod/permissionsystem/class-use/MultiworldPermissionProvider.html]
[ci.visualillusionsent.net/job/CanaryLib/javadoc/net/canarymod/permissionsystem/package-tree.html]
[ci.visualillusionsent.net/job/CanaryLib/javadoc/index41d8.html]
[ci.visualillusionsent.net/job/CanaryLib/javadoc/net/canarymod/permissionsystem/MultiworldPermissionProvider.html]
[ci.visualillusionsent.net/job/CanaryLib/javadoc/net/canarymod/commandsys/commands/system/class-use/Mute.html]
[ci.visualillusionsent.net/job/CanaryLib/javadoc/index4736.html]
[ci.visualillusionsent.net/job/CanaryLib/javadoc/net/canarymod/commandsys/commands/system/Mute.html]
[ci.visualillusionsent.net/job/CanaryLib/javadoc/net/canarymod/api/world/blocks/properties/helpers/class-use/MyceliumProperties.html]
[ci.visualillusionsent.net/job/CanaryLib/javadoc/index215a.html]
[ci.visualillusionsent.net/job/CanaryLib/javadoc/net/canarymod/api/world/blocks/properties/helpers/MyceliumProperties.html]
[ci.visualillusionsent.net/job/CanaryLib/javadoc/net/canarymod/database/mysql/class-use/MySQLDatabase.html]
[ci.visualillusionsent.net/job/CanaryLib/javadoc/net/canarymod/database/mysql/package-tree.html]
[ci.visualillusionsent.net/job/CanaryLib/javadoc/index5a2c.html]
[ci.visualillusionsent.net/job/CanaryLib/javadoc/net/canarymod/database/mysql/MySQLDatabase.html]
[ci.visualillusionsent.net/job/CanaryLib/javadoc/net/canarymod/commandsys/class-use/NativeCommand.html]
[ci.visualillusionsent.net/job/CanaryLib/javadoc/index2374.html]
[ci.visualillusionsent.net/job/CanaryLib/javadoc/net/canarymod/commandsys/NativeCommand.html]
[ci.visualillusionsent.net/job/CanaryLib/javadoc/net/canarymod/class-use/NativeTranslateBridge.html]
[ci.visualillusionsent.net/job/CanaryLib/javadoc/indexaf1e.html]
[ci.visualillusionsent.net/job/CanaryLib/javadoc/net/canarymod/NativeTranslateBridge.html]
[ci.visualillusionsent.net/job/CanaryLib/javadoc/net/canarymod/api/factory/class-use/NBTFactory.html]
[ci.visualillusionsent.net/job/CanaryLib/javadoc/indexaeec.html]
[ci.visualillusionsent.net/job/CanaryLib/javadoc/net/canarymod/api/factory/NBTFactory.html]
[ci.visualillusionsent.net/job/CanaryLib/javadoc/net/canarymod/api/nbt/class-use/NBTTagType.html]
[ci.visualillusionsent.net/job/CanaryLib/javadoc/index53e1.html]
[ci.visualillusionsent.net/job/CanaryLib/javadoc/net/canarymod/api/nbt/NBTTagType.html]
[ci.visualillusionsent.net/job/CanaryLib/javadoc/net/canarymod/api/world/blocks/properties/helpers/class-use/NetherWartProperties.html]
[ci.visualillusionsent.net/job/CanaryLib/javadoc/index67f8.html]
[ci.visualillusionsent.net/job/CanaryLib/javadoc/net/canarymod/api/world/blocks/properties/helpers/NetherWartProperties.html]
[ci.visualillusionsent.net/job/CanaryLib/javadoc/net/canarymod/api/class-use/NetServerHandler.html]
[ci.visualillusionsent.net/job/CanaryLib/javadoc/index57b5.html]
[ci.visualillusionsent.net/job/CanaryLib/javadoc/net/canarymod/api/NetServerHandler.html]
[ci.visualillusionsent.net/job/CanaryLib/javadoc/net/canarymod/api/entity/living/humanoid/class-use/NonPlayableCharacter.html]
[ci.visualillusionsent.net/job/CanaryLib/javadoc/index19bc.html]
[ci.visualillusionsent.net/job/CanaryLib/javadoc/net/canarymod/api/entity/living/humanoid/NonPlayableCharacter.html]
[ci.visualillusionsent.net/job/CanaryLib/javadoc/net/canarymod/api/world/blocks/class-use/NoteBlock.html]
[ci.visualillusionsent.net/job/CanaryLib/javadoc/indexf5f2.html]
[ci.visualillusionsent.net/job/CanaryLib/javadoc/net/canarymod/api/world/blocks/NoteBlock.html]
[ci.visualillusionsent.net/job/CanaryLib/javadoc/net/canarymod/hook/world/class-use/NoteBlockPlayHook.html]
[ci.visualillusionsent.net/job/CanaryLib/javadoc/index979c.html]
[ci.visualillusionsent.net/job/CanaryLib/javadoc/net/canarymod/hook/world/NoteBlockPlayHook.html]
[ci.visualillusionsent.net/job/CanaryLib/javadoc/net/canarymod/api/entity/living/humanoid/npc/ai/class-use/NPCAI.html]
[ci.visualillusionsent.net/job/CanaryLib/javadoc/index988f.html]
[ci.visualillusionsent.net/job/CanaryLib/javadoc/net/canarymod/api/entity/living/humanoid/npc/ai/NPCAI.html]
[ci.visualillusionsent.net/job/CanaryLib/javadoc/net/canarymod/api/entity/living/humanoid/npc/class-use/NPCAIExcutionException.html]
[ci.visualillusionsent.net/job/CanaryLib/javadoc/net/canarymod/api/entity/living/humanoid/npc/package-tree.html]
[ci.visualillusionsent.net/job/CanaryLib/javadoc/indexb30f.html]
[ci.visualillusionsent.net/job/CanaryLib/javadoc/net/canarymod/api/entity/living/humanoid/npc/NPCAIExcutionException.html]
[ci.visualillusionsent.net/job/CanaryLib/javadoc/net/canarymod/api/entity/living/humanoid/npc/class-use/NpcAiListenerMethodConsistancyException.html]
[ci.visualillusionsent.net/job/CanaryLib/javadoc/indexafea.html]
[ci.visualillusionsent.net/job/CanaryLib/javadoc/net/canarymod/api/entity/living/humanoid/npc/NpcAiListenerMethodConsistancyException.html]
[ci.visualillusionsent.net/job/CanaryLib/javadoc/net/canarymod/api/entity/living/humanoid/npc/class-use/NPCBehavior.html]
[ci.visualillusionsent.net/job/CanaryLib/javadoc/index0474.html]
[ci.visualillusionsent.net/job/CanaryLib/javadoc/net/canarymod/api/entity/living/humanoid/npc/NPCBehavior.html]
[ci.visualillusionsent.net/job/CanaryLib/javadoc/net/canarymod/api/entity/living/humanoid/npc/class-use/NPCBehaviorListener.html]
[ci.visualillusionsent.net/job/CanaryLib/javadoc/index7eb0.html]
[ci.visualillusionsent.net/job/CanaryLib/javadoc/net/canarymod/api/entity/living/humanoid/npc/NPCBehaviorListener.html]
[ci.visualillusionsent.net/job/CanaryLib/javadoc/net/canarymod/api/entity/living/humanoid/npc/class-use/NPCBehaviorRegistry.html]
[ci.visualillusionsent.net/job/CanaryLib/javadoc/index7a70.html]
[ci.visualillusionsent.net/job/CanaryLib/javadoc/net/canarymod/api/entity/living/humanoid/npc/NPCBehaviorRegistry.html]
[ci.visualillusionsent.net/job/CanaryLib/javadoc/net/canarymod/api/factory/class-use/ObjectFactory.html]
[ci.visualillusionsent.net/job/CanaryLib/javadoc/indexe949.html]
[ci.visualillusionsent.net/job/CanaryLib/javadoc/net/canarymod/api/factory/ObjectFactory.html]
[ci.visualillusionsent.net/job/CanaryLib/javadoc/net/canarymod/api/entity/living/animal/class-use/Ocelot.html]
[ci.visualillusionsent.net/job/CanaryLib/javadoc/indexf8dc.html]
[ci.visualillusionsent.net/job/CanaryLib/javadoc/net/canarymod/api/entity/living/animal/Ocelot.html]
[ci.visualillusionsent.net/job/CanaryLib/javadoc/net/canarymod/api/entity/living/animal/class-use/Ocelot.SkinType.html]
[ci.visualillusionsent.net/job/CanaryLib/javadoc/index85ae.html]
[ci.visualillusionsent.net/job/CanaryLib/javadoc/net/canarymod/api/entity/living/animal/Ocelot.SkinType.html]
[ci.visualillusionsent.net/job/CanaryLib/javadoc/net/canarymod/api/class-use/OfflinePlayer.html]
[ci.visualillusionsent.net/job/CanaryLib/javadoc/indexeae3.html]
[ci.visualillusionsent.net/job/CanaryLib/javadoc/net/canarymod/api/OfflinePlayer.html]
[ci.visualillusionsent.net/job/CanaryLib/javadoc/net/canarymod/commandsys/commands/system/operator/class-use/Op.html]
[ci.visualillusionsent.net/job/CanaryLib/javadoc/indexfc6b.html]
[ci.visualillusionsent.net/job/CanaryLib/javadoc/net/canarymod/commandsys/commands/system/operator/Op.html]
[ci.visualillusionsent.net/job/CanaryLib/javadoc/net/canarymod/backbone/class-use/OperatorsDataAccess.html]
[ci.visualillusionsent.net/job/CanaryLib/javadoc/index2e70.html]
[ci.visualillusionsent.net/job/CanaryLib/javadoc/net/canarymod/backbone/OperatorsDataAccess.html]
[ci.visualillusionsent.net/job/CanaryLib/javadoc/net/canarymod/user/class-use/OperatorsProvider.html]
[ci.visualillusionsent.net/job/CanaryLib/javadoc/index3926.html]
[ci.visualillusionsent.net/job/CanaryLib/javadoc/net/canarymod/user/OperatorsProvider.html]
[ci.visualillusionsent.net/job/CanaryLib/javadoc/net/canarymod/commandsys/commands/system/operator/class-use/OpList.html]
[ci.visualillusionsent.net/job/CanaryLib/javadoc/index3e2b.html]
[ci.visualillusionsent.net/job/CanaryLib/javadoc/net/canarymod/commandsys/commands/system/operator/OpList.html]
[ci.visualillusionsent.net/job/CanaryLib/javadoc/net/canarymod/api/packet/class-use/Packet.html]
[ci.visualillusionsent.net/job/CanaryLib/javadoc/index1de0.html]
[ci.visualillusionsent.net/job/CanaryLib/javadoc/net/canarymod/api/packet/Packet.html]
[ci.visualillusionsent.net/job/CanaryLib/javadoc/net/canarymod/api/factory/class-use/PacketFactory.html]
[ci.visualillusionsent.net/job/CanaryLib/javadoc/index922c.html]
[ci.visualillusionsent.net/job/CanaryLib/javadoc/net/canarymod/api/factory/PacketFactory.html]
[ci.visualillusionsent.net/job/CanaryLib/javadoc/net/canarymod/api/entity/hanging/class-use/Painting.html]
[ci.visualillusionsent.net/job/CanaryLib/javadoc/index1d31.html]
[ci.visualillusionsent.net/job/CanaryLib/javadoc/net/canarymod/api/entity/hanging/Painting.html]
[ci.visualillusionsent.net/job/CanaryLib/javadoc/net/canarymod/api/entity/hanging/class-use/Painting.ArtType.html]
[ci.visualillusionsent.net/job/CanaryLib/javadoc/indexbfec.html]
[ci.visualillusionsent.net/job/CanaryLib/javadoc/net/canarymod/api/entity/hanging/Painting.ArtType.html]
[ci.visualillusionsent.net/job/CanaryLib/javadoc/net/canarymod/api/world/effects/class-use/Particle.html]
[ci.visualillusionsent.net/job/CanaryLib/javadoc/indexe304.html]
[ci.visualillusionsent.net/job/CanaryLib/javadoc/net/canarymod/api/world/effects/Particle.html]
[ci.visualillusionsent.net/job/CanaryLib/javadoc/net/canarymod/commandsys/commands/vanilla/class-use/Particle.html]
[ci.visualillusionsent.net/job/CanaryLib/javadoc/index2234.html]
[ci.visualillusionsent.net/job/CanaryLib/javadoc/net/canarymod/commandsys/commands/vanilla/Particle.html]
[ci.visualillusionsent.net/job/CanaryLib/javadoc/net/canarymod/api/world/effects/class-use/Particle.Type.html]
[ci.visualillusionsent.net/job/CanaryLib/javadoc/index2116.html]
[ci.visualillusionsent.net/job/CanaryLib/javadoc/net/canarymod/api/world/effects/Particle.Type.html]
[ci.visualillusionsent.net/job/CanaryLib/javadoc/net/canarymod/api/class-use/PathFinder.html]
[ci.visualillusionsent.net/job/CanaryLib/javadoc/index6b84.html]
[ci.visualillusionsent.net/job/CanaryLib/javadoc/net/canarymod/api/PathFinder.html]
[ci.visualillusionsent.net/job/CanaryLib/javadoc/net/canarymod/hook/system/class-use/PermissionCheckHook.html]
[ci.visualillusionsent.net/job/CanaryLib/javadoc/index22e3.html]
[ci.visualillusionsent.net/job/CanaryLib/javadoc/net/canarymod/hook/system/PermissionCheckHook.html]
[ci.visualillusionsent.net/job/CanaryLib/javadoc/net/canarymod/backbone/class-use/PermissionDataAccess.html]
[ci.visualillusionsent.net/job/CanaryLib/javadoc/index7d5a.html]
[ci.visualillusionsent.net/job/CanaryLib/javadoc/net/canarymod/backbone/PermissionDataAccess.html]
[ci.visualillusionsent.net/job/CanaryLib/javadoc/net/canarymod/permissionsystem/class-use/PermissionManager.html]
[ci.visualillusionsent.net/job/CanaryLib/javadoc/index247e.html]
[ci.visualillusionsent.net/job/CanaryLib/javadoc/net/canarymod/permissionsystem/PermissionManager.html]
[ci.visualillusionsent.net/job/CanaryLib/javadoc/net/canarymod/permissionsystem/class-use/PermissionNode.html]
[ci.visualillusionsent.net/job/CanaryLib/javadoc/index951c.html]
[ci.visualillusionsent.net/job/CanaryLib/javadoc/net/canarymod/permissionsystem/PermissionNode.html]
[ci.visualillusionsent.net/job/CanaryLib/javadoc/net/canarymod/permissionsystem/class-use/PermissionProvider.html]
[ci.visualillusionsent.net/job/CanaryLib/javadoc/index4da2.html]
[ci.visualillusionsent.net/job/CanaryLib/javadoc/net/canarymod/permissionsystem/PermissionProvider.html]
[ci.visualillusionsent.net/job/CanaryLib/javadoc/net/canarymod/api/entity/living/humanoid/npc/ai/class-use/PickupItem.html]
[ci.visualillusionsent.net/job/CanaryLib/javadoc/index98b8.html]
[ci.visualillusionsent.net/job/CanaryLib/javadoc/net/canarymod/api/entity/living/humanoid/npc/ai/PickupItem.html]
[ci.visualillusionsent.net/job/CanaryLib/javadoc/net/canarymod/api/entity/living/animal/class-use/Pig.html]
[ci.visualillusionsent.net/job/CanaryLib/javadoc/index75cb.html]
[ci.visualillusionsent.net/job/CanaryLib/javadoc/net/canarymod/api/entity/living/animal/Pig.html]
[ci.visualillusionsent.net/job/CanaryLib/javadoc/net/canarymod/api/entity/living/monster/class-use/PigZombie.html]
[ci.visualillusionsent.net/job/CanaryLib/javadoc/index32e1.html]
[ci.visualillusionsent.net/job/CanaryLib/javadoc/net/canarymod/api/entity/living/monster/PigZombie.html]
[ci.visualillusionsent.net/job/CanaryLib/javadoc/net/canarymod/hook/world/class-use/PistonExtendHook.html]
[ci.visualillusionsent.net/job/CanaryLib/javadoc/index778c.html]
[ci.visualillusionsent.net/job/CanaryLib/javadoc/net/canarymod/hook/world/PistonExtendHook.html]
[ci.visualillusionsent.net/job/CanaryLib/javadoc/net/canarymod/api/world/blocks/properties/helpers/class-use/PistonHeadProperties.html]
[ci.visualillusionsent.net/job/CanaryLib/javadoc/net/canarymod/api/world/blocks/properties/helpers/PistonHeadProperties.html]
[ci.visualillusionsent.net/job/CanaryLib/javadoc/indexf2f3.html]
[ci.visualillusionsent.net/job/CanaryLib/javadoc/net/canarymod/api/world/blocks/properties/helpers/class-use/PistonHeadProperties.Type.html]
[ci.visualillusionsent.net/job/CanaryLib/javadoc/index977e.html]
[ci.visualillusionsent.net/job/CanaryLib/javadoc/net/canarymod/api/world/blocks/properties/helpers/PistonHeadProperties.Type.html]
[ci.visualillusionsent.net/job/CanaryLib/javadoc/net/canarymod/api/world/blocks/properties/helpers/class-use/PistonProperties.html]
[ci.visualillusionsent.net/job/CanaryLib/javadoc/index7be1.html]
[ci.visualillusionsent.net/job/CanaryLib/javadoc/net/canarymod/api/world/blocks/properties/helpers/PistonProperties.html]
[ci.visualillusionsent.net/job/CanaryLib/javadoc/net/canarymod/hook/world/class-use/PistonRetractHook.html]
[ci.visualillusionsent.net/job/CanaryLib/javadoc/indexfd0a.html]
[ci.visualillusionsent.net/job/CanaryLib/javadoc/net/canarymod/hook/world/PistonRetractHook.html]
[ci.visualillusionsent.net/job/CanaryLib/javadoc/net/canarymod/api/world/blocks/properties/helpers/class-use/PlanksProperties.html]
[ci.visualillusionsent.net/job/CanaryLib/javadoc/indexc2c4.html]
[ci.visualillusionsent.net/job/CanaryLib/javadoc/net/canarymod/api/world/blocks/properties/helpers/PlanksProperties.html]
[ci.visualillusionsent.net/job/CanaryLib/javadoc/net/canarymod/api/entity/living/humanoid/class-use/Player.html]
[ci.visualillusionsent.net/job/CanaryLib/javadoc/index3acf.html]
[ci.visualillusionsent.net/job/CanaryLib/javadoc/net/canarymod/api/entity/living/humanoid/Player.html]
[ci.visualillusionsent.net/job/CanaryLib/javadoc/net/canarymod/hook/player/class-use/PlayerArmSwingHook.html]
[ci.visualillusionsent.net/job/CanaryLib/javadoc/indexc27e.html]
[ci.visualillusionsent.net/job/CanaryLib/javadoc/net/canarymod/hook/player/PlayerArmSwingHook.html]
[ci.visualillusionsent.net/job/CanaryLib/javadoc/net/canarymod/hook/command/class-use/PlayerCommandHook.html]
[ci.visualillusionsent.net/job/CanaryLib/javadoc/index829b.html]
[ci.visualillusionsent.net/job/CanaryLib/javadoc/net/canarymod/hook/command/PlayerCommandHook.html]
[ci.visualillusionsent.net/job/CanaryLib/javadoc/net/canarymod/api/inventory/class-use/PlayerCraftingMatrix.html]
[ci.visualillusionsent.net/job/CanaryLib/javadoc/index1690.html]
[ci.visualillusionsent.net/job/CanaryLib/javadoc/net/canarymod/api/inventory/PlayerCraftingMatrix.html]
[ci.visualillusionsent.net/job/CanaryLib/javadoc/net/canarymod/commandsys/commands/playermod/class-use/PlayerCreate.html]
[ci.visualillusionsent.net/job/CanaryLib/javadoc/net/canarymod/commandsys/commands/playermod/package-tree.html]
[ci.visualillusionsent.net/job/CanaryLib/javadoc/index1abe.html]
[ci.visualillusionsent.net/job/CanaryLib/javadoc/net/canarymod/commandsys/commands/playermod/PlayerCreate.html]
[ci.visualillusionsent.net/job/CanaryLib/javadoc/net/canarymod/backbone/class-use/PlayerDataAccess.html]
[ci.visualillusionsent.net/job/CanaryLib/javadoc/index51cb.html]
[ci.visualillusionsent.net/job/CanaryLib/javadoc/net/canarymod/backbone/PlayerDataAccess.html]
[ci.visualillusionsent.net/job/CanaryLib/javadoc/net/canarymod/hook/player/class-use/PlayerDeathHook.html]
[ci.visualillusionsent.net/job/CanaryLib/javadoc/indexeb02.html]
[ci.visualillusionsent.net/job/CanaryLib/javadoc/net/canarymod/hook/player/PlayerDeathHook.html]
[ci.visualillusionsent.net/job/CanaryLib/javadoc/net/canarymod/commandsys/commands/playermod/class-use/PlayerGroupAdd.html]
[ci.visualillusionsent.net/job/CanaryLib/javadoc/index61c8.html]
[ci.visualillusionsent.net/job/CanaryLib/javadoc/net/canarymod/commandsys/commands/playermod/PlayerGroupAdd.html]
[ci.visualillusionsent.net/job/CanaryLib/javadoc/net/canarymod/commandsys/commands/playermod/class-use/PlayerGroupCheck.html]
[ci.visualillusionsent.net/job/CanaryLib/javadoc/index5e40.html]
[ci.visualillusionsent.net/job/CanaryLib/javadoc/net/canarymod/commandsys/commands/playermod/PlayerGroupCheck.html]
[ci.visualillusionsent.net/job/CanaryLib/javadoc/net/canarymod/commandsys/commands/playermod/class-use/PlayerGroupList.html]
[ci.visualillusionsent.net/job/CanaryLib/javadoc/index05c2.html]
[ci.visualillusionsent.net/job/CanaryLib/javadoc/net/canarymod/commandsys/commands/playermod/PlayerGroupList.html]
[ci.visualillusionsent.net/job/CanaryLib/javadoc/net/canarymod/commandsys/commands/playermod/class-use/PlayerGroupRemove.html]
[ci.visualillusionsent.net/job/CanaryLib/javadoc/index2b3f.html]
[ci.visualillusionsent.net/job/CanaryLib/javadoc/net/canarymod/commandsys/commands/playermod/PlayerGroupRemove.html]
[ci.visualillusionsent.net/job/CanaryLib/javadoc/net/canarymod/commandsys/commands/playermod/class-use/PlayerGroupSet.html]
[ci.visualillusionsent.net/job/CanaryLib/javadoc/index9f58.html]
[ci.visualillusionsent.net/job/CanaryLib/javadoc/net/canarymod/commandsys/commands/playermod/PlayerGroupSet.html]
[ci.visualillusionsent.net/job/CanaryLib/javadoc/net/canarymod/hook/player/class-use/PlayerIdleHook.html]
[ci.visualillusionsent.net/job/CanaryLib/javadoc/index209f.html]
[ci.visualillusionsent.net/job/CanaryLib/javadoc/net/canarymod/hook/player/PlayerIdleHook.html]
[ci.visualillusionsent.net/job/CanaryLib/javadoc/net/canarymod/commandsys/commands/system/class-use/PlayerInfoAddition.html]
[ci.visualillusionsent.net/job/CanaryLib/javadoc/index41c9.html]
[ci.visualillusionsent.net/job/CanaryLib/javadoc/net/canarymod/commandsys/commands/system/PlayerInfoAddition.html]
[ci.visualillusionsent.net/job/CanaryLib/javadoc/net/canarymod/commandsys/commands/system/class-use/PlayerInformation.html]
[ci.visualillusionsent.net/job/CanaryLib/javadoc/index070e.html]
[ci.visualillusionsent.net/job/CanaryLib/javadoc/net/canarymod/commandsys/commands/system/PlayerInformation.html]
[ci.visualillusionsent.net/job/CanaryLib/javadoc/net/canarymod/api/inventory/class-use/PlayerInventory.html]
[ci.visualillusionsent.net/job/CanaryLib/javadoc/net/canarymod/api/inventory/PlayerInventory.html]
[ci.visualillusionsent.net/job/CanaryLib/javadoc/index9a32.html]
[ci.visualillusionsent.net/job/CanaryLib/javadoc/net/canarymod/commandsys/commands/system/class-use/PlayerList.html]
[ci.visualillusionsent.net/job/CanaryLib/javadoc/index8e57.html]
[ci.visualillusionsent.net/job/CanaryLib/javadoc/net/canarymod/commandsys/commands/system/PlayerList.html]
[ci.visualillusionsent.net/job/CanaryLib/javadoc/net/canarymod/api/class-use/PlayerListAction.html]
[ci.visualillusionsent.net/job/CanaryLib/javadoc/index7afa.html]
[ci.visualillusionsent.net/job/CanaryLib/javadoc/net/canarymod/api/PlayerListAction.html]
[ci.visualillusionsent.net/job/CanaryLib/javadoc/net/canarymod/api/class-use/PlayerListData.html]
[ci.visualillusionsent.net/job/CanaryLib/javadoc/index0f6c.html]
[ci.visualillusionsent.net/job/CanaryLib/javadoc/net/canarymod/api/PlayerListData.html]
[ci.visualillusionsent.net/job/CanaryLib/javadoc/net/canarymod/hook/player/class-use/PlayerListHook.html]
[ci.visualillusionsent.net/job/CanaryLib/javadoc/indexdd89.html]
[ci.visualillusionsent.net/job/CanaryLib/javadoc/net/canarymod/hook/player/PlayerListHook.html]
[ci.visualillusionsent.net/job/CanaryLib/javadoc/net/canarymod/api/class-use/PlayerManager.html]
[ci.visualillusionsent.net/job/CanaryLib/javadoc/index862f.html]
[ci.visualillusionsent.net/job/CanaryLib/javadoc/net/canarymod/api/PlayerManager.html]
[ci.visualillusionsent.net/job/CanaryLib/javadoc/net/canarymod/commandsys/commands/playermod/class-use/PlayermodBase.html]
[ci.visualillusionsent.net/job/CanaryLib/javadoc/index30a0.html]
[ci.visualillusionsent.net/job/CanaryLib/javadoc/net/canarymod/commandsys/commands/playermod/PlayermodBase.html]
[ci.visualillusionsent.net/job/CanaryLib/javadoc/net/canarymod/hook/player/class-use/PlayerMoveHook.html]
[ci.visualillusionsent.net/job/CanaryLib/javadoc/index327b.html]
[ci.visualillusionsent.net/job/CanaryLib/javadoc/net/canarymod/hook/player/PlayerMoveHook.html]
[ci.visualillusionsent.net/job/CanaryLib/javadoc/net/canarymod/commandsys/commands/playermod/class-use/PlayerPermissionAdd.html]
[ci.visualillusionsent.net/job/CanaryLib/javadoc/indexfa21.html]
[ci.visualillusionsent.net/job/CanaryLib/javadoc/net/canarymod/commandsys/commands/playermod/PlayerPermissionAdd.html]
[ci.visualillusionsent.net/job/CanaryLib/javadoc/net/canarymod/commandsys/commands/playermod/class-use/PlayerPermissionCheck.html]
[ci.visualillusionsent.net/job/CanaryLib/javadoc/net/canarymod/commandsys/commands/playermod/PlayerPermissionCheck.html]
[ci.visualillusionsent.net/job/CanaryLib/javadoc/indexd08e.html]
[ci.visualillusionsent.net/job/CanaryLib/javadoc/net/canarymod/commandsys/commands/playermod/class-use/PlayerPermissionList.html]
[ci.visualillusionsent.net/job/CanaryLib/javadoc/index71ae.html]
[ci.visualillusionsent.net/job/CanaryLib/javadoc/net/canarymod/commandsys/commands/playermod/PlayerPermissionList.html]
[ci.visualillusionsent.net/job/CanaryLib/javadoc/net/canarymod/commandsys/commands/playermod/class-use/PlayerPermissionRemove.html]
[ci.visualillusionsent.net/job/CanaryLib/javadoc/indexb175.html]
[ci.visualillusionsent.net/job/CanaryLib/javadoc/net/canarymod/commandsys/commands/playermod/PlayerPermissionRemove.html]
[ci.visualillusionsent.net/job/CanaryLib/javadoc/net/canarymod/commandsys/commands/playermod/class-use/PlayerPrefix.html]
[ci.visualillusionsent.net/job/CanaryLib/javadoc/index157c.html]
[ci.visualillusionsent.net/job/CanaryLib/javadoc/net/canarymod/commandsys/commands/playermod/PlayerPrefix.html]
[ci.visualillusionsent.net/job/CanaryLib/javadoc/net/canarymod/api/class-use/PlayerReference.html]
[ci.visualillusionsent.net/job/CanaryLib/javadoc/index4bae.html]
[ci.visualillusionsent.net/job/CanaryLib/javadoc/net/canarymod/api/PlayerReference.html]
[ci.visualillusionsent.net/job/CanaryLib/javadoc/net/canarymod/commandsys/commands/playermod/class-use/PlayerRemove.html]
[ci.visualillusionsent.net/job/CanaryLib/javadoc/indexff38.html]
[ci.visualillusionsent.net/job/CanaryLib/javadoc/net/canarymod/commandsys/commands/playermod/PlayerRemove.html]
[ci.visualillusionsent.net/job/CanaryLib/javadoc/net/canarymod/hook/player/class-use/PlayerRespawnedHook.html]
[ci.visualillusionsent.net/job/CanaryLib/javadoc/indexd5eb.html]
[ci.visualillusionsent.net/job/CanaryLib/javadoc/net/canarymod/hook/player/PlayerRespawnedHook.html]
[ci.visualillusionsent.net/job/CanaryLib/javadoc/net/canarymod/hook/player/class-use/PlayerRespawningHook.html]
[ci.visualillusionsent.net/job/CanaryLib/javadoc/index87a3.html]
[ci.visualillusionsent.net/job/CanaryLib/javadoc/net/canarymod/hook/player/PlayerRespawningHook.html]
[ci.visualillusionsent.net/job/CanaryLib/javadoc/net/canarymod/commandsys/class-use/PlayerSelector.html]
[ci.visualillusionsent.net/job/CanaryLib/javadoc/index7799.html]
[ci.visualillusionsent.net/job/CanaryLib/javadoc/net/canarymod/commandsys/PlayerSelector.html]
[ci.visualillusionsent.net/job/CanaryLib/javadoc/net/canarymod/commandsys/commands/vanilla/class-use/PlaySound.html]
[ci.visualillusionsent.net/job/CanaryLib/javadoc/indexcf8d.html]
[ci.visualillusionsent.net/job/CanaryLib/javadoc/net/canarymod/commandsys/commands/vanilla/PlaySound.html]
[ci.visualillusionsent.net/job/CanaryLib/javadoc/net/canarymod/plugin/class-use/Plugin.html]
[ci.visualillusionsent.net/job/CanaryLib/javadoc/indexc336.html]
[ci.visualillusionsent.net/job/CanaryLib/javadoc/net/canarymod/plugin/Plugin.html]
[ci.visualillusionsent.net/job/CanaryLib/javadoc/net/canarymod/commandsys/commands/system/class-use/PluginCommand.html]
[ci.visualillusionsent.net/job/CanaryLib/javadoc/index379c.html]
[ci.visualillusionsent.net/job/CanaryLib/javadoc/net/canarymod/commandsys/commands/system/PluginCommand.html]
[ci.visualillusionsent.net/job/CanaryLib/javadoc/net/canarymod/exceptions/class-use/PluginDependencyException.html]
[ci.visualillusionsent.net/job/CanaryLib/javadoc/index8a41.html]
[ci.visualillusionsent.net/job/CanaryLib/javadoc/net/canarymod/exceptions/PluginDependencyException.html]
[ci.visualillusionsent.net/job/CanaryLib/javadoc/net/canarymod/plugin/class-use/PluginDescriptor.html]
[ci.visualillusionsent.net/job/CanaryLib/javadoc/index2b8d.html]
[ci.visualillusionsent.net/job/CanaryLib/javadoc/net/canarymod/plugin/PluginDescriptor.html]
[ci.visualillusionsent.net/job/CanaryLib/javadoc/net/canarymod/hook/system/class-use/PluginDisableHook.html]
[ci.visualillusionsent.net/job/CanaryLib/javadoc/indexfe5a.html]
[ci.visualillusionsent.net/job/CanaryLib/javadoc/net/canarymod/hook/system/PluginDisableHook.html]
[ci.visualillusionsent.net/job/CanaryLib/javadoc/net/canarymod/hook/system/class-use/PluginEnableHook.html]
[ci.visualillusionsent.net/job/CanaryLib/javadoc/indexdcf2.html]
[ci.visualillusionsent.net/job/CanaryLib/javadoc/net/canarymod/hook/system/PluginEnableHook.html]
[ci.visualillusionsent.net/job/CanaryLib/javadoc/net/canarymod/plugin/class-use/PluginException.html]
[ci.visualillusionsent.net/job/CanaryLib/javadoc/index1738.html]
[ci.visualillusionsent.net/job/CanaryLib/javadoc/net/canarymod/plugin/PluginException.html]
[ci.visualillusionsent.net/job/CanaryLib/javadoc/net/canarymod/plugin/class-use/PluginLangLoader.html]
[ci.visualillusionsent.net/job/CanaryLib/javadoc/indexaaeb.html]
[ci.visualillusionsent.net/job/CanaryLib/javadoc/net/canarymod/plugin/PluginLangLoader.html]
[ci.visualillusionsent.net/job/CanaryLib/javadoc/net/canarymod/plugin/class-use/PluginLifecycle.html]
[ci.visualillusionsent.net/job/CanaryLib/javadoc/index5475.html]
[ci.visualillusionsent.net/job/CanaryLib/javadoc/net/canarymod/plugin/PluginLifecycle.html]
[ci.visualillusionsent.net/job/CanaryLib/javadoc/net/canarymod/plugin/lifecycle/class-use/PluginLifecycleBase.html]
[ci.visualillusionsent.net/job/CanaryLib/javadoc/index1055.html]
[ci.visualillusionsent.net/job/CanaryLib/javadoc/net/canarymod/plugin/lifecycle/PluginLifecycleBase.html]
[ci.visualillusionsent.net/job/CanaryLib/javadoc/net/canarymod/plugin/lifecycle/class-use/PluginLifecycleFactory.html]
[ci.visualillusionsent.net/job/CanaryLib/javadoc/index55e9.html]
[ci.visualillusionsent.net/job/CanaryLib/javadoc/net/canarymod/plugin/lifecycle/PluginLifecycleFactory.html]
[ci.visualillusionsent.net/job/CanaryLib/javadoc/net/canarymod/plugin/class-use/PluginListener.html]
[ci.visualillusionsent.net/job/CanaryLib/javadoc/indexe260.html]
[ci.visualillusionsent.net/job/CanaryLib/javadoc/net/canarymod/plugin/PluginListener.html]
[ci.visualillusionsent.net/job/CanaryLib/javadoc/net/canarymod/exceptions/class-use/PluginLoadFailedException.html]
[ci.visualillusionsent.net/job/CanaryLib/javadoc/index02bc.html]
[ci.visualillusionsent.net/job/CanaryLib/javadoc/net/canarymod/exceptions/PluginLoadFailedException.html]
[ci.visualillusionsent.net/job/CanaryLib/javadoc/net/canarymod/plugin/class-use/PluginManager.html]
[ci.visualillusionsent.net/job/CanaryLib/javadoc/indexb08c.html]
[ci.visualillusionsent.net/job/CanaryLib/javadoc/net/canarymod/plugin/PluginManager.html]
[ci.visualillusionsent.net/job/CanaryLib/javadoc/net/canarymod/plugin/class-use/PluginState.html]
[ci.visualillusionsent.net/job/CanaryLib/javadoc/index242c.html]
[ci.visualillusionsent.net/job/CanaryLib/javadoc/net/canarymod/plugin/PluginState.html]
[ci.visualillusionsent.net/job/CanaryLib/javadoc/net/canarymod/hook/world/class-use/PortalCreateHook.html]
[ci.visualillusionsent.net/job/CanaryLib/javadoc/index909e.html]
[ci.visualillusionsent.net/job/CanaryLib/javadoc/net/canarymod/hook/world/PortalCreateHook.html]
[ci.visualillusionsent.net/job/CanaryLib/javadoc/net/canarymod/hook/world/class-use/PortalDestroyHook.html]
[ci.visualillusionsent.net/job/CanaryLib/javadoc/index681a.html]
[ci.visualillusionsent.net/job/CanaryLib/javadoc/net/canarymod/hook/world/PortalDestroyHook.html]
[ci.visualillusionsent.net/job/CanaryLib/javadoc/net/canarymod/api/world/blocks/properties/helpers/class-use/PortalProperties.html]
[ci.visualillusionsent.net/job/CanaryLib/javadoc/index800a.html]
[ci.visualillusionsent.net/job/CanaryLib/javadoc/net/canarymod/api/world/blocks/properties/helpers/PortalProperties.html]
[ci.visualillusionsent.net/job/CanaryLib/javadoc/net/canarymod/hook/player/class-use/PortalUseHook.html]
[ci.visualillusionsent.net/job/CanaryLib/javadoc/indexacb0.html]
[ci.visualillusionsent.net/job/CanaryLib/javadoc/net/canarymod/hook/player/PortalUseHook.html]
[ci.visualillusionsent.net/job/CanaryLib/javadoc/net/canarymod/api/world/position/class-use/Position.html]
[ci.visualillusionsent.net/job/CanaryLib/javadoc/index870b.html]
[ci.visualillusionsent.net/job/CanaryLib/javadoc/net/canarymod/api/world/position/Position.html]
[ci.visualillusionsent.net/job/CanaryLib/javadoc/net/canarymod/database/class-use/PositionDataAccess.html]
[ci.visualillusionsent.net/job/CanaryLib/javadoc/indexd824.html]
[ci.visualillusionsent.net/job/CanaryLib/javadoc/net/canarymod/database/PositionDataAccess.html]
[ci.visualillusionsent.net/job/CanaryLib/javadoc/net/canarymod/api/potion/class-use/Potion.html]
[ci.visualillusionsent.net/job/CanaryLib/javadoc/net/canarymod/api/potion/package-tree.html]
[ci.visualillusionsent.net/job/CanaryLib/javadoc/index1151.html]
[ci.visualillusionsent.net/job/CanaryLib/javadoc/net/canarymod/api/potion/Potion.html]
[ci.visualillusionsent.net/job/CanaryLib/javadoc/net/canarymod/api/potion/class-use/PotionEffect.html]
[ci.visualillusionsent.net/job/CanaryLib/javadoc/indexefff.html]
[ci.visualillusionsent.net/job/CanaryLib/javadoc/net/canarymod/api/potion/PotionEffect.html]
[ci.visualillusionsent.net/job/CanaryLib/javadoc/net/canarymod/hook/entity/class-use/PotionEffectAppliedHook.html]
[ci.visualillusionsent.net/job/CanaryLib/javadoc/indexc0d7.html]
[ci.visualillusionsent.net/job/CanaryLib/javadoc/net/canarymod/hook/entity/PotionEffectAppliedHook.html]
[ci.visualillusionsent.net/job/CanaryLib/javadoc/net/canarymod/hook/entity/class-use/PotionEffectFinishHook.html]
[ci.visualillusionsent.net/job/CanaryLib/javadoc/indexfa78.html]
[ci.visualillusionsent.net/job/CanaryLib/javadoc/net/canarymod/hook/entity/PotionEffectFinishHook.html]
[ci.visualillusionsent.net/job/CanaryLib/javadoc/net/canarymod/api/potion/class-use/PotionEffectType.html]
[ci.visualillusionsent.net/job/CanaryLib/javadoc/indexf624.html]
[ci.visualillusionsent.net/job/CanaryLib/javadoc/net/canarymod/api/potion/PotionEffectType.html]
[ci.visualillusionsent.net/job/CanaryLib/javadoc/net/canarymod/api/factory/class-use/PotionFactory.html]
[ci.visualillusionsent.net/job/CanaryLib/javadoc/indexeee4.html]
[ci.visualillusionsent.net/job/CanaryLib/javadoc/net/canarymod/api/factory/PotionFactory.html]
[ci.visualillusionsent.net/job/CanaryLib/javadoc/net/canarymod/api/inventory/helper/class-use/PotionItemHelper.html]
[ci.visualillusionsent.net/job/CanaryLib/javadoc/index58a8.html]
[ci.visualillusionsent.net/job/CanaryLib/javadoc/net/canarymod/api/inventory/helper/PotionItemHelper.html]
[ci.visualillusionsent.net/job/CanaryLib/javadoc/net/canarymod/api/potion/class-use/PotionType.html]
[ci.visualillusionsent.net/job/CanaryLib/javadoc/index6d31.html]
[ci.visualillusionsent.net/job/CanaryLib/javadoc/net/canarymod/api/potion/PotionType.html]
[ci.visualillusionsent.net/job/CanaryLib/javadoc/net/canarymod/hook/player/class-use/PreConnectionHook.html]
[ci.visualillusionsent.net/job/CanaryLib/javadoc/index3d6b.html]
[ci.visualillusionsent.net/job/CanaryLib/javadoc/net/canarymod/hook/player/PreConnectionHook.html]
[ci.visualillusionsent.net/job/CanaryLib/javadoc/net/canarymod/api/world/blocks/properties/helpers/class-use/PressurePlateProperties.html]
[ci.visualillusionsent.net/job/CanaryLib/javadoc/index6396.html]
[ci.visualillusionsent.net/job/CanaryLib/javadoc/net/canarymod/api/world/blocks/properties/helpers/PressurePlateProperties.html]
[ci.visualillusionsent.net/job/CanaryLib/javadoc/net/canarymod/api/nbt/class-use/PrimitiveTag.html]
[ci.visualillusionsent.net/job/CanaryLib/javadoc/index6691.html]
[ci.visualillusionsent.net/job/CanaryLib/javadoc/net/canarymod/api/nbt/PrimitiveTag.html]
[ci.visualillusionsent.net/job/CanaryLib/javadoc/net/canarymod/plugin/class-use/Priority.html]
[ci.visualillusionsent.net/job/CanaryLib/javadoc/indexfac1.html]
[ci.visualillusionsent.net/job/CanaryLib/javadoc/net/canarymod/plugin/Priority.html]
[ci.visualillusionsent.net/job/CanaryLib/javadoc/net/canarymod/api/world/blocks/properties/helpers/class-use/PrismarineProperties.html]
[ci.visualillusionsent.net/job/CanaryLib/javadoc/indexb715.html]
[ci.visualillusionsent.net/job/CanaryLib/javadoc/net/canarymod/api/world/blocks/properties/helpers/PrismarineProperties.html]
[ci.visualillusionsent.net/job/CanaryLib/javadoc/net/canarymod/api/world/blocks/properties/helpers/class-use/PrismarineProperties.Variant.html]
[ci.visualillusionsent.net/job/CanaryLib/javadoc/index1eb2.html]
[ci.visualillusionsent.net/job/CanaryLib/javadoc/net/canarymod/api/world/blocks/properties/helpers/PrismarineProperties.Variant.html]
[ci.visualillusionsent.net/job/CanaryLib/javadoc/net/canarymod/api/entity/class-use/Projectile.html]
[ci.visualillusionsent.net/job/CanaryLib/javadoc/index68ec.html]
[ci.visualillusionsent.net/job/CanaryLib/javadoc/net/canarymod/api/entity/Projectile.html]
[ci.visualillusionsent.net/job/CanaryLib/javadoc/net/canarymod/hook/entity/class-use/ProjectileHitHook.html]
[ci.visualillusionsent.net/job/CanaryLib/javadoc/index7eda.html]
[ci.visualillusionsent.net/job/CanaryLib/javadoc/net/canarymod/hook/entity/ProjectileHitHook.html]
[ci.visualillusionsent.net/job/CanaryLib/javadoc/net/canarymod/api/world/blocks/properties/helpers/class-use/QuartzProperties.html]
[ci.visualillusionsent.net/job/CanaryLib/javadoc/index8838.html]
[ci.visualillusionsent.net/job/CanaryLib/javadoc/net/canarymod/api/world/blocks/properties/helpers/QuartzProperties.html]
[ci.visualillusionsent.net/job/CanaryLib/javadoc/net/canarymod/api/world/blocks/properties/helpers/class-use/QuartzProperties.Variant.html]
[ci.visualillusionsent.net/job/CanaryLib/javadoc/index1c11.html]
[ci.visualillusionsent.net/job/CanaryLib/javadoc/net/canarymod/api/world/blocks/properties/helpers/QuartzProperties.Variant.html]
[ci.visualillusionsent.net/job/CanaryLib/javadoc/net/canarymod/api/entity/living/animal/class-use/Rabbit.html]
[ci.visualillusionsent.net/job/CanaryLib/javadoc/index1520.html]
[ci.visualillusionsent.net/job/CanaryLib/javadoc/net/canarymod/api/entity/living/animal/Rabbit.html]
[ci.visualillusionsent.net/job/CanaryLib/javadoc/net/canarymod/api/world/blocks/properties/helpers/class-use/RailPoweredProperties.html]
[ci.visualillusionsent.net/job/CanaryLib/javadoc/indexa71a.html]
[ci.visualillusionsent.net/job/CanaryLib/javadoc/net/canarymod/api/world/blocks/properties/helpers/RailPoweredProperties.html]
[ci.visualillusionsent.net/job/CanaryLib/javadoc/net/canarymod/api/world/blocks/properties/helpers/class-use/RailProperties.html]
[ci.visualillusionsent.net/job/CanaryLib/javadoc/index63e8.html]
[ci.visualillusionsent.net/job/CanaryLib/javadoc/net/canarymod/api/world/blocks/properties/helpers/RailProperties.html]
[ci.visualillusionsent.net/job/CanaryLib/javadoc/net/canarymod/api/world/blocks/properties/helpers/class-use/RailProperties.Direction.html]
[ci.visualillusionsent.net/job/CanaryLib/javadoc/indexe18a.html]
[ci.visualillusionsent.net/job/CanaryLib/javadoc/net/canarymod/api/world/blocks/properties/helpers/RailProperties.Direction.html]
[ci.visualillusionsent.net/job/CanaryLib/javadoc/net/canarymod/api/entity/living/monster/class-use/RangedAttackMob.html]
[ci.visualillusionsent.net/job/CanaryLib/javadoc/index5ff7.html]
[ci.visualillusionsent.net/job/CanaryLib/javadoc/net/canarymod/api/entity/living/monster/RangedAttackMob.html]
[ci.visualillusionsent.net/job/CanaryLib/javadoc/net/canarymod/api/attributes/class-use/RangedAttribute.html]
[ci.visualillusionsent.net/job/CanaryLib/javadoc/indexb051.html]
[ci.visualillusionsent.net/job/CanaryLib/javadoc/net/canarymod/api/attributes/RangedAttribute.html]
[ci.visualillusionsent.net/job/CanaryLib/javadoc/net/canarymod/chat/class-use/ReceiverType.html]
[ci.visualillusionsent.net/job/CanaryLib/javadoc/index2de2.html]
[ci.visualillusionsent.net/job/CanaryLib/javadoc/net/canarymod/chat/ReceiverType.html]
[ci.visualillusionsent.net/job/CanaryLib/javadoc/net/canarymod/api/inventory/recipes/class-use/Recipe.html]
[ci.visualillusionsent.net/job/CanaryLib/javadoc/index7627.html]
[ci.visualillusionsent.net/job/CanaryLib/javadoc/net/canarymod/api/inventory/recipes/Recipe.html]
[ci.visualillusionsent.net/job/CanaryLib/javadoc/net/canarymod/api/inventory/recipes/class-use/RecipeRow.html]
[ci.visualillusionsent.net/job/CanaryLib/javadoc/index7238.html]
[ci.visualillusionsent.net/job/CanaryLib/javadoc/net/canarymod/api/inventory/recipes/RecipeRow.html]
[ci.visualillusionsent.net/job/CanaryLib/javadoc/net/canarymod/api/world/blocks/properties/helpers/class-use/RedSandstoneProperties.html]
[ci.visualillusionsent.net/job/CanaryLib/javadoc/indexdd70.html]
[ci.visualillusionsent.net/job/CanaryLib/javadoc/net/canarymod/api/world/blocks/properties/helpers/RedSandstoneProperties.html]
[ci.visualillusionsent.net/job/CanaryLib/javadoc/net/canarymod/api/world/blocks/properties/helpers/class-use/RedSandstoneProperties.Type.html]
[ci.visualillusionsent.net/job/CanaryLib/javadoc/indexada1.html]
[ci.visualillusionsent.net/job/CanaryLib/javadoc/net/canarymod/api/world/blocks/properties/helpers/RedSandstoneProperties.Type.html]
[ci.visualillusionsent.net/job/CanaryLib/javadoc/net/canarymod/hook/world/class-use/RedstoneChangeHook.html]
[ci.visualillusionsent.net/job/CanaryLib/javadoc/index3125.html]
[ci.visualillusionsent.net/job/CanaryLib/javadoc/net/canarymod/hook/world/RedstoneChangeHook.html]
[ci.visualillusionsent.net/job/CanaryLib/javadoc/net/canarymod/api/world/blocks/properties/helpers/class-use/RedstoneComparatorProperties.html]
[ci.visualillusionsent.net/job/CanaryLib/javadoc/indexdfd8.html]
[ci.visualillusionsent.net/job/CanaryLib/javadoc/net/canarymod/api/world/blocks/properties/helpers/RedstoneComparatorProperties.html]
[ci.visualillusionsent.net/job/CanaryLib/javadoc/net/canarymod/api/world/blocks/properties/helpers/class-use/RedstoneComparatorProperties.Mode.html]
[ci.visualillusionsent.net/job/CanaryLib/javadoc/index807d.html]
[ci.visualillusionsent.net/job/CanaryLib/javadoc/net/canarymod/api/world/blocks/properties/helpers/RedstoneComparatorProperties.Mode.html]
[ci.visualillusionsent.net/job/CanaryLib/javadoc/net/canarymod/api/world/blocks/properties/helpers/class-use/RedstoneRepeaterProperties.html]
[ci.visualillusionsent.net/job/CanaryLib/javadoc/index06ad.html]
[ci.visualillusionsent.net/job/CanaryLib/javadoc/net/canarymod/api/world/blocks/properties/helpers/RedstoneRepeaterProperties.html]
[ci.visualillusionsent.net/job/CanaryLib/javadoc/net/canarymod/api/world/blocks/properties/helpers/class-use/RedstoneWireProperties.html]
[ci.visualillusionsent.net/job/CanaryLib/javadoc/indexcab9.html]
[ci.visualillusionsent.net/job/CanaryLib/javadoc/net/canarymod/api/world/blocks/properties/helpers/RedstoneWireProperties.html]
[ci.visualillusionsent.net/job/CanaryLib/javadoc/net/canarymod/api/world/blocks/properties/helpers/class-use/RedstoneWireProperties.AttachPosition.html]
[ci.visualillusionsent.net/job/CanaryLib/javadoc/indexca9d.html]
[ci.visualillusionsent.net/job/CanaryLib/javadoc/net/canarymod/api/world/blocks/properties/helpers/RedstoneWireProperties.AttachPosition.html]
[ci.visualillusionsent.net/job/CanaryLib/javadoc/net/canarymod/api/world/blocks/properties/helpers/class-use/ReedProperties.html]
[ci.visualillusionsent.net/job/CanaryLib/javadoc/indexfdba.html]
[ci.visualillusionsent.net/job/CanaryLib/javadoc/net/canarymod/api/world/blocks/properties/helpers/ReedProperties.html]
[ci.visualillusionsent.net/job/CanaryLib/javadoc/net/canarymod/channels/class-use/RegisteredChannelListener.html]
[ci.visualillusionsent.net/job/CanaryLib/javadoc/index2450.html]
[ci.visualillusionsent.net/job/CanaryLib/javadoc/net/canarymod/channels/RegisteredChannelListener.html]
[ci.visualillusionsent.net/job/CanaryLib/javadoc/net/canarymod/plugin/class-use/RegisteredPluginListener.html]
[ci.visualillusionsent.net/job/CanaryLib/javadoc/indexf440.html]
[ci.visualillusionsent.net/job/CanaryLib/javadoc/net/canarymod/plugin/RegisteredPluginListener.html]
[ci.visualillusionsent.net/job/CanaryLib/javadoc/net/canarymod/commandsys/commands/system/class-use/ReloadCommand.html]
[ci.visualillusionsent.net/job/CanaryLib/javadoc/indexd2ad.html]
[ci.visualillusionsent.net/job/CanaryLib/javadoc/net/canarymod/commandsys/commands/system/ReloadCommand.html]
[ci.visualillusionsent.net/job/CanaryLib/javadoc/net/canarymod/commandsys/commands/vanilla/class-use/ReplaceItem.html]
[ci.visualillusionsent.net/job/CanaryLib/javadoc/index3643.html]
[ci.visualillusionsent.net/job/CanaryLib/javadoc/net/canarymod/commandsys/commands/vanilla/ReplaceItem.html]
[ci.visualillusionsent.net/job/CanaryLib/javadoc/net/canarymod/commandsys/commands/system/reservelist/class-use/ReservelistAdd.html]
[ci.visualillusionsent.net/job/CanaryLib/javadoc/net/canarymod/commandsys/commands/system/reservelist/package-tree.html]
[ci.visualillusionsent.net/job/CanaryLib/javadoc/indexfe01.html]
[ci.visualillusionsent.net/job/CanaryLib/javadoc/net/canarymod/commandsys/commands/system/reservelist/ReservelistAdd.html]
[ci.visualillusionsent.net/job/CanaryLib/javadoc/net/canarymod/backbone/class-use/ReservelistDataAccess.html]
[ci.visualillusionsent.net/job/CanaryLib/javadoc/index179a.html]
[ci.visualillusionsent.net/job/CanaryLib/javadoc/net/canarymod/backbone/ReservelistDataAccess.html]
[ci.visualillusionsent.net/job/CanaryLib/javadoc/net/canarymod/user/class-use/ReservelistProvider.html]
[ci.visualillusionsent.net/job/CanaryLib/javadoc/index6861.html]
[ci.visualillusionsent.net/job/CanaryLib/javadoc/net/canarymod/user/ReservelistProvider.html]
[ci.visualillusionsent.net/job/CanaryLib/javadoc/net/canarymod/commandsys/commands/system/reservelist/class-use/ReservelistRemove.html]
[ci.visualillusionsent.net/job/CanaryLib/javadoc/index03a2.html]
[ci.visualillusionsent.net/job/CanaryLib/javadoc/net/canarymod/commandsys/commands/system/reservelist/ReservelistRemove.html]
[ci.visualillusionsent.net/job/CanaryLib/javadoc/net/canarymod/commandsys/commands/system/reservelist/class-use/ReservelistShow.html]
[ci.visualillusionsent.net/job/CanaryLib/javadoc/index3428.html]
[ci.visualillusionsent.net/job/CanaryLib/javadoc/net/canarymod/commandsys/commands/system/reservelist/ReservelistShow.html]
[ci.visualillusionsent.net/job/CanaryLib/javadoc/net/canarymod/commandsys/commands/system/class-use/RestartServer.html]
[ci.visualillusionsent.net/job/CanaryLib/javadoc/index2553.html]
[ci.visualillusionsent.net/job/CanaryLib/javadoc/net/canarymod/commandsys/commands/system/RestartServer.html]
[ci.visualillusionsent.net/job/CanaryLib/javadoc/net/canarymod/hook/player/class-use/ReturnFromIdleHook.html]
[ci.visualillusionsent.net/job/CanaryLib/javadoc/indexe4e9.html]
[ci.visualillusionsent.net/job/CanaryLib/javadoc/net/canarymod/hook/player/ReturnFromIdleHook.html]
[ci.visualillusionsent.net/job/CanaryLib/javadoc/net/canarymod/api/world/blocks/properties/helpers/class-use/RotatedPillarProperties.html]
[ci.visualillusionsent.net/job/CanaryLib/javadoc/indexfb6c.html]
[ci.visualillusionsent.net/job/CanaryLib/javadoc/net/canarymod/api/world/blocks/properties/helpers/RotatedPillarProperties.html]
[ci.visualillusionsent.net/job/CanaryLib/javadoc/net/canarymod/api/world/position/class-use/Rotations.html]
[ci.visualillusionsent.net/job/CanaryLib/javadoc/indexc7e4.html]
[ci.visualillusionsent.net/job/CanaryLib/javadoc/net/canarymod/api/world/position/Rotations.html]
[ci.visualillusionsent.net/job/CanaryLib/javadoc/net/canarymod/api/world/blocks/properties/helpers/class-use/SandProperties.html]
[ci.visualillusionsent.net/job/CanaryLib/javadoc/index5e5f.html]
[ci.visualillusionsent.net/job/CanaryLib/javadoc/net/canarymod/api/world/blocks/properties/helpers/SandProperties.html]
[ci.visualillusionsent.net/job/CanaryLib/javadoc/net/canarymod/api/world/blocks/properties/helpers/class-use/SandProperties.Variant.html]
[ci.visualillusionsent.net/job/CanaryLib/javadoc/indexf7ab.html]
[ci.visualillusionsent.net/job/CanaryLib/javadoc/net/canarymod/api/world/blocks/properties/helpers/SandProperties.Variant.html]
[ci.visualillusionsent.net/job/CanaryLib/javadoc/net/canarymod/api/world/blocks/properties/helpers/class-use/SandstoneProperties.html]
[ci.visualillusionsent.net/job/CanaryLib/javadoc/index0fb5.html]
[ci.visualillusionsent.net/job/CanaryLib/javadoc/net/canarymod/api/world/blocks/properties/helpers/SandstoneProperties.html]
[ci.visualillusionsent.net/job/CanaryLib/javadoc/net/canarymod/api/world/blocks/properties/helpers/class-use/SandstoneProperties.Type.html]
[ci.visualillusionsent.net/job/CanaryLib/javadoc/indexa03d.html]
[ci.visualillusionsent.net/job/CanaryLib/javadoc/net/canarymod/api/world/blocks/properties/helpers/SandstoneProperties.Type.html]
[ci.visualillusionsent.net/job/CanaryLib/javadoc/net/canarymod/api/world/blocks/properties/helpers/class-use/SaplingProperties.html]
[ci.visualillusionsent.net/job/CanaryLib/javadoc/index2ab8.html]
[ci.visualillusionsent.net/job/CanaryLib/javadoc/net/canarymod/api/world/blocks/properties/helpers/SaplingProperties.html]
[ci.visualillusionsent.net/job/CanaryLib/javadoc/net/canarymod/commandsys/commands/vanilla/class-use/SaveAll.html]
[ci.visualillusionsent.net/job/CanaryLib/javadoc/index18c5.html]
[ci.visualillusionsent.net/job/CanaryLib/javadoc/net/canarymod/commandsys/commands/vanilla/SaveAll.html]
[ci.visualillusionsent.net/job/CanaryLib/javadoc/net/canarymod/commandsys/commands/vanilla/class-use/SaveOff.html]
[ci.visualillusionsent.net/job/CanaryLib/javadoc/index395f.html]
[ci.visualillusionsent.net/job/CanaryLib/javadoc/net/canarymod/commandsys/commands/vanilla/SaveOff.html]
[ci.visualillusionsent.net/job/CanaryLib/javadoc/net/canarymod/commandsys/commands/vanilla/class-use/SaveOn.html]
[ci.visualillusionsent.net/job/CanaryLib/javadoc/index46f4.html]
[ci.visualillusionsent.net/job/CanaryLib/javadoc/net/canarymod/commandsys/commands/vanilla/SaveOn.html]
[ci.visualillusionsent.net/job/CanaryLib/javadoc/net/canarymod/api/scoreboard/class-use/Score.html]
[ci.visualillusionsent.net/job/CanaryLib/javadoc/index38d5.html]
[ci.visualillusionsent.net/job/CanaryLib/javadoc/net/canarymod/api/scoreboard/Score.html]
[ci.visualillusionsent.net/job/CanaryLib/javadoc/net/canarymod/api/scoreboard/class-use/Scoreboard.html]
[ci.visualillusionsent.net/job/CanaryLib/javadoc/index09c6.html]
[ci.visualillusionsent.net/job/CanaryLib/javadoc/net/canarymod/api/scoreboard/Scoreboard.html]
[ci.visualillusionsent.net/job/CanaryLib/javadoc/net/canarymod/commandsys/commands/vanilla/class-use/Scoreboard.html]
[ci.visualillusionsent.net/job/CanaryLib/javadoc/index4f29.html]
[ci.visualillusionsent.net/job/CanaryLib/javadoc/net/canarymod/commandsys/commands/vanilla/Scoreboard.html]
[ci.visualillusionsent.net/job/CanaryLib/javadoc/net/canarymod/api/scoreboard/class-use/ScoreboardManager.html]
[ci.visualillusionsent.net/job/CanaryLib/javadoc/indexc3ae.html]
[ci.visualillusionsent.net/job/CanaryLib/javadoc/net/canarymod/api/scoreboard/ScoreboardManager.html]
[ci.visualillusionsent.net/job/CanaryLib/javadoc/net/canarymod/api/scoreboard/class-use/ScoreDummyCriteria.html]
[ci.visualillusionsent.net/job/CanaryLib/javadoc/index8694.html]
[ci.visualillusionsent.net/job/CanaryLib/javadoc/net/canarymod/api/scoreboard/ScoreDummyCriteria.html]
[ci.visualillusionsent.net/job/CanaryLib/javadoc/net/canarymod/api/scoreboard/class-use/ScoreHealthCriteria.html]
[ci.visualillusionsent.net/job/CanaryLib/javadoc/index4600.html]
[ci.visualillusionsent.net/job/CanaryLib/javadoc/net/canarymod/api/scoreboard/ScoreHealthCriteria.html]
[ci.visualillusionsent.net/job/CanaryLib/javadoc/net/canarymod/api/scoreboard/class-use/ScoreObjective.html]
[ci.visualillusionsent.net/job/CanaryLib/javadoc/indexd51c.html]
[ci.visualillusionsent.net/job/CanaryLib/javadoc/net/canarymod/api/scoreboard/ScoreObjective.html]
[ci.visualillusionsent.net/job/CanaryLib/javadoc/net/canarymod/api/scoreboard/class-use/ScoreObjectiveCriteria.html]
[ci.visualillusionsent.net/job/CanaryLib/javadoc/index018c.html]
[ci.visualillusionsent.net/job/CanaryLib/javadoc/net/canarymod/api/scoreboard/ScoreObjectiveCriteria.html]
[ci.visualillusionsent.net/job/CanaryLib/javadoc/net/canarymod/api/scoreboard/class-use/ScorePosition.html]
[ci.visualillusionsent.net/job/CanaryLib/javadoc/indexeded.html]
[ci.visualillusionsent.net/job/CanaryLib/javadoc/net/canarymod/api/scoreboard/ScorePosition.html]
[ci.visualillusionsent.net/job/CanaryLib/javadoc/net/canarymod/api/inventory/slot/class-use/SecondarySlotType.html]
[ci.visualillusionsent.net/job/CanaryLib/javadoc/index6d80.html]
[ci.visualillusionsent.net/job/CanaryLib/javadoc/net/canarymod/api/inventory/slot/SecondarySlotType.html]
[ci.visualillusionsent.net/job/CanaryLib/javadoc/net/canarymod/serialize/class-use/Serializer.html]
[ci.visualillusionsent.net/job/CanaryLib/javadoc/net/canarymod/serialize/package-tree.html]
[ci.visualillusionsent.net/job/CanaryLib/javadoc/indexb1e6.html]
[ci.visualillusionsent.net/job/CanaryLib/javadoc/net/canarymod/serialize/Serializer.html]
[ci.visualillusionsent.net/job/CanaryLib/javadoc/net/canarymod/api/class-use/Server.html]
[ci.visualillusionsent.net/job/CanaryLib/javadoc/index710a.html]
[ci.visualillusionsent.net/job/CanaryLib/javadoc/net/canarymod/api/Server.html]
[ci.visualillusionsent.net/job/CanaryLib/javadoc/net/canarymod/config/class-use/ServerConfiguration.html]
[ci.visualillusionsent.net/job/CanaryLib/javadoc/index4674.html]
[ci.visualillusionsent.net/job/CanaryLib/javadoc/net/canarymod/config/ServerConfiguration.html]
[ci.visualillusionsent.net/job/CanaryLib/javadoc/net/canarymod/hook/system/class-use/ServerGuiStartHook.html]
[ci.visualillusionsent.net/job/CanaryLib/javadoc/indexfe27.html]
[ci.visualillusionsent.net/job/CanaryLib/javadoc/net/canarymod/hook/system/ServerGuiStartHook.html]
[ci.visualillusionsent.net/job/CanaryLib/javadoc/net/canarymod/hook/system/class-use/ServerListPingHook.html]
[ci.visualillusionsent.net/job/CanaryLib/javadoc/indexaccd.html]
[ci.visualillusionsent.net/job/CanaryLib/javadoc/net/canarymod/hook/system/ServerListPingHook.html]
[ci.visualillusionsent.net/job/CanaryLib/javadoc/net/canarymod/hook/system/class-use/ServerShutdownHook.html]
[ci.visualillusionsent.net/job/CanaryLib/javadoc/index0b35.html]
[ci.visualillusionsent.net/job/CanaryLib/javadoc/net/canarymod/hook/system/ServerShutdownHook.html]
[ci.visualillusionsent.net/job/CanaryLib/javadoc/net/canarymod/tasks/class-use/ServerTask.html]
[ci.visualillusionsent.net/job/CanaryLib/javadoc/net/canarymod/tasks/package-tree.html]
[ci.visualillusionsent.net/job/CanaryLib/javadoc/index7d4e.html]
[ci.visualillusionsent.net/job/CanaryLib/javadoc/net/canarymod/tasks/ServerTask.html]
[ci.visualillusionsent.net/job/CanaryLib/javadoc/net/canarymod/tasks/class-use/ServerTaskManager.html]
[ci.visualillusionsent.net/job/CanaryLib/javadoc/index490a.html]
[ci.visualillusionsent.net/job/CanaryLib/javadoc/net/canarymod/tasks/ServerTaskManager.html]
[ci.visualillusionsent.net/job/CanaryLib/javadoc/net/canarymod/hook/system/class-use/ServerTickHook.html]
[ci.visualillusionsent.net/job/CanaryLib/javadoc/index3af6.html]
[ci.visualillusionsent.net/job/CanaryLib/javadoc/net/canarymod/hook/system/ServerTickHook.html]
[ci.visualillusionsent.net/job/CanaryLib/javadoc/net/canarymod/commandsys/commands/vanilla/class-use/SetBlock.html]
[ci.visualillusionsent.net/job/CanaryLib/javadoc/index39e8.html]
[ci.visualillusionsent.net/job/CanaryLib/javadoc/net/canarymod/commandsys/commands/vanilla/SetBlock.html]
[ci.visualillusionsent.net/job/CanaryLib/javadoc/net/canarymod/commandsys/commands/warp/class-use/SetHome.html]
[ci.visualillusionsent.net/job/CanaryLib/javadoc/index9537.html]
[ci.visualillusionsent.net/job/CanaryLib/javadoc/net/canarymod/commandsys/commands/warp/SetHome.html]
[ci.visualillusionsent.net/job/CanaryLib/javadoc/net/canarymod/api/inventory/recipes/class-use/ShapedRecipe.html]
[ci.visualillusionsent.net/job/CanaryLib/javadoc/indexf7d8.html]
[ci.visualillusionsent.net/job/CanaryLib/javadoc/net/canarymod/api/inventory/recipes/ShapedRecipe.html]
[ci.visualillusionsent.net/job/CanaryLib/javadoc/net/canarymod/api/inventory/recipes/class-use/ShapelessRecipe.html]
[ci.visualillusionsent.net/job/CanaryLib/javadoc/index16b7.html]
[ci.visualillusionsent.net/job/CanaryLib/javadoc/net/canarymod/api/inventory/recipes/ShapelessRecipe.html]
[ci.visualillusionsent.net/job/CanaryLib/javadoc/net/canarymod/api/entity/living/animal/class-use/Sheep.html]
[ci.visualillusionsent.net/job/CanaryLib/javadoc/indexea67.html]
[ci.visualillusionsent.net/job/CanaryLib/javadoc/net/canarymod/api/entity/living/animal/Sheep.html]
[ci.visualillusionsent.net/job/CanaryLib/javadoc/net/canarymod/api/nbt/class-use/ShortTag.html]
[ci.visualillusionsent.net/job/CanaryLib/javadoc/indexcaca.html]
[ci.visualillusionsent.net/job/CanaryLib/javadoc/net/canarymod/api/nbt/ShortTag.html]
[ci.visualillusionsent.net/job/CanaryLib/javadoc/net/canarymod/api/world/blocks/class-use/Sign.html]
[ci.visualillusionsent.net/job/CanaryLib/javadoc/indexe22d.html]
[ci.visualillusionsent.net/job/CanaryLib/javadoc/net/canarymod/api/world/blocks/Sign.html]
[ci.visualillusionsent.net/job/CanaryLib/javadoc/net/canarymod/hook/player/class-use/SignChangeHook.html]
[ci.visualillusionsent.net/job/CanaryLib/javadoc/index54a7.html]
[ci.visualillusionsent.net/job/CanaryLib/javadoc/net/canarymod/hook/player/SignChangeHook.html]
[ci.visualillusionsent.net/job/CanaryLib/javadoc/net/canarymod/hook/player/class-use/SignShowHook.html]
[ci.visualillusionsent.net/job/CanaryLib/javadoc/indexa9b7.html]
[ci.visualillusionsent.net/job/CanaryLib/javadoc/net/canarymod/hook/player/SignShowHook.html]
[ci.visualillusionsent.net/job/CanaryLib/javadoc/net/canarymod/api/entity/living/monster/class-use/Silverfish.html]
[ci.visualillusionsent.net/job/CanaryLib/javadoc/indexb542.html]
[ci.visualillusionsent.net/job/CanaryLib/javadoc/net/canarymod/api/entity/living/monster/Silverfish.html]
[ci.visualillusionsent.net/job/CanaryLib/javadoc/net/canarymod/api/world/blocks/properties/helpers/class-use/SilverfishProperties.html]
[ci.visualillusionsent.net/job/CanaryLib/javadoc/index4ff6.html]
[ci.visualillusionsent.net/job/CanaryLib/javadoc/net/canarymod/api/world/blocks/properties/helpers/SilverfishProperties.html]
[ci.visualillusionsent.net/job/CanaryLib/javadoc/net/canarymod/api/world/blocks/properties/helpers/class-use/SilverfishProperties.Variant.html]
[ci.visualillusionsent.net/job/CanaryLib/javadoc/indexac0a.html]
[ci.visualillusionsent.net/job/CanaryLib/javadoc/net/canarymod/api/world/blocks/properties/helpers/SilverfishProperties.Variant.html]
[ci.visualillusionsent.net/job/CanaryLib/javadoc/net/canarymod/api/entity/living/monster/class-use/Skeleton.html]
[ci.visualillusionsent.net/job/CanaryLib/javadoc/index3460.html]
[ci.visualillusionsent.net/job/CanaryLib/javadoc/net/canarymod/api/entity/living/monster/Skeleton.html]
[ci.visualillusionsent.net/job/CanaryLib/javadoc/net/canarymod/api/world/blocks/class-use/Skull.html]
[ci.visualillusionsent.net/job/CanaryLib/javadoc/indexb7cf.html]
[ci.visualillusionsent.net/job/CanaryLib/javadoc/net/canarymod/api/world/blocks/Skull.html]
[ci.visualillusionsent.net/job/CanaryLib/javadoc/net/canarymod/api/inventory/helper/class-use/SkullHelper.html]
[ci.visualillusionsent.net/job/CanaryLib/javadoc/indexc9ef.html]
[ci.visualillusionsent.net/job/CanaryLib/javadoc/net/canarymod/api/inventory/helper/SkullHelper.html]
[ci.visualillusionsent.net/job/CanaryLib/javadoc/net/canarymod/api/inventory/helper/class-use/SkullHelper.SkullType.html]
[ci.visualillusionsent.net/job/CanaryLib/javadoc/index8b5d.html]
[ci.visualillusionsent.net/job/CanaryLib/javadoc/net/canarymod/api/inventory/helper/SkullHelper.SkullType.html]
[ci.visualillusionsent.net/job/CanaryLib/javadoc/net/canarymod/api/world/blocks/properties/helpers/class-use/SkullProperties.html]
[ci.visualillusionsent.net/job/CanaryLib/javadoc/indexa6c0.html]
[ci.visualillusionsent.net/job/CanaryLib/javadoc/net/canarymod/api/world/blocks/properties/helpers/SkullProperties.html]
[ci.visualillusionsent.net/job/CanaryLib/javadoc/net/canarymod/api/world/blocks/properties/helpers/class-use/SlabProperties.html]
[ci.visualillusionsent.net/job/CanaryLib/javadoc/index8788.html]
[ci.visualillusionsent.net/job/CanaryLib/javadoc/net/canarymod/api/world/blocks/properties/helpers/SlabProperties.html]
[ci.visualillusionsent.net/job/CanaryLib/javadoc/net/canarymod/api/world/blocks/properties/helpers/class-use/SlabProperties.Half.html]
[ci.visualillusionsent.net/job/CanaryLib/javadoc/indexd11f.html]
[ci.visualillusionsent.net/job/CanaryLib/javadoc/net/canarymod/api/world/blocks/properties/helpers/SlabProperties.Half.html]
[ci.visualillusionsent.net/job/CanaryLib/javadoc/net/canarymod/api/entity/living/monster/class-use/Slime.html]
[ci.visualillusionsent.net/job/CanaryLib/javadoc/indexdbcb.html]
[ci.visualillusionsent.net/job/CanaryLib/javadoc/net/canarymod/api/entity/living/monster/Slime.html]
[ci.visualillusionsent.net/job/CanaryLib/javadoc/net/canarymod/api/entity/living/monster/class-use/Slime.Size.html]
[ci.visualillusionsent.net/job/CanaryLib/javadoc/indexb335.html]
[ci.visualillusionsent.net/job/CanaryLib/javadoc/net/canarymod/api/entity/living/monster/Slime.Size.html]
[ci.visualillusionsent.net/job/CanaryLib/javadoc/net/canarymod/hook/entity/class-use/SlimeSplitHook.html]
[ci.visualillusionsent.net/job/CanaryLib/javadoc/index51fc.html]
[ci.visualillusionsent.net/job/CanaryLib/javadoc/net/canarymod/hook/entity/SlimeSplitHook.html]
[ci.visualillusionsent.net/job/CanaryLib/javadoc/net/canarymod/hook/player/class-use/SlotClickHook.html]
[ci.visualillusionsent.net/job/CanaryLib/javadoc/index072c.html]
[ci.visualillusionsent.net/job/CanaryLib/javadoc/net/canarymod/hook/player/SlotClickHook.html]
[ci.visualillusionsent.net/job/CanaryLib/javadoc/net/canarymod/api/inventory/slot/class-use/SlotType.html]
[ci.visualillusionsent.net/job/CanaryLib/javadoc/indexd2ca.html]
[ci.visualillusionsent.net/job/CanaryLib/javadoc/net/canarymod/api/inventory/slot/SlotType.html]
[ci.visualillusionsent.net/job/CanaryLib/javadoc/net/canarymod/api/entity/class-use/SmallFireball.html]
[ci.visualillusionsent.net/job/CanaryLib/javadoc/indexe8d9.html]
[ci.visualillusionsent.net/job/CanaryLib/javadoc/net/canarymod/api/entity/SmallFireball.html]
[ci.visualillusionsent.net/job/CanaryLib/javadoc/net/canarymod/hook/world/class-use/SmeltBeginHook.html]
[ci.visualillusionsent.net/job/CanaryLib/javadoc/index6cb2.html]
[ci.visualillusionsent.net/job/CanaryLib/javadoc/net/canarymod/hook/world/SmeltBeginHook.html]
[ci.visualillusionsent.net/job/CanaryLib/javadoc/net/canarymod/hook/world/class-use/SmeltHook.html]
[ci.visualillusionsent.net/job/CanaryLib/javadoc/indexacdc.html]
[ci.visualillusionsent.net/job/CanaryLib/javadoc/net/canarymod/hook/world/SmeltHook.html]
[ci.visualillusionsent.net/job/CanaryLib/javadoc/net/canarymod/api/inventory/recipes/class-use/SmeltRecipe.html]
[ci.visualillusionsent.net/job/CanaryLib/javadoc/index5f40.html]
[ci.visualillusionsent.net/job/CanaryLib/javadoc/net/canarymod/api/inventory/recipes/SmeltRecipe.html]
[ci.visualillusionsent.net/job/CanaryLib/javadoc/net/canarymod/api/entity/throwable/class-use/Snowball.html]
[ci.visualillusionsent.net/job/CanaryLib/javadoc/index923d.html]
[ci.visualillusionsent.net/job/CanaryLib/javadoc/net/canarymod/api/entity/throwable/Snowball.html]
[ci.visualillusionsent.net/job/CanaryLib/javadoc/net/canarymod/api/entity/living/class-use/Snowman.html]
[ci.visualillusionsent.net/job/CanaryLib/javadoc/index0157.html]
[ci.visualillusionsent.net/job/CanaryLib/javadoc/net/canarymod/api/entity/living/Snowman.html]
[ci.visualillusionsent.net/job/CanaryLib/javadoc/net/canarymod/api/world/blocks/properties/helpers/class-use/SnowProperties.html]
[ci.visualillusionsent.net/job/CanaryLib/javadoc/index9d1f.html]
[ci.visualillusionsent.net/job/CanaryLib/javadoc/net/canarymod/api/world/blocks/properties/helpers/SnowProperties.html]
[ci.visualillusionsent.net/job/CanaryLib/javadoc/net/canarymod/api/world/effects/class-use/SoundEffect.html]
[ci.visualillusionsent.net/job/CanaryLib/javadoc/index69bd.html]
[ci.visualillusionsent.net/job/CanaryLib/javadoc/net/canarymod/api/world/effects/SoundEffect.html]
[ci.visualillusionsent.net/job/CanaryLib/javadoc/net/canarymod/api/world/effects/class-use/SoundEffect.Type.html]
[ci.visualillusionsent.net/job/CanaryLib/javadoc/indexfc1d.html]
[ci.visualillusionsent.net/job/CanaryLib/javadoc/net/canarymod/api/world/effects/SoundEffect.Type.html]
[ci.visualillusionsent.net/job/CanaryLib/javadoc/net/canarymod/commandsys/commands/warp/class-use/SpawnCommand.html]
[ci.visualillusionsent.net/job/CanaryLib/javadoc/index9324.html]
[ci.visualillusionsent.net/job/CanaryLib/javadoc/net/canarymod/commandsys/commands/warp/SpawnCommand.html]
[ci.visualillusionsent.net/job/CanaryLib/javadoc/net/canarymod/commandsys/commands/vanilla/class-use/SpawnPoint.html]
[ci.visualillusionsent.net/job/CanaryLib/javadoc/index094e.html]
[ci.visualillusionsent.net/job/CanaryLib/javadoc/net/canarymod/commandsys/commands/vanilla/SpawnPoint.html]
[ci.visualillusionsent.net/job/CanaryLib/javadoc/net/canarymod/api/entity/living/monster/class-use/Spider.html]
[ci.visualillusionsent.net/job/CanaryLib/javadoc/indexe51f.html]
[ci.visualillusionsent.net/job/CanaryLib/javadoc/net/canarymod/api/entity/living/monster/Spider.html]
[ci.visualillusionsent.net/job/CanaryLib/javadoc/net/canarymod/api/world/blocks/properties/helpers/class-use/SpongeProperties.html]
[ci.visualillusionsent.net/job/CanaryLib/javadoc/index5628.html]
[ci.visualillusionsent.net/job/CanaryLib/javadoc/net/canarymod/api/world/blocks/properties/helpers/SpongeProperties.html]
[ci.visualillusionsent.net/job/CanaryLib/javadoc/net/canarymod/commandsys/commands/vanilla/class-use/SpreadPlayers.html]
[ci.visualillusionsent.net/job/CanaryLib/javadoc/index4a29.html]
[ci.visualillusionsent.net/job/CanaryLib/javadoc/net/canarymod/commandsys/commands/vanilla/SpreadPlayers.html]
[ci.visualillusionsent.net/job/CanaryLib/javadoc/net/canarymod/database/sqlite/class-use/SQLiteDatabase.html]
[ci.visualillusionsent.net/job/CanaryLib/javadoc/net/canarymod/database/sqlite/package-tree.html]
[ci.visualillusionsent.net/job/CanaryLib/javadoc/index9a8b.html]
[ci.visualillusionsent.net/job/CanaryLib/javadoc/net/canarymod/database/sqlite/SQLiteDatabase.html]
[ci.visualillusionsent.net/job/CanaryLib/javadoc/net/canarymod/database/class-use/SQLType.html]
[ci.visualillusionsent.net/job/CanaryLib/javadoc/indexf16f.html]
[ci.visualillusionsent.net/job/CanaryLib/javadoc/net/canarymod/database/SQLType.html]
[ci.visualillusionsent.net/job/CanaryLib/javadoc/net/canarymod/api/entity/living/animal/class-use/Squid.html]
[ci.visualillusionsent.net/job/CanaryLib/javadoc/indexad5c.html]
[ci.visualillusionsent.net/job/CanaryLib/javadoc/net/canarymod/api/entity/living/animal/Squid.html]
[ci.visualillusionsent.net/job/CanaryLib/javadoc/net/canarymod/api/world/blocks/properties/helpers/class-use/StainedGlassPaneProperties.html]
[ci.visualillusionsent.net/job/CanaryLib/javadoc/indexf64e.html]
[ci.visualillusionsent.net/job/CanaryLib/javadoc/net/canarymod/api/world/blocks/properties/helpers/StainedGlassPaneProperties.html]
[ci.visualillusionsent.net/job/CanaryLib/javadoc/net/canarymod/api/world/blocks/properties/helpers/class-use/StainedGlassProperties.html]
[ci.visualillusionsent.net/job/CanaryLib/javadoc/indexe315.html]
[ci.visualillusionsent.net/job/CanaryLib/javadoc/net/canarymod/api/world/blocks/properties/helpers/StainedGlassProperties.html]
[ci.visualillusionsent.net/job/CanaryLib/javadoc/net/canarymod/api/world/blocks/properties/helpers/class-use/StairsProperties.html]
[ci.visualillusionsent.net/job/CanaryLib/javadoc/index10f3.html]
[ci.visualillusionsent.net/job/CanaryLib/javadoc/net/canarymod/api/world/blocks/properties/helpers/StairsProperties.html]
[ci.visualillusionsent.net/job/CanaryLib/javadoc/net/canarymod/api/world/blocks/properties/helpers/class-use/StairsProperties.Half.html]
[ci.visualillusionsent.net/job/CanaryLib/javadoc/index51ef.html]
[ci.visualillusionsent.net/job/CanaryLib/javadoc/net/canarymod/api/world/blocks/properties/helpers/StairsProperties.Half.html]
[ci.visualillusionsent.net/job/CanaryLib/javadoc/net/canarymod/api/world/blocks/properties/helpers/class-use/StairsProperties.Shape.html]
[ci.visualillusionsent.net/job/CanaryLib/javadoc/index3fb1.html]
[ci.visualillusionsent.net/job/CanaryLib/javadoc/net/canarymod/api/world/blocks/properties/helpers/StairsProperties.Shape.html]
[ci.visualillusionsent.net/job/CanaryLib/javadoc/net/canarymod/api/world/blocks/properties/helpers/class-use/StandingSignProperties.html]
[ci.visualillusionsent.net/job/CanaryLib/javadoc/indexa137.html]
[ci.visualillusionsent.net/job/CanaryLib/javadoc/net/canarymod/api/world/blocks/properties/helpers/StandingSignProperties.html]
[ci.visualillusionsent.net/job/CanaryLib/javadoc/net/canarymod/api/statistics/class-use/Stat.html]
[ci.visualillusionsent.net/job/CanaryLib/javadoc/index945b.html]
[ci.visualillusionsent.net/job/CanaryLib/javadoc/net/canarymod/api/statistics/Stat.html]
[ci.visualillusionsent.net/job/CanaryLib/javadoc/net/canarymod/hook/player/class-use/StatGainedHook.html]
[ci.visualillusionsent.net/job/CanaryLib/javadoc/index7ceb.html]
[ci.visualillusionsent.net/job/CanaryLib/javadoc/net/canarymod/hook/player/StatGainedHook.html]
[ci.visualillusionsent.net/job/CanaryLib/javadoc/net/canarymod/api/statistics/class-use/Statistics.html]
[ci.visualillusionsent.net/job/CanaryLib/javadoc/index42fe.html]
[ci.visualillusionsent.net/job/CanaryLib/javadoc/net/canarymod/api/statistics/Statistics.html]
[ci.visualillusionsent.net/job/CanaryLib/javadoc/net/canarymod/api/factory/class-use/StatisticsFactory.html]
[ci.visualillusionsent.net/job/CanaryLib/javadoc/index174e.html]
[ci.visualillusionsent.net/job/CanaryLib/javadoc/net/canarymod/api/factory/StatisticsFactory.html]
[ci.visualillusionsent.net/job/CanaryLib/javadoc/net/canarymod/commandsys/commands/vanilla/class-use/Stats.html]
[ci.visualillusionsent.net/job/CanaryLib/javadoc/indexbd4f.html]
[ci.visualillusionsent.net/job/CanaryLib/javadoc/net/canarymod/commandsys/commands/vanilla/Stats.html]
[ci.visualillusionsent.net/job/CanaryLib/javadoc/net/canarymod/api/world/blocks/properties/helpers/class-use/StemProperties.html]
[ci.visualillusionsent.net/job/CanaryLib/javadoc/index854e.html]
[ci.visualillusionsent.net/job/CanaryLib/javadoc/net/canarymod/api/world/blocks/properties/helpers/StemProperties.html]
[ci.visualillusionsent.net/job/CanaryLib/javadoc/net/canarymod/api/world/blocks/properties/helpers/class-use/StoneBrickProperties.html]
[ci.visualillusionsent.net/job/CanaryLib/javadoc/index0e7c.html]
[ci.visualillusionsent.net/job/CanaryLib/javadoc/net/canarymod/api/world/blocks/properties/helpers/StoneBrickProperties.html]
[ci.visualillusionsent.net/job/CanaryLib/javadoc/net/canarymod/api/world/blocks/properties/helpers/class-use/StoneBrickProperties.Variant.html]
[ci.visualillusionsent.net/job/CanaryLib/javadoc/indexe6a0.html]
[ci.visualillusionsent.net/job/CanaryLib/javadoc/net/canarymod/api/world/blocks/properties/helpers/StoneBrickProperties.Variant.html]
[ci.visualillusionsent.net/job/CanaryLib/javadoc/net/canarymod/api/world/blocks/properties/helpers/class-use/StoneProperties.html]
[ci.visualillusionsent.net/job/CanaryLib/javadoc/index720f.html]
[ci.visualillusionsent.net/job/CanaryLib/javadoc/net/canarymod/api/world/blocks/properties/helpers/StoneProperties.html]
[ci.visualillusionsent.net/job/CanaryLib/javadoc/net/canarymod/api/world/blocks/properties/helpers/class-use/StoneProperties.Variant.html]
[ci.visualillusionsent.net/job/CanaryLib/javadoc/index2a1d.html]
[ci.visualillusionsent.net/job/CanaryLib/javadoc/net/canarymod/api/world/blocks/properties/helpers/StoneProperties.Variant.html]
[ci.visualillusionsent.net/job/CanaryLib/javadoc/net/canarymod/api/world/blocks/properties/helpers/class-use/StoneSlabNewProperties.html]
[ci.visualillusionsent.net/job/CanaryLib/javadoc/index3217.html]
[ci.visualillusionsent.net/job/CanaryLib/javadoc/net/canarymod/api/world/blocks/properties/helpers/StoneSlabNewProperties.html]
[ci.visualillusionsent.net/job/CanaryLib/javadoc/net/canarymod/api/world/blocks/properties/helpers/class-use/StoneSlabNewProperties.Variant.html]
[ci.visualillusionsent.net/job/CanaryLib/javadoc/indexf438.html]
[ci.visualillusionsent.net/job/CanaryLib/javadoc/net/canarymod/api/world/blocks/properties/helpers/StoneSlabNewProperties.Variant.html]
[ci.visualillusionsent.net/job/CanaryLib/javadoc/net/canarymod/api/world/blocks/properties/helpers/class-use/StoneSlabProperties.html]
[ci.visualillusionsent.net/job/CanaryLib/javadoc/index6e9e.html]
[ci.visualillusionsent.net/job/CanaryLib/javadoc/net/canarymod/api/world/blocks/properties/helpers/StoneSlabProperties.html]
[ci.visualillusionsent.net/job/CanaryLib/javadoc/net/canarymod/api/world/blocks/properties/helpers/class-use/StoneSlabProperties.Variant.html]
[ci.visualillusionsent.net/job/CanaryLib/javadoc/indexedae.html]
[ci.visualillusionsent.net/job/CanaryLib/javadoc/net/canarymod/api/world/blocks/properties/helpers/StoneSlabProperties.Variant.html]
[ci.visualillusionsent.net/job/CanaryLib/javadoc/net/canarymod/commandsys/commands/system/class-use/StopServer.html]
[ci.visualillusionsent.net/job/CanaryLib/javadoc/index9ece.html]
[ci.visualillusionsent.net/job/CanaryLib/javadoc/net/canarymod/commandsys/commands/system/StopServer.html]
[ci.visualillusionsent.net/job/CanaryLib/javadoc/net/canarymod/api/nbt/class-use/StringTag.html]
[ci.visualillusionsent.net/job/CanaryLib/javadoc/index4081.html]
[ci.visualillusionsent.net/job/CanaryLib/javadoc/net/canarymod/api/nbt/StringTag.html]
[ci.visualillusionsent.net/job/CanaryLib/javadoc/net/canarymod/commandsys/commands/vanilla/class-use/Summon.html]
[ci.visualillusionsent.net/job/CanaryLib/javadoc/index4f1e.html]
[ci.visualillusionsent.net/job/CanaryLib/javadoc/net/canarymod/commandsys/commands/vanilla/Summon.html]
[ci.visualillusionsent.net/job/CanaryLib/javadoc/net/canarymod/commandsys/commands/system/informational/class-use/SystemInformation.html]
[ci.visualillusionsent.net/job/CanaryLib/javadoc/index69f1.html]
[ci.visualillusionsent.net/job/CanaryLib/javadoc/net/canarymod/commandsys/commands/system/informational/SystemInformation.html]
[ci.visualillusionsent.net/job/CanaryLib/javadoc/net/canarymod/commandsys/class-use/TabComplete.html]
[ci.visualillusionsent.net/job/CanaryLib/javadoc/index1728.html]
[ci.visualillusionsent.net/job/CanaryLib/javadoc/net/canarymod/commandsys/TabComplete.html]
[ci.visualillusionsent.net/job/CanaryLib/javadoc/net/canarymod/commandsys/class-use/TabCompleteDispatch.html]
[ci.visualillusionsent.net/job/CanaryLib/javadoc/index9b3a.html]
[ci.visualillusionsent.net/job/CanaryLib/javadoc/net/canarymod/commandsys/TabCompleteDispatch.html]
[ci.visualillusionsent.net/job/CanaryLib/javadoc/net/canarymod/commandsys/class-use/TabCompleteException.html]
[ci.visualillusionsent.net/job/CanaryLib/javadoc/indexdb01.html]
[ci.visualillusionsent.net/job/CanaryLib/javadoc/net/canarymod/commandsys/TabCompleteException.html]
[ci.visualillusionsent.net/job/CanaryLib/javadoc/net/canarymod/commandsys/class-use/TabCompleteHelper.html]
[ci.visualillusionsent.net/job/CanaryLib/javadoc/index33d3.html]
[ci.visualillusionsent.net/job/CanaryLib/javadoc/net/canarymod/commandsys/TabCompleteHelper.html]
[ci.visualillusionsent.net/job/CanaryLib/javadoc/net/canarymod/api/world/blocks/properties/helpers/class-use/TallGrassProperties.html]
[ci.visualillusionsent.net/job/CanaryLib/javadoc/indexb4fe.html]
[ci.visualillusionsent.net/job/CanaryLib/javadoc/net/canarymod/api/world/blocks/properties/helpers/TallGrassProperties.html]
[ci.visualillusionsent.net/job/CanaryLib/javadoc/net/canarymod/api/world/blocks/properties/helpers/class-use/TallGrassProperties.Variant.html]
[ci.visualillusionsent.net/job/CanaryLib/javadoc/index1bec.html]
[ci.visualillusionsent.net/job/CanaryLib/javadoc/net/canarymod/api/world/blocks/properties/helpers/TallGrassProperties.Variant.html]
[ci.visualillusionsent.net/job/CanaryLib/javadoc/net/canarymod/api/entity/living/animal/class-use/Tameable.html]
[ci.visualillusionsent.net/job/CanaryLib/javadoc/indexa51a.html]
[ci.visualillusionsent.net/job/CanaryLib/javadoc/net/canarymod/api/entity/living/animal/Tameable.html]
[ci.visualillusionsent.net/job/CanaryLib/javadoc/net/canarymod/tasks/class-use/TaskOwner.html]
[ci.visualillusionsent.net/job/CanaryLib/javadoc/index7ea1.html]
[ci.visualillusionsent.net/job/CanaryLib/javadoc/net/canarymod/tasks/TaskOwner.html]
[ci.visualillusionsent.net/job/CanaryLib/javadoc/net/canarymod/api/scoreboard/class-use/Team.html]
[ci.visualillusionsent.net/job/CanaryLib/javadoc/indexb7e5.html]
[ci.visualillusionsent.net/job/CanaryLib/javadoc/net/canarymod/api/scoreboard/Team.html]
[ci.visualillusionsent.net/job/CanaryLib/javadoc/net/canarymod/commandsys/commands/vanilla/class-use/Teleport.html]
[ci.visualillusionsent.net/job/CanaryLib/javadoc/index04b8.html]
[ci.visualillusionsent.net/job/CanaryLib/javadoc/net/canarymod/commandsys/commands/vanilla/Teleport.html]
[ci.visualillusionsent.net/job/CanaryLib/javadoc/net/canarymod/hook/player/class-use/TeleportHook.html]
[ci.visualillusionsent.net/job/CanaryLib/javadoc/index9ac3.html]
[ci.visualillusionsent.net/job/CanaryLib/javadoc/net/canarymod/hook/player/TeleportHook.html]
[ci.visualillusionsent.net/job/CanaryLib/javadoc/net/canarymod/hook/player/class-use/TeleportHook.TeleportCause.html]
[ci.visualillusionsent.net/job/CanaryLib/javadoc/indexd715.html]
[ci.visualillusionsent.net/job/CanaryLib/javadoc/net/canarymod/hook/player/TeleportHook.TeleportCause.html]
[ci.visualillusionsent.net/job/CanaryLib/javadoc/net/canarymod/commandsys/commands/vanilla/class-use/TestFor.html]
[ci.visualillusionsent.net/job/CanaryLib/javadoc/indexb091.html]
[ci.visualillusionsent.net/job/CanaryLib/javadoc/net/canarymod/commandsys/commands/vanilla/TestFor.html]
[ci.visualillusionsent.net/job/CanaryLib/javadoc/net/canarymod/commandsys/commands/vanilla/class-use/TestForBlock.html]
[ci.visualillusionsent.net/job/CanaryLib/javadoc/indexbed5.html]
[ci.visualillusionsent.net/job/CanaryLib/javadoc/net/canarymod/commandsys/commands/vanilla/TestForBlock.html]
[ci.visualillusionsent.net/job/CanaryLib/javadoc/net/canarymod/commandsys/commands/vanilla/class-use/TestForBlocks.html]
[ci.visualillusionsent.net/job/CanaryLib/javadoc/index1fd5.html]
[ci.visualillusionsent.net/job/CanaryLib/javadoc/net/canarymod/commandsys/commands/vanilla/TestForBlocks.html]
[ci.visualillusionsent.net/job/CanaryLib/javadoc/net/canarymod/chat/class-use/TextFormat.html]
[ci.visualillusionsent.net/job/CanaryLib/javadoc/index5739.html]
[ci.visualillusionsent.net/job/CanaryLib/javadoc/net/canarymod/chat/TextFormat.html]
[ci.visualillusionsent.net/job/CanaryLib/javadoc/net/canarymod/api/world/blocks/class-use/TileEntity.html]
[ci.visualillusionsent.net/job/CanaryLib/javadoc/index6c3d.html]
[ci.visualillusionsent.net/job/CanaryLib/javadoc/net/canarymod/api/world/blocks/TileEntity.html]
[ci.visualillusionsent.net/job/CanaryLib/javadoc/net/canarymod/commandsys/commands/vanilla/class-use/Time.html]
[ci.visualillusionsent.net/job/CanaryLib/javadoc/indexa763.html]
[ci.visualillusionsent.net/job/CanaryLib/javadoc/net/canarymod/commandsys/commands/vanilla/Time.html]
[ci.visualillusionsent.net/job/CanaryLib/javadoc/net/canarymod/hook/world/class-use/TimeChangeHook.html]
[ci.visualillusionsent.net/job/CanaryLib/javadoc/index6d0f.html]
[ci.visualillusionsent.net/job/CanaryLib/javadoc/net/canarymod/hook/world/TimeChangeHook.html]
[ci.visualillusionsent.net/job/CanaryLib/javadoc/net/canarymod/commandsys/commands/vanilla/class-use/Title.html]
[ci.visualillusionsent.net/job/CanaryLib/javadoc/indexfc23.html]
[ci.visualillusionsent.net/job/CanaryLib/javadoc/net/canarymod/commandsys/commands/vanilla/Title.html]
[ci.visualillusionsent.net/job/CanaryLib/javadoc/net/canarymod/hook/world/class-use/TNTActivateHook.html]
[ci.visualillusionsent.net/job/CanaryLib/javadoc/indexe277.html]
[ci.visualillusionsent.net/job/CanaryLib/javadoc/net/canarymod/hook/world/TNTActivateHook.html]
[ci.visualillusionsent.net/job/CanaryLib/javadoc/net/canarymod/hook/world/class-use/TNTActivateHook.ActivationCause.html]
[ci.visualillusionsent.net/job/CanaryLib/javadoc/indexb9da.html]
[ci.visualillusionsent.net/job/CanaryLib/javadoc/net/canarymod/hook/world/TNTActivateHook.ActivationCause.html]
[ci.visualillusionsent.net/job/CanaryLib/javadoc/net/canarymod/api/entity/vehicle/class-use/TNTMinecart.html]
[ci.visualillusionsent.net/job/CanaryLib/javadoc/index14f5.html]
[ci.visualillusionsent.net/job/CanaryLib/javadoc/net/canarymod/api/entity/vehicle/TNTMinecart.html]
[ci.visualillusionsent.net/job/CanaryLib/javadoc/net/canarymod/api/entity/class-use/TNTPrimed.html]
[ci.visualillusionsent.net/job/CanaryLib/javadoc/index8d76.html]
[ci.visualillusionsent.net/job/CanaryLib/javadoc/net/canarymod/api/entity/TNTPrimed.html]
[ci.visualillusionsent.net/job/CanaryLib/javadoc/net/canarymod/api/world/blocks/properties/helpers/class-use/TNTProperties.html]
[ci.visualillusionsent.net/job/CanaryLib/javadoc/index3895.html]
[ci.visualillusionsent.net/job/CanaryLib/javadoc/net/canarymod/api/world/blocks/properties/helpers/TNTProperties.html]
[ci.visualillusionsent.net/job/CanaryLib/javadoc/net/canarymod/commandsys/commands/vanilla/class-use/ToggleDownfall.html]
[ci.visualillusionsent.net/job/CanaryLib/javadoc/index2cbf.html]
[ci.visualillusionsent.net/job/CanaryLib/javadoc/net/canarymod/commandsys/commands/vanilla/ToggleDownfall.html]
[ci.visualillusionsent.net/job/CanaryLib/javadoc/net/canarymod/class-use/ToolBox.html]
[ci.visualillusionsent.net/job/CanaryLib/javadoc/index27dc.html]
[ci.visualillusionsent.net/job/CanaryLib/javadoc/net/canarymod/ToolBox.html]
[ci.visualillusionsent.net/job/CanaryLib/javadoc/net/canarymod/hook/player/class-use/ToolBrokenHook.html]
[ci.visualillusionsent.net/job/CanaryLib/javadoc/indexcf11.html]
[ci.visualillusionsent.net/job/CanaryLib/javadoc/net/canarymod/hook/player/ToolBrokenHook.html]
[ci.visualillusionsent.net/job/CanaryLib/javadoc/net/canarymod/api/world/blocks/properties/helpers/class-use/TorchProperties.html]
[ci.visualillusionsent.net/job/CanaryLib/javadoc/index2a6b.html]
[ci.visualillusionsent.net/job/CanaryLib/javadoc/net/canarymod/api/world/blocks/properties/helpers/TorchProperties.html]
[ci.visualillusionsent.net/job/CanaryLib/javadoc/net/canarymod/class-use/Translator.html]
[ci.visualillusionsent.net/job/CanaryLib/javadoc/index13ca.html]
[ci.visualillusionsent.net/job/CanaryLib/javadoc/net/canarymod/Translator.html]
[ci.visualillusionsent.net/job/CanaryLib/javadoc/net/canarymod/api/world/blocks/properties/helpers/class-use/TrapDoorProperties.html]
[ci.visualillusionsent.net/job/CanaryLib/javadoc/index8301.html]
[ci.visualillusionsent.net/job/CanaryLib/javadoc/net/canarymod/api/world/blocks/properties/helpers/TrapDoorProperties.html]
[ci.visualillusionsent.net/job/CanaryLib/javadoc/net/canarymod/api/world/blocks/properties/helpers/class-use/TrapDoorProperties.Half.html]
[ci.visualillusionsent.net/job/CanaryLib/javadoc/indexb1ca.html]
[ci.visualillusionsent.net/job/CanaryLib/javadoc/net/canarymod/api/world/blocks/properties/helpers/TrapDoorProperties.Half.html]
[ci.visualillusionsent.net/job/CanaryLib/javadoc/net/canarymod/hook/world/class-use/TreeGrowHook.html]
[ci.visualillusionsent.net/job/CanaryLib/javadoc/index6430.html]
[ci.visualillusionsent.net/job/CanaryLib/javadoc/net/canarymod/hook/world/TreeGrowHook.html]
[ci.visualillusionsent.net/job/CanaryLib/javadoc/net/canarymod/api/world/class-use/TreeType.html]
[ci.visualillusionsent.net/job/CanaryLib/javadoc/index6378.html]
[ci.visualillusionsent.net/job/CanaryLib/javadoc/net/canarymod/api/world/TreeType.html]
[ci.visualillusionsent.net/job/CanaryLib/javadoc/net/canarymod/commandsys/commands/vanilla/class-use/Trigger.html]
[ci.visualillusionsent.net/job/CanaryLib/javadoc/index5a38.html]
[ci.visualillusionsent.net/job/CanaryLib/javadoc/net/canarymod/commandsys/commands/vanilla/Trigger.html]
[ci.visualillusionsent.net/job/CanaryLib/javadoc/net/canarymod/api/world/blocks/properties/helpers/class-use/TripwireHookProperties.html]
[ci.visualillusionsent.net/job/CanaryLib/javadoc/index878b.html]
[ci.visualillusionsent.net/job/CanaryLib/javadoc/net/canarymod/api/world/blocks/properties/helpers/TripwireHookProperties.html]
[ci.visualillusionsent.net/job/CanaryLib/javadoc/net/canarymod/api/world/blocks/properties/helpers/class-use/TripwireProperties.html]
[ci.visualillusionsent.net/job/CanaryLib/javadoc/index364c.html]
[ci.visualillusionsent.net/job/CanaryLib/javadoc/net/canarymod/api/world/blocks/properties/helpers/TripwireProperties.html]
[ci.visualillusionsent.net/job/CanaryLib/javadoc/net/canarymod/commandsys/commands/system/bans/class-use/UnbanCommand.html]
[ci.visualillusionsent.net/job/CanaryLib/javadoc/indexb0a4.html]
[ci.visualillusionsent.net/job/CanaryLib/javadoc/net/canarymod/commandsys/commands/system/bans/UnbanCommand.html]
[ci.visualillusionsent.net/job/CanaryLib/javadoc/net/canarymod/api/world/class-use/UnknownWorldException.html]
[ci.visualillusionsent.net/job/CanaryLib/javadoc/index8359.html]
[ci.visualillusionsent.net/job/CanaryLib/javadoc/net/canarymod/api/world/UnknownWorldException.html]
[ci.visualillusionsent.net/job/CanaryLib/javadoc/net/canarymod/commandsys/commands/world/class-use/UnloadWorldCommand.html]
[ci.visualillusionsent.net/job/CanaryLib/javadoc/index9f1b.html]
[ci.visualillusionsent.net/job/CanaryLib/javadoc/net/canarymod/commandsys/commands/world/UnloadWorldCommand.html]
[ci.visualillusionsent.net/job/CanaryLib/javadoc/net/canarymod/hook/system/class-use/UnloadWorldHook.html]
[ci.visualillusionsent.net/job/CanaryLib/javadoc/index9339.html]
[ci.visualillusionsent.net/job/CanaryLib/javadoc/net/canarymod/hook/system/UnloadWorldHook.html]
[ci.visualillusionsent.net/job/CanaryLib/javadoc/net/canarymod/api/entity/living/humanoid/npc/ai/class-use/Update.html]
[ci.visualillusionsent.net/job/CanaryLib/javadoc/index9329.html]
[ci.visualillusionsent.net/job/CanaryLib/javadoc/net/canarymod/api/entity/living/humanoid/npc/ai/Update.html]
[ci.visualillusionsent.net/job/CanaryLib/javadoc/net/canarymod/commandsys/commands/system/informational/class-use/Uptime.html]
[ci.visualillusionsent.net/job/CanaryLib/javadoc/indexcd48.html]
[ci.visualillusionsent.net/job/CanaryLib/javadoc/net/canarymod/commandsys/commands/system/informational/Uptime.html]
[ci.visualillusionsent.net/job/CanaryLib/javadoc/net/canarymod/user/class-use/UserAndGroupsProvider.html]
[ci.visualillusionsent.net/job/CanaryLib/javadoc/index10a5.html]
[ci.visualillusionsent.net/job/CanaryLib/javadoc/net/canarymod/user/UserAndGroupsProvider.html]
[ci.visualillusionsent.net/job/CanaryLib/javadoc/net/canarymod/api/world/blocks/class-use/VanillaBlock.html]
[ci.visualillusionsent.net/job/CanaryLib/javadoc/indexdd23.html]
[ci.visualillusionsent.net/job/CanaryLib/javadoc/net/canarymod/api/world/blocks/VanillaBlock.html]
[ci.visualillusionsent.net/job/CanaryLib/javadoc/net/canarymod/api/world/position/class-use/Vector3D.html]
[ci.visualillusionsent.net/job/CanaryLib/javadoc/indexe831.html]
[ci.visualillusionsent.net/job/CanaryLib/javadoc/net/canarymod/api/world/position/Vector3D.html]
[ci.visualillusionsent.net/job/CanaryLib/javadoc/net/canarymod/api/entity/vehicle/class-use/Vehicle.html]
[ci.visualillusionsent.net/job/CanaryLib/javadoc/index08aa.html]
[ci.visualillusionsent.net/job/CanaryLib/javadoc/net/canarymod/api/entity/vehicle/Vehicle.html]
[ci.visualillusionsent.net/job/CanaryLib/javadoc/net/canarymod/hook/entity/class-use/VehicleCollisionHook.html]
[ci.visualillusionsent.net/job/CanaryLib/javadoc/net/canarymod/hook/entity/VehicleCollisionHook.html]
[ci.visualillusionsent.net/job/CanaryLib/javadoc/indexf9fa.html]
[ci.visualillusionsent.net/job/CanaryLib/javadoc/net/canarymod/hook/entity/class-use/VehicleDamageHook.html]
[ci.visualillusionsent.net/job/CanaryLib/javadoc/indexb917.html]
[ci.visualillusionsent.net/job/CanaryLib/javadoc/net/canarymod/hook/entity/VehicleDamageHook.html]
[ci.visualillusionsent.net/job/CanaryLib/javadoc/net/canarymod/hook/entity/class-use/VehicleDestroyHook.html]
[ci.visualillusionsent.net/job/CanaryLib/javadoc/index3c0a.html]
[ci.visualillusionsent.net/job/CanaryLib/javadoc/net/canarymod/hook/entity/VehicleDestroyHook.html]
[ci.visualillusionsent.net/job/CanaryLib/javadoc/net/canarymod/hook/entity/class-use/VehicleEnterHook.html]
[ci.visualillusionsent.net/job/CanaryLib/javadoc/index6fb1.html]
[ci.visualillusionsent.net/job/CanaryLib/javadoc/net/canarymod/hook/entity/VehicleEnterHook.html]
[ci.visualillusionsent.net/job/CanaryLib/javadoc/net/canarymod/hook/entity/class-use/VehicleExitHook.html]
[ci.visualillusionsent.net/job/CanaryLib/javadoc/index845d.html]
[ci.visualillusionsent.net/job/CanaryLib/javadoc/net/canarymod/hook/entity/VehicleExitHook.html]
[ci.visualillusionsent.net/job/CanaryLib/javadoc/net/canarymod/hook/entity/class-use/VehicleMoveHook.html]
[ci.visualillusionsent.net/job/CanaryLib/javadoc/index2ee0.html]
[ci.visualillusionsent.net/job/CanaryLib/javadoc/net/canarymod/hook/entity/VehicleMoveHook.html]
[ci.visualillusionsent.net/job/CanaryLib/javadoc/net/canarymod/api/world/class-use/Village.html]
[ci.visualillusionsent.net/job/CanaryLib/javadoc/indexcf10.html]
[ci.visualillusionsent.net/job/CanaryLib/javadoc/net/canarymod/api/world/Village.html]
[ci.visualillusionsent.net/job/CanaryLib/javadoc/net/canarymod/api/entity/living/humanoid/class-use/Villager.html]
[ci.visualillusionsent.net/job/CanaryLib/javadoc/indexe1b8.html]
[ci.visualillusionsent.net/job/CanaryLib/javadoc/net/canarymod/api/entity/living/humanoid/Villager.html]
[ci.visualillusionsent.net/job/CanaryLib/javadoc/net/canarymod/api/entity/living/humanoid/class-use/Villager.Profession.html]
[ci.visualillusionsent.net/job/CanaryLib/javadoc/indexee06.html]
[ci.visualillusionsent.net/job/CanaryLib/javadoc/net/canarymod/api/entity/living/humanoid/Villager.Profession.html]
[ci.visualillusionsent.net/job/CanaryLib/javadoc/net/canarymod/api/inventory/class-use/VillagerInventory.html]
[ci.visualillusionsent.net/job/CanaryLib/javadoc/index47fc.html]
[ci.visualillusionsent.net/job/CanaryLib/javadoc/net/canarymod/api/inventory/VillagerInventory.html]
[ci.visualillusionsent.net/job/CanaryLib/javadoc/net/canarymod/api/class-use/VillagerTrade.html]
[ci.visualillusionsent.net/job/CanaryLib/javadoc/index4518.html]
[ci.visualillusionsent.net/job/CanaryLib/javadoc/net/canarymod/api/VillagerTrade.html]
[ci.visualillusionsent.net/job/CanaryLib/javadoc/net/canarymod/hook/player/class-use/VillagerTradeHook.html]
[ci.visualillusionsent.net/job/CanaryLib/javadoc/indexd232.html]
[ci.visualillusionsent.net/job/CanaryLib/javadoc/net/canarymod/hook/player/VillagerTradeHook.html]
[ci.visualillusionsent.net/job/CanaryLib/javadoc/net/canarymod/hook/entity/class-use/VillagerTradeUnlockHook.html]
[ci.visualillusionsent.net/job/CanaryLib/javadoc/index9c1e.html]
[ci.visualillusionsent.net/job/CanaryLib/javadoc/net/canarymod/hook/entity/VillagerTradeUnlockHook.html]
[ci.visualillusionsent.net/job/CanaryLib/javadoc/net/canarymod/api/world/blocks/properties/helpers/class-use/VineProperties.html]
[ci.visualillusionsent.net/job/CanaryLib/javadoc/indexff64.html]
[ci.visualillusionsent.net/job/CanaryLib/javadoc/net/canarymod/api/world/blocks/properties/helpers/VineProperties.html]
[ci.visualillusionsent.net/job/CanaryLib/javadoc/net/canarymod/api/world/blocks/properties/helpers/class-use/WallProperties.html]
[ci.visualillusionsent.net/job/CanaryLib/javadoc/indexb5d0.html]
[ci.visualillusionsent.net/job/CanaryLib/javadoc/net/canarymod/api/world/blocks/properties/helpers/WallProperties.html]
[ci.visualillusionsent.net/job/CanaryLib/javadoc/net/canarymod/api/world/blocks/properties/helpers/class-use/WallProperties.Variant.html]
[ci.visualillusionsent.net/job/CanaryLib/javadoc/indexd8ee.html]
[ci.visualillusionsent.net/job/CanaryLib/javadoc/net/canarymod/api/world/blocks/properties/helpers/WallProperties.Variant.html]
[ci.visualillusionsent.net/job/CanaryLib/javadoc/net/canarymod/api/world/blocks/properties/helpers/class-use/WallSignProperties.html]
[ci.visualillusionsent.net/job/CanaryLib/javadoc/indexf1f5.html]
[ci.visualillusionsent.net/job/CanaryLib/javadoc/net/canarymod/api/world/blocks/properties/helpers/WallSignProperties.html]
[ci.visualillusionsent.net/job/CanaryLib/javadoc/net/canarymod/warp/class-use/Warp.html]
[ci.visualillusionsent.net/job/CanaryLib/javadoc/net/canarymod/warp/package-tree.html]
[ci.visualillusionsent.net/job/CanaryLib/javadoc/index01e8.html]
[ci.visualillusionsent.net/job/CanaryLib/javadoc/net/canarymod/warp/Warp.html]
[ci.visualillusionsent.net/job/CanaryLib/javadoc/net/canarymod/backbone/class-use/WarpDataAccess.html]
[ci.visualillusionsent.net/job/CanaryLib/javadoc/index90db.html]
[ci.visualillusionsent.net/job/CanaryLib/javadoc/net/canarymod/backbone/WarpDataAccess.html]
[ci.visualillusionsent.net/job/CanaryLib/javadoc/net/canarymod/commandsys/commands/warp/class-use/WarpList.html]
[ci.visualillusionsent.net/job/CanaryLib/javadoc/index680b.html]
[ci.visualillusionsent.net/job/CanaryLib/javadoc/net/canarymod/commandsys/commands/warp/WarpList.html]
[ci.visualillusionsent.net/job/CanaryLib/javadoc/net/canarymod/warp/class-use/WarpProvider.html]
[ci.visualillusionsent.net/job/CanaryLib/javadoc/index5ec3.html]
[ci.visualillusionsent.net/job/CanaryLib/javadoc/net/canarymod/warp/WarpProvider.html]
[ci.visualillusionsent.net/job/CanaryLib/javadoc/net/canarymod/commandsys/commands/warp/class-use/WarpRemove.html]
[ci.visualillusionsent.net/job/CanaryLib/javadoc/index9abc.html]
[ci.visualillusionsent.net/job/CanaryLib/javadoc/net/canarymod/commandsys/commands/warp/WarpRemove.html]
[ci.visualillusionsent.net/job/CanaryLib/javadoc/net/canarymod/commandsys/commands/warp/class-use/WarpSet.html]
[ci.visualillusionsent.net/job/CanaryLib/javadoc/index4c83.html]
[ci.visualillusionsent.net/job/CanaryLib/javadoc/net/canarymod/commandsys/commands/warp/WarpSet.html]
[ci.visualillusionsent.net/job/CanaryLib/javadoc/net/canarymod/commandsys/commands/warp/class-use/WarpUse.html]
[ci.visualillusionsent.net/job/CanaryLib/javadoc/index0031.html]
[ci.visualillusionsent.net/job/CanaryLib/javadoc/net/canarymod/commandsys/commands/warp/WarpUse.html]
[ci.visualillusionsent.net/job/CanaryLib/javadoc/net/canarymod/commandsys/commands/vanilla/class-use/Weather.html]
[ci.visualillusionsent.net/job/CanaryLib/javadoc/indexb2af.html]
[ci.visualillusionsent.net/job/CanaryLib/javadoc/net/canarymod/commandsys/commands/vanilla/Weather.html]
[ci.visualillusionsent.net/job/CanaryLib/javadoc/net/canarymod/hook/world/class-use/WeatherChangeHook.html]
[ci.visualillusionsent.net/job/CanaryLib/javadoc/index0728.html]
[ci.visualillusionsent.net/job/CanaryLib/javadoc/net/canarymod/hook/world/WeatherChangeHook.html]
[ci.visualillusionsent.net/job/CanaryLib/javadoc/net/canarymod/api/entity/effect/class-use/WeatherEffect.html]
[ci.visualillusionsent.net/job/CanaryLib/javadoc/index0c27.html]
[ci.visualillusionsent.net/job/CanaryLib/javadoc/net/canarymod/api/entity/effect/WeatherEffect.html]
[ci.visualillusionsent.net/job/CanaryLib/javadoc/net/canarymod/api/world/blocks/properties/helpers/class-use/WeightedPressurePlateProperties.html]
[ci.visualillusionsent.net/job/CanaryLib/javadoc/indexc0dc.html]
[ci.visualillusionsent.net/job/CanaryLib/javadoc/net/canarymod/api/world/blocks/properties/helpers/WeightedPressurePlateProperties.html]
[ci.visualillusionsent.net/job/CanaryLib/javadoc/net/canarymod/commandsys/commands/system/whitelist/class-use/WhitelistAdd.html]
[ci.visualillusionsent.net/job/CanaryLib/javadoc/net/canarymod/commandsys/commands/system/whitelist/package-tree.html]
[ci.visualillusionsent.net/job/CanaryLib/javadoc/indexd491.html]
[ci.visualillusionsent.net/job/CanaryLib/javadoc/net/canarymod/commandsys/commands/system/whitelist/WhitelistAdd.html]
[ci.visualillusionsent.net/job/CanaryLib/javadoc/net/canarymod/backbone/class-use/WhitelistDataAccess.html]
[ci.visualillusionsent.net/job/CanaryLib/javadoc/index71c2.html]
[ci.visualillusionsent.net/job/CanaryLib/javadoc/net/canarymod/backbone/WhitelistDataAccess.html]
[ci.visualillusionsent.net/job/CanaryLib/javadoc/net/canarymod/commandsys/commands/system/whitelist/class-use/WhitelistDisable.html]
[ci.visualillusionsent.net/job/CanaryLib/javadoc/index3aa8.html]
[ci.visualillusionsent.net/job/CanaryLib/javadoc/net/canarymod/commandsys/commands/system/whitelist/WhitelistDisable.html]
[ci.visualillusionsent.net/job/CanaryLib/javadoc/net/canarymod/commandsys/commands/system/whitelist/class-use/WhitelistEnable.html]
[ci.visualillusionsent.net/job/CanaryLib/javadoc/indexd1a2.html]
[ci.visualillusionsent.net/job/CanaryLib/javadoc/net/canarymod/commandsys/commands/system/whitelist/WhitelistEnable.html]
[ci.visualillusionsent.net/job/CanaryLib/javadoc/net/canarymod/user/class-use/WhitelistProvider.html]
[ci.visualillusionsent.net/job/CanaryLib/javadoc/indexec6b.html]
[ci.visualillusionsent.net/job/CanaryLib/javadoc/net/canarymod/user/WhitelistProvider.html]
[ci.visualillusionsent.net/job/CanaryLib/javadoc/net/canarymod/commandsys/commands/system/whitelist/class-use/WhitelistReload.html]
[ci.visualillusionsent.net/job/CanaryLib/javadoc/index575a.html]
[ci.visualillusionsent.net/job/CanaryLib/javadoc/net/canarymod/commandsys/commands/system/whitelist/WhitelistReload.html]
[ci.visualillusionsent.net/job/CanaryLib/javadoc/net/canarymod/commandsys/commands/system/whitelist/class-use/WhitelistRemove.html]
[ci.visualillusionsent.net/job/CanaryLib/javadoc/indexf4df.html]
[ci.visualillusionsent.net/job/CanaryLib/javadoc/net/canarymod/commandsys/commands/system/whitelist/WhitelistRemove.html]
[ci.visualillusionsent.net/job/CanaryLib/javadoc/net/canarymod/commandsys/commands/system/whitelist/class-use/WhitelistShow.html]
[ci.visualillusionsent.net/job/CanaryLib/javadoc/index63b6.html]
[ci.visualillusionsent.net/job/CanaryLib/javadoc/net/canarymod/commandsys/commands/system/whitelist/WhitelistShow.html]
[ci.visualillusionsent.net/job/CanaryLib/javadoc/net/canarymod/api/entity/living/monster/class-use/Witch.html]
[ci.visualillusionsent.net/job/CanaryLib/javadoc/index263b.html]
[ci.visualillusionsent.net/job/CanaryLib/javadoc/net/canarymod/api/entity/living/monster/Witch.html]
[ci.visualillusionsent.net/job/CanaryLib/javadoc/net/canarymod/api/entity/living/monster/class-use/Wither.html]
[ci.visualillusionsent.net/job/CanaryLib/javadoc/index151f.html]
[ci.visualillusionsent.net/job/CanaryLib/javadoc/net/canarymod/api/entity/living/monster/Wither.html]
[ci.visualillusionsent.net/job/CanaryLib/javadoc/net/canarymod/api/entity/class-use/WitherSkull.html]
[ci.visualillusionsent.net/job/CanaryLib/javadoc/index08c8.html]
[ci.visualillusionsent.net/job/CanaryLib/javadoc/net/canarymod/api/entity/WitherSkull.html]
[ci.visualillusionsent.net/job/CanaryLib/javadoc/net/canarymod/api/entity/living/animal/class-use/Wolf.html]
[ci.visualillusionsent.net/job/CanaryLib/javadoc/index1fc7.html]
[ci.visualillusionsent.net/job/CanaryLib/javadoc/net/canarymod/api/entity/living/animal/Wolf.html]
[ci.visualillusionsent.net/job/CanaryLib/javadoc/net/canarymod/api/world/blocks/properties/helpers/class-use/WoodProperties.html]
[ci.visualillusionsent.net/job/CanaryLib/javadoc/indexa9ac.html]
[ci.visualillusionsent.net/job/CanaryLib/javadoc/net/canarymod/api/world/blocks/properties/helpers/WoodProperties.html]
[ci.visualillusionsent.net/job/CanaryLib/javadoc/net/canarymod/api/world/blocks/properties/helpers/class-use/WoodProperties.Variant.html]
[ci.visualillusionsent.net/job/CanaryLib/javadoc/indexa7d7.html]
[ci.visualillusionsent.net/job/CanaryLib/javadoc/net/canarymod/api/world/blocks/properties/helpers/WoodProperties.Variant.html]
[ci.visualillusionsent.net/job/CanaryLib/javadoc/net/canarymod/api/world/blocks/properties/helpers/class-use/WoodSlabProperties.html]
[ci.visualillusionsent.net/job/CanaryLib/javadoc/indexf1a6.html]
[ci.visualillusionsent.net/job/CanaryLib/javadoc/net/canarymod/api/world/blocks/properties/helpers/WoodSlabProperties.html]
[ci.visualillusionsent.net/job/CanaryLib/javadoc/net/canarymod/api/world/blocks/class-use/Workbench.html]
[ci.visualillusionsent.net/job/CanaryLib/javadoc/index58b6.html]
[ci.visualillusionsent.net/job/CanaryLib/javadoc/net/canarymod/api/world/blocks/Workbench.html]
[ci.visualillusionsent.net/job/CanaryLib/javadoc/net/canarymod/api/world/class-use/World.html]
[ci.visualillusionsent.net/job/CanaryLib/javadoc/indexd86a.html]
[ci.visualillusionsent.net/job/CanaryLib/javadoc/net/canarymod/api/world/World.html]
[ci.visualillusionsent.net/job/CanaryLib/javadoc/net/canarymod/api/world/class-use/World.Difficulty.html]
[ci.visualillusionsent.net/job/CanaryLib/javadoc/index03e6.html]
[ci.visualillusionsent.net/job/CanaryLib/javadoc/net/canarymod/api/world/World.Difficulty.html]
[ci.visualillusionsent.net/job/CanaryLib/javadoc/net/canarymod/commandsys/commands/vanilla/class-use/WorldBorder.html]
[ci.visualillusionsent.net/job/CanaryLib/javadoc/index3686.html]
[ci.visualillusionsent.net/job/CanaryLib/javadoc/net/canarymod/commandsys/commands/vanilla/WorldBorder.html]
[ci.visualillusionsent.net/job/CanaryLib/javadoc/net/canarymod/config/class-use/WorldConfiguration.html]
[ci.visualillusionsent.net/job/CanaryLib/javadoc/indexfbb3.html]
[ci.visualillusionsent.net/job/CanaryLib/javadoc/net/canarymod/config/WorldConfiguration.html]
[ci.visualillusionsent.net/job/CanaryLib/javadoc/net/canarymod/commandsys/commands/world/class-use/WorldInfoCommand.html]
[ci.visualillusionsent.net/job/CanaryLib/javadoc/index8b69.html]
[ci.visualillusionsent.net/job/CanaryLib/javadoc/net/canarymod/commandsys/commands/world/WorldInfoCommand.html]
[ci.visualillusionsent.net/job/CanaryLib/javadoc/net/canarymod/api/world/class-use/WorldManager.html]
[ci.visualillusionsent.net/job/CanaryLib/javadoc/index0dcd.html]
[ci.visualillusionsent.net/job/CanaryLib/javadoc/net/canarymod/api/world/WorldManager.html]
[ci.visualillusionsent.net/job/CanaryLib/javadoc/net/canarymod/api/world/class-use/WorldType.html]
[ci.visualillusionsent.net/job/CanaryLib/javadoc/indexdbf6.html]
[ci.visualillusionsent.net/job/CanaryLib/javadoc/net/canarymod/api/world/WorldType.html]
[ci.visualillusionsent.net/job/CanaryLib/javadoc/net/canarymod/database/xml/class-use/XmlDatabase.html]
[ci.visualillusionsent.net/job/CanaryLib/javadoc/net/canarymod/database/xml/package-tree.html]
[ci.visualillusionsent.net/job/CanaryLib/javadoc/index596f.html]
[ci.visualillusionsent.net/job/CanaryLib/javadoc/net/canarymod/database/xml/XmlDatabase.html]
[ci.visualillusionsent.net/job/CanaryLib/javadoc/net/canarymod/commandsys/commands/vanilla/class-use/XP.html]
[ci.visualillusionsent.net/job/CanaryLib/javadoc/index82aa.html]
[ci.visualillusionsent.net/job/CanaryLib/javadoc/net/canarymod/commandsys/commands/vanilla/XP.html]
[ci.visualillusionsent.net/job/CanaryLib/javadoc/net/canarymod/api/entity/throwable/class-use/XPBottle.html]
[ci.visualillusionsent.net/job/CanaryLib/javadoc/indexcc13.html]
[ci.visualillusionsent.net/job/CanaryLib/javadoc/net/canarymod/api/entity/throwable/XPBottle.html]
[ci.visualillusionsent.net/job/CanaryLib/javadoc/net/canarymod/api/entity/class-use/XPOrb.html]
[ci.visualillusionsent.net/job/CanaryLib/javadoc/index6481.html]
[ci.visualillusionsent.net/job/CanaryLib/javadoc/net/canarymod/api/entity/XPOrb.html]
[ci.visualillusionsent.net/job/CanaryLib/javadoc/net/canarymod/api/entity/living/monster/class-use/Zombie.html]
[ci.visualillusionsent.net/job/CanaryLib/javadoc/index9799.html]
[ci.visualillusionsent.net/job/CanaryLib/javadoc/net/canarymod/api/entity/living/monster/Zombie.html]
[ci.visualillusionsent.net/job/CanaryLib/javadoc/net/canarymod/api/attributes/class-use/ZombieAttribute.html]
[ci.visualillusionsent.net/job/CanaryLib/javadoc/index7871.html]
[ci.visualillusionsent.net/job/CanaryLib/javadoc/net/canarymod/api/attributes/ZombieAttribute.html]
[ci.visualillusionsent.net/job/CanaryLib/javadoc/indexcaf2.html]
[ci.visualillusionsent.net/job/CanaryLib/javadoc/overview-tree.html]
[ci.visualillusionsent.net/job/CanaryLib/javadoc/index94a5.html]
[ci.visualillusionsent.net/job/CanaryLib/javadoc/deprecated-list.html]
[ci.visualillusionsent.net/job/CanaryLib/javadoc/indexfcc0.html]
[ci.visualillusionsent.net/job/CanaryLib/javadoc/index-all.html]
[ci.visualillusionsent.net/job/CanaryLib/javadoc/indexb46a.html]
[ci.visualillusionsent.net/job/CanaryLib/javadoc/help-doc.html]
[ci.visualillusionsent.net/job/CanaryLib/javadoc/allclasses-noframe.html]
[ci.visualillusionsent.net/job/CanaryLib/javadoc/net/canarymod/package-use.html]
[ci.visualillusionsent.net/job/CanaryLib/javadoc/index099f-2.html]
[ci.visualillusionsent.net/job/CanaryLib/javadoc/net/canarymod/package-summary.html]
[ci.visualillusionsent.net/job/CanaryLib/javadoc/net/canarymod/api/package-use.html]
[ci.visualillusionsent.net/job/CanaryLib/javadoc/indexf019.html]
[ci.visualillusionsent.net/job/CanaryLib/javadoc/net/canarymod/api/package-summary.html]
[ci.visualillusionsent.net/job/CanaryLib/javadoc/net/canarymod/api/ai/package-use.html]
[ci.visualillusionsent.net/job/CanaryLib/javadoc/indexfd03.html]
[ci.visualillusionsent.net/job/CanaryLib/javadoc/net/canarymod/api/ai/package-summary.html]
[ci.visualillusionsent.net/job/CanaryLib/javadoc/net/canarymod/api/attributes/package-use.html]
[ci.visualillusionsent.net/job/CanaryLib/javadoc/indexd704.html]
[ci.visualillusionsent.net/job/CanaryLib/javadoc/net/canarymod/api/attributes/package-summary.html]
[ci.visualillusionsent.net/job/CanaryLib/javadoc/net/canarymod/api/chat/package-use.html]
[ci.visualillusionsent.net/job/CanaryLib/javadoc/index19b1.html]
[ci.visualillusionsent.net/job/CanaryLib/javadoc/net/canarymod/api/chat/package-summary.html]
[ci.visualillusionsent.net/job/CanaryLib/javadoc/net/canarymod/api/entity/package-use.html]
[ci.visualillusionsent.net/job/CanaryLib/javadoc/index24ec.html]
[ci.visualillusionsent.net/job/CanaryLib/javadoc/net/canarymod/api/entity/package-summary.html]
[ci.visualillusionsent.net/job/CanaryLib/javadoc/net/canarymod/api/entity/effect/package-use.html]
[ci.visualillusionsent.net/job/CanaryLib/javadoc/index0ee1.html]
[ci.visualillusionsent.net/job/CanaryLib/javadoc/net/canarymod/api/entity/effect/package-summary.html]
[ci.visualillusionsent.net/job/CanaryLib/javadoc/net/canarymod/api/entity/hanging/package-use.html]
[ci.visualillusionsent.net/job/CanaryLib/javadoc/index1cb1.html]
[ci.visualillusionsent.net/job/CanaryLib/javadoc/net/canarymod/api/entity/hanging/package-summary.html]
[ci.visualillusionsent.net/job/CanaryLib/javadoc/net/canarymod/api/entity/living/package-use.html]
[ci.visualillusionsent.net/job/CanaryLib/javadoc/index8d52.html]
[ci.visualillusionsent.net/job/CanaryLib/javadoc/net/canarymod/api/entity/living/package-summary.html]
[ci.visualillusionsent.net/job/CanaryLib/javadoc/net/canarymod/api/entity/living/animal/package-use.html]
[ci.visualillusionsent.net/job/CanaryLib/javadoc/index1268.html]
[ci.visualillusionsent.net/job/CanaryLib/javadoc/net/canarymod/api/entity/living/animal/package-summary.html]
[ci.visualillusionsent.net/job/CanaryLib/javadoc/net/canarymod/api/entity/living/humanoid/package-use.html]
[ci.visualillusionsent.net/job/CanaryLib/javadoc/index0693.html]
[ci.visualillusionsent.net/job/CanaryLib/javadoc/net/canarymod/api/entity/living/humanoid/package-summary.html]
[ci.visualillusionsent.net/job/CanaryLib/javadoc/net/canarymod/api/entity/living/humanoid/npc/package-use.html]
[ci.visualillusionsent.net/job/CanaryLib/javadoc/index0ead.html]
[ci.visualillusionsent.net/job/CanaryLib/javadoc/net/canarymod/api/entity/living/humanoid/npc/package-summary.html]
[ci.visualillusionsent.net/job/CanaryLib/javadoc/net/canarymod/api/entity/living/humanoid/npc/ai/package-use.html]
[ci.visualillusionsent.net/job/CanaryLib/javadoc/index3c07.html]
[ci.visualillusionsent.net/job/CanaryLib/javadoc/net/canarymod/api/entity/living/humanoid/npc/ai/package-summary.html]
[ci.visualillusionsent.net/job/CanaryLib/javadoc/net/canarymod/api/entity/living/monster/package-use.html]
[ci.visualillusionsent.net/job/CanaryLib/javadoc/indexe0de.html]
[ci.visualillusionsent.net/job/CanaryLib/javadoc/net/canarymod/api/entity/living/monster/package-summary.html]
[ci.visualillusionsent.net/job/CanaryLib/javadoc/net/canarymod/api/entity/throwable/package-use.html]
[ci.visualillusionsent.net/job/CanaryLib/javadoc/index78f4.html]
[ci.visualillusionsent.net/job/CanaryLib/javadoc/net/canarymod/api/entity/throwable/package-summary.html]
[ci.visualillusionsent.net/job/CanaryLib/javadoc/net/canarymod/api/entity/vehicle/package-use.html]
[ci.visualillusionsent.net/job/CanaryLib/javadoc/indexe950.html]
[ci.visualillusionsent.net/job/CanaryLib/javadoc/net/canarymod/api/entity/vehicle/package-summary.html]
[ci.visualillusionsent.net/job/CanaryLib/javadoc/net/canarymod/api/factory/package-use.html]
[ci.visualillusionsent.net/job/CanaryLib/javadoc/index6fd8.html]
[ci.visualillusionsent.net/job/CanaryLib/javadoc/net/canarymod/api/factory/package-summary.html]
[ci.visualillusionsent.net/job/CanaryLib/javadoc/net/canarymod/api/gui/package-use.html]
[ci.visualillusionsent.net/job/CanaryLib/javadoc/index038f.html]
[ci.visualillusionsent.net/job/CanaryLib/javadoc/net/canarymod/api/gui/package-summary.html]
[ci.visualillusionsent.net/job/CanaryLib/javadoc/net/canarymod/api/inventory/package-use.html]
[ci.visualillusionsent.net/job/CanaryLib/javadoc/indexcdc8.html]
[ci.visualillusionsent.net/job/CanaryLib/javadoc/net/canarymod/api/inventory/package-summary.html]
[ci.visualillusionsent.net/job/CanaryLib/javadoc/net/canarymod/api/inventory/helper/package-use.html]
[ci.visualillusionsent.net/job/CanaryLib/javadoc/index1da2.html]
[ci.visualillusionsent.net/job/CanaryLib/javadoc/net/canarymod/api/inventory/helper/package-summary.html]
[ci.visualillusionsent.net/job/CanaryLib/javadoc/net/canarymod/api/inventory/recipes/package-use.html]
[ci.visualillusionsent.net/job/CanaryLib/javadoc/index2fd6.html]
[ci.visualillusionsent.net/job/CanaryLib/javadoc/net/canarymod/api/inventory/recipes/package-summary.html]
[ci.visualillusionsent.net/job/CanaryLib/javadoc/net/canarymod/api/inventory/slot/package-use.html]
[ci.visualillusionsent.net/job/CanaryLib/javadoc/index3795.html]
[ci.visualillusionsent.net/job/CanaryLib/javadoc/net/canarymod/api/inventory/slot/package-summary.html]
[ci.visualillusionsent.net/job/CanaryLib/javadoc/net/canarymod/api/nbt/package-use.html]
[ci.visualillusionsent.net/job/CanaryLib/javadoc/index315f.html]
[ci.visualillusionsent.net/job/CanaryLib/javadoc/net/canarymod/api/nbt/package-summary.html]
[ci.visualillusionsent.net/job/CanaryLib/javadoc/net/canarymod/api/packet/package-use.html]
[ci.visualillusionsent.net/job/CanaryLib/javadoc/index3753.html]
[ci.visualillusionsent.net/job/CanaryLib/javadoc/net/canarymod/api/packet/package-summary.html]
[ci.visualillusionsent.net/job/CanaryLib/javadoc/net/canarymod/api/potion/package-use.html]
[ci.visualillusionsent.net/job/CanaryLib/javadoc/index6c06.html]
[ci.visualillusionsent.net/job/CanaryLib/javadoc/net/canarymod/api/potion/package-summary.html]
[ci.visualillusionsent.net/job/CanaryLib/javadoc/net/canarymod/api/scoreboard/package-use.html]
[ci.visualillusionsent.net/job/CanaryLib/javadoc/index2ad0.html]
[ci.visualillusionsent.net/job/CanaryLib/javadoc/net/canarymod/api/scoreboard/package-summary.html]
[ci.visualillusionsent.net/job/CanaryLib/javadoc/net/canarymod/api/statistics/package-use.html]
[ci.visualillusionsent.net/job/CanaryLib/javadoc/index23c5.html]
[ci.visualillusionsent.net/job/CanaryLib/javadoc/net/canarymod/api/statistics/package-summary.html]
[ci.visualillusionsent.net/job/CanaryLib/javadoc/net/canarymod/api/world/package-use.html]
[ci.visualillusionsent.net/job/CanaryLib/javadoc/indexfb3d.html]
[ci.visualillusionsent.net/job/CanaryLib/javadoc/net/canarymod/api/world/package-summary.html]
[ci.visualillusionsent.net/job/CanaryLib/javadoc/net/canarymod/api/world/blocks/package-use.html]
[ci.visualillusionsent.net/job/CanaryLib/javadoc/indexdb88.html]
[ci.visualillusionsent.net/job/CanaryLib/javadoc/net/canarymod/api/world/blocks/package-summary.html]
[ci.visualillusionsent.net/job/CanaryLib/javadoc/net/canarymod/api/world/blocks/properties/package-use.html]
[ci.visualillusionsent.net/job/CanaryLib/javadoc/indexddbe.html]
[ci.visualillusionsent.net/job/CanaryLib/javadoc/net/canarymod/api/world/blocks/properties/package-summary.html]
[ci.visualillusionsent.net/job/CanaryLib/javadoc/net/canarymod/api/world/blocks/properties/helpers/package-use.html]
[ci.visualillusionsent.net/job/CanaryLib/javadoc/index4aeb.html]
[ci.visualillusionsent.net/job/CanaryLib/javadoc/net/canarymod/api/world/blocks/properties/helpers/package-summary.html]
[ci.visualillusionsent.net/job/CanaryLib/javadoc/net/canarymod/api/world/effects/package-use.html]
[ci.visualillusionsent.net/job/CanaryLib/javadoc/indexdba8.html]
[ci.visualillusionsent.net/job/CanaryLib/javadoc/net/canarymod/api/world/effects/package-summary.html]
[ci.visualillusionsent.net/job/CanaryLib/javadoc/net/canarymod/api/world/position/package-use.html]
[ci.visualillusionsent.net/job/CanaryLib/javadoc/indexe6c2.html]
[ci.visualillusionsent.net/job/CanaryLib/javadoc/net/canarymod/api/world/position/package-summary.html]
[ci.visualillusionsent.net/job/CanaryLib/javadoc/net/canarymod/backbone/package-use.html]
[ci.visualillusionsent.net/job/CanaryLib/javadoc/index48d0.html]
[ci.visualillusionsent.net/job/CanaryLib/javadoc/net/canarymod/backbone/package-summary.html]
[ci.visualillusionsent.net/job/CanaryLib/javadoc/net/canarymod/bansystem/package-use.html]
[ci.visualillusionsent.net/job/CanaryLib/javadoc/index49e6.html]
[ci.visualillusionsent.net/job/CanaryLib/javadoc/net/canarymod/bansystem/package-summary.html]
[ci.visualillusionsent.net/job/CanaryLib/javadoc/net/canarymod/channels/package-use.html]
[ci.visualillusionsent.net/job/CanaryLib/javadoc/index9c72.html]
[ci.visualillusionsent.net/job/CanaryLib/javadoc/net/canarymod/channels/package-summary.html]
[ci.visualillusionsent.net/job/CanaryLib/javadoc/net/canarymod/chat/package-use.html]
[ci.visualillusionsent.net/job/CanaryLib/javadoc/index19e6.html]
[ci.visualillusionsent.net/job/CanaryLib/javadoc/net/canarymod/chat/package-summary.html]
[ci.visualillusionsent.net/job/CanaryLib/javadoc/net/canarymod/commandsys/package-use.html]
[ci.visualillusionsent.net/job/CanaryLib/javadoc/indexd0a3.html]
[ci.visualillusionsent.net/job/CanaryLib/javadoc/net/canarymod/commandsys/package-summary.html]
[ci.visualillusionsent.net/job/CanaryLib/javadoc/net/canarymod/commandsys/commands/groupmod/package-use.html]
[ci.visualillusionsent.net/job/CanaryLib/javadoc/indexb066.html]
[ci.visualillusionsent.net/job/CanaryLib/javadoc/net/canarymod/commandsys/commands/groupmod/package-summary.html]
[ci.visualillusionsent.net/job/CanaryLib/javadoc/net/canarymod/commandsys/commands/player/package-use.html]
[ci.visualillusionsent.net/job/CanaryLib/javadoc/index8473.html]
[ci.visualillusionsent.net/job/CanaryLib/javadoc/net/canarymod/commandsys/commands/player/package-summary.html]
[ci.visualillusionsent.net/job/CanaryLib/javadoc/net/canarymod/commandsys/commands/playermod/package-use.html]
[ci.visualillusionsent.net/job/CanaryLib/javadoc/indexd77b.html]
[ci.visualillusionsent.net/job/CanaryLib/javadoc/net/canarymod/commandsys/commands/playermod/package-summary.html]
[ci.visualillusionsent.net/job/CanaryLib/javadoc/net/canarymod/commandsys/commands/system/package-use.html]
[ci.visualillusionsent.net/job/CanaryLib/javadoc/index9ac9.html]
[ci.visualillusionsent.net/job/CanaryLib/javadoc/net/canarymod/commandsys/commands/system/package-summary.html]
[ci.visualillusionsent.net/job/CanaryLib/javadoc/net/canarymod/commandsys/commands/system/bans/package-use.html]
[ci.visualillusionsent.net/job/CanaryLib/javadoc/index42f7.html]
[ci.visualillusionsent.net/job/CanaryLib/javadoc/net/canarymod/commandsys/commands/system/bans/package-summary.html]
[ci.visualillusionsent.net/job/CanaryLib/javadoc/net/canarymod/commandsys/commands/system/informational/package-use.html]
[ci.visualillusionsent.net/job/CanaryLib/javadoc/index2223.html]
[ci.visualillusionsent.net/job/CanaryLib/javadoc/net/canarymod/commandsys/commands/system/informational/package-summary.html]
[ci.visualillusionsent.net/job/CanaryLib/javadoc/net/canarymod/commandsys/commands/system/kits/package-use.html]
[ci.visualillusionsent.net/job/CanaryLib/javadoc/indexbe84.html]
[ci.visualillusionsent.net/job/CanaryLib/javadoc/net/canarymod/commandsys/commands/system/kits/package-summary.html]
[ci.visualillusionsent.net/job/CanaryLib/javadoc/net/canarymod/commandsys/commands/system/operator/package-use.html]
[ci.visualillusionsent.net/job/CanaryLib/javadoc/indexe8c8.html]
[ci.visualillusionsent.net/job/CanaryLib/javadoc/net/canarymod/commandsys/commands/system/operator/package-summary.html]
[ci.visualillusionsent.net/job/CanaryLib/javadoc/net/canarymod/commandsys/commands/system/reservelist/package-use.html]
[ci.visualillusionsent.net/job/CanaryLib/javadoc/index29e2.html]
[ci.visualillusionsent.net/job/CanaryLib/javadoc/net/canarymod/commandsys/commands/system/reservelist/package-summary.html]
[ci.visualillusionsent.net/job/CanaryLib/javadoc/net/canarymod/commandsys/commands/system/whitelist/package-use.html]
[ci.visualillusionsent.net/job/CanaryLib/javadoc/indexe24d.html]
[ci.visualillusionsent.net/job/CanaryLib/javadoc/net/canarymod/commandsys/commands/system/whitelist/package-summary.html]
[ci.visualillusionsent.net/job/CanaryLib/javadoc/net/canarymod/commandsys/commands/vanilla/package-use.html]
[ci.visualillusionsent.net/job/CanaryLib/javadoc/indexd2c8.html]
[ci.visualillusionsent.net/job/CanaryLib/javadoc/net/canarymod/commandsys/commands/vanilla/package-summary.html]
[ci.visualillusionsent.net/job/CanaryLib/javadoc/net/canarymod/commandsys/commands/warp/package-use.html]
[ci.visualillusionsent.net/job/CanaryLib/javadoc/index9908.html]
[ci.visualillusionsent.net/job/CanaryLib/javadoc/net/canarymod/commandsys/commands/warp/package-summary.html]
[ci.visualillusionsent.net/job/CanaryLib/javadoc/net/canarymod/commandsys/commands/world/package-use.html]
[ci.visualillusionsent.net/job/CanaryLib/javadoc/index7c93.html]
[ci.visualillusionsent.net/job/CanaryLib/javadoc/net/canarymod/commandsys/commands/world/package-summary.html]
[ci.visualillusionsent.net/job/CanaryLib/javadoc/net/canarymod/config/package-use.html]
[ci.visualillusionsent.net/job/CanaryLib/javadoc/index4e64.html]
[ci.visualillusionsent.net/job/CanaryLib/javadoc/net/canarymod/config/package-summary.html]
[ci.visualillusionsent.net/job/CanaryLib/javadoc/net/canarymod/converter/package-use.html]
[ci.visualillusionsent.net/job/CanaryLib/javadoc/indexd29c.html]
[ci.visualillusionsent.net/job/CanaryLib/javadoc/net/canarymod/converter/package-summary.html]
[ci.visualillusionsent.net/job/CanaryLib/javadoc/net/canarymod/database/package-use.html]
[ci.visualillusionsent.net/job/CanaryLib/javadoc/index805c.html]
[ci.visualillusionsent.net/job/CanaryLib/javadoc/net/canarymod/database/package-summary.html]
[ci.visualillusionsent.net/job/CanaryLib/javadoc/net/canarymod/database/exceptions/package-use.html]
[ci.visualillusionsent.net/job/CanaryLib/javadoc/indexd8e1.html]
[ci.visualillusionsent.net/job/CanaryLib/javadoc/net/canarymod/database/exceptions/package-summary.html]
[ci.visualillusionsent.net/job/CanaryLib/javadoc/net/canarymod/database/mysql/package-use.html]
[ci.visualillusionsent.net/job/CanaryLib/javadoc/indexd515.html]
[ci.visualillusionsent.net/job/CanaryLib/javadoc/net/canarymod/database/mysql/package-summary.html]
[ci.visualillusionsent.net/job/CanaryLib/javadoc/net/canarymod/database/sqlite/package-use.html]
[ci.visualillusionsent.net/job/CanaryLib/javadoc/index7072.html]
[ci.visualillusionsent.net/job/CanaryLib/javadoc/net/canarymod/database/sqlite/package-summary.html]
[ci.visualillusionsent.net/job/CanaryLib/javadoc/net/canarymod/database/xml/package-use.html]
[ci.visualillusionsent.net/job/CanaryLib/javadoc/index8164.html]
[ci.visualillusionsent.net/job/CanaryLib/javadoc/net/canarymod/database/xml/package-summary.html]
[ci.visualillusionsent.net/job/CanaryLib/javadoc/net/canarymod/exceptions/package-use.html]
[ci.visualillusionsent.net/job/CanaryLib/javadoc/indexa367.html]
[ci.visualillusionsent.net/job/CanaryLib/javadoc/net/canarymod/exceptions/package-summary.html]
[ci.visualillusionsent.net/job/CanaryLib/javadoc/net/canarymod/help/package-use.html]
[ci.visualillusionsent.net/job/CanaryLib/javadoc/index3b5f.html]
[ci.visualillusionsent.net/job/CanaryLib/javadoc/net/canarymod/help/package-summary.html]
[ci.visualillusionsent.net/job/CanaryLib/javadoc/net/canarymod/hook/package-use.html]
[ci.visualillusionsent.net/job/CanaryLib/javadoc/indexe1da.html]
[ci.visualillusionsent.net/job/CanaryLib/javadoc/net/canarymod/hook/package-summary.html]
[ci.visualillusionsent.net/job/CanaryLib/javadoc/net/canarymod/hook/command/package-use.html]
[ci.visualillusionsent.net/job/CanaryLib/javadoc/index4180.html]
[ci.visualillusionsent.net/job/CanaryLib/javadoc/net/canarymod/hook/command/package-summary.html]
[ci.visualillusionsent.net/job/CanaryLib/javadoc/net/canarymod/hook/entity/package-use.html]
[ci.visualillusionsent.net/job/CanaryLib/javadoc/indexb5c4.html]
[ci.visualillusionsent.net/job/CanaryLib/javadoc/net/canarymod/hook/entity/package-summary.html]
[ci.visualillusionsent.net/job/CanaryLib/javadoc/net/canarymod/hook/player/package-use.html]
[ci.visualillusionsent.net/job/CanaryLib/javadoc/indexfe2f.html]
[ci.visualillusionsent.net/job/CanaryLib/javadoc/net/canarymod/hook/player/package-summary.html]
[ci.visualillusionsent.net/job/CanaryLib/javadoc/net/canarymod/hook/system/package-use.html]
[ci.visualillusionsent.net/job/CanaryLib/javadoc/indexfb56.html]
[ci.visualillusionsent.net/job/CanaryLib/javadoc/net/canarymod/hook/system/package-summary.html]
[ci.visualillusionsent.net/job/CanaryLib/javadoc/net/canarymod/hook/world/package-use.html]
[ci.visualillusionsent.net/job/CanaryLib/javadoc/index91ef.html]
[ci.visualillusionsent.net/job/CanaryLib/javadoc/net/canarymod/hook/world/package-summary.html]
[ci.visualillusionsent.net/job/CanaryLib/javadoc/net/canarymod/kit/package-use.html]
[ci.visualillusionsent.net/job/CanaryLib/javadoc/index1932.html]
[ci.visualillusionsent.net/job/CanaryLib/javadoc/net/canarymod/kit/package-summary.html]
[ci.visualillusionsent.net/job/CanaryLib/javadoc/net/canarymod/logger/package-use.html]
[ci.visualillusionsent.net/job/CanaryLib/javadoc/index4419.html]
[ci.visualillusionsent.net/job/CanaryLib/javadoc/net/canarymod/logger/package-summary.html]
[ci.visualillusionsent.net/job/CanaryLib/javadoc/net/canarymod/metrics/package-use.html]
[ci.visualillusionsent.net/job/CanaryLib/javadoc/index823c.html]
[ci.visualillusionsent.net/job/CanaryLib/javadoc/net/canarymod/metrics/package-summary.html]
[ci.visualillusionsent.net/job/CanaryLib/javadoc/net/canarymod/motd/package-use.html]
[ci.visualillusionsent.net/job/CanaryLib/javadoc/index34d1.html]
[ci.visualillusionsent.net/job/CanaryLib/javadoc/net/canarymod/motd/package-summary.html]
[ci.visualillusionsent.net/job/CanaryLib/javadoc/net/canarymod/permissionsystem/package-use.html]
[ci.visualillusionsent.net/job/CanaryLib/javadoc/index9593.html]
[ci.visualillusionsent.net/job/CanaryLib/javadoc/net/canarymod/permissionsystem/package-summary.html]
[ci.visualillusionsent.net/job/CanaryLib/javadoc/net/canarymod/plugin/package-use.html]
[ci.visualillusionsent.net/job/CanaryLib/javadoc/index6a90.html]
[ci.visualillusionsent.net/job/CanaryLib/javadoc/net/canarymod/plugin/package-summary.html]
[ci.visualillusionsent.net/job/CanaryLib/javadoc/net/canarymod/plugin/dependencies/package-use.html]
[ci.visualillusionsent.net/job/CanaryLib/javadoc/indexdbd2.html]
[ci.visualillusionsent.net/job/CanaryLib/javadoc/net/canarymod/plugin/dependencies/package-summary.html]
[ci.visualillusionsent.net/job/CanaryLib/javadoc/net/canarymod/plugin/lifecycle/package-use.html]
[ci.visualillusionsent.net/job/CanaryLib/javadoc/index1998.html]
[ci.visualillusionsent.net/job/CanaryLib/javadoc/net/canarymod/plugin/lifecycle/package-summary.html]
[ci.visualillusionsent.net/job/CanaryLib/javadoc/net/canarymod/serialize/package-use.html]
[ci.visualillusionsent.net/job/CanaryLib/javadoc/index405f.html]
[ci.visualillusionsent.net/job/CanaryLib/javadoc/net/canarymod/serialize/package-summary.html]
[ci.visualillusionsent.net/job/CanaryLib/javadoc/net/canarymod/tasks/package-use.html]
[ci.visualillusionsent.net/job/CanaryLib/javadoc/index40d5.html]
[ci.visualillusionsent.net/job/CanaryLib/javadoc/net/canarymod/tasks/package-summary.html]
[ci.visualillusionsent.net/job/CanaryLib/javadoc/net/canarymod/user/package-use.html]
[ci.visualillusionsent.net/job/CanaryLib/javadoc/index8d21.html]
[ci.visualillusionsent.net/job/CanaryLib/javadoc/net/canarymod/user/package-summary.html]
[ci.visualillusionsent.net/job/CanaryLib/javadoc/net/canarymod/util/package-use.html]
[ci.visualillusionsent.net/job/CanaryLib/javadoc/index274a.html]
[ci.visualillusionsent.net/job/CanaryLib/javadoc/net/canarymod/util/package-summary.html]
[ci.visualillusionsent.net/job/CanaryLib/javadoc/net/canarymod/warp/package-use.html]
[ci.visualillusionsent.net/job/CanaryLib/javadoc/index0b3a.html]
[ci.visualillusionsent.net/job/CanaryLib/javadoc/net/canarymod/warp/package-summary.html]
[ci.visualillusionsent.net/job/CanaryLib/javadoc/indexb4dd.html]
[ci.visualillusionsent.net/job/CanaryLib/javadoc/net/canarymod/api/statistics/class-use/Achievement.html]
[ci.visualillusionsent.net/job/CanaryLib/javadoc/index8e2e.html]
[ci.visualillusionsent.net/job/CanaryLib/javadoc/net/canarymod/api/statistics/package-tree.html]
[ci.visualillusionsent.net/job/CanaryLib/javadoc/index16d6.html]
[ci.visualillusionsent.net/job/CanaryLib/javadoc/indexb574.html]
[ci.visualillusionsent.net/job/CanaryLib/javadoc/net/canarymod/commandsys/commands/vanilla/class-use/Achievement.html]
[ci.visualillusionsent.net/job/CanaryLib/javadoc/indexbb34.html]
[ci.visualillusionsent.net/job/CanaryLib/javadoc/net/canarymod/commandsys/commands/vanilla/package-tree.html]
[ci.visualillusionsent.net/job/CanaryLib/javadoc/index52bd.html]
[ci.visualillusionsent.net/job/CanaryLib/javadoc/index7004.html]
[ci.visualillusionsent.net/job/CanaryLib/javadoc/net/canarymod/api/statistics/class-use/Achievements.html]
[ci.visualillusionsent.net/job/CanaryLib/javadoc/index45e9.html]
[ci.visualillusionsent.net/job/CanaryLib/javadoc/index99ac.html]
[ci.visualillusionsent.net/job/CanaryLib/javadoc/net/canarymod/api/entity/living/class-use/Ageable.html]
[ci.visualillusionsent.net/job/CanaryLib/javadoc/index81a8.html]
[ci.visualillusionsent.net/job/CanaryLib/javadoc/net/canarymod/api/entity/living/package-tree.html]
[ci.visualillusionsent.net/job/CanaryLib/javadoc/index7414.html]
[ci.visualillusionsent.net/job/CanaryLib/javadoc/indexe807.html]
[ci.visualillusionsent.net/job/CanaryLib/javadoc/net/canarymod/api/ai/class-use/AIArrowAttack.html]
[ci.visualillusionsent.net/job/CanaryLib/javadoc/index741d.html]
[ci.visualillusionsent.net/job/CanaryLib/javadoc/net/canarymod/api/ai/package-tree.html]
[ci.visualillusionsent.net/job/CanaryLib/javadoc/index3d03.html]
[ci.visualillusionsent.net/job/CanaryLib/javadoc/index1cf8.html]
[ci.visualillusionsent.net/job/CanaryLib/javadoc/net/canarymod/api/ai/class-use/AIAttackOnCollide.html]
[ci.visualillusionsent.net/job/CanaryLib/javadoc/index730f.html]
[ci.visualillusionsent.net/job/CanaryLib/javadoc/indexcb38.html]
[ci.visualillusionsent.net/job/CanaryLib/javadoc/net/canarymod/api/ai/class-use/AIAvoidEntity.html]
[ci.visualillusionsent.net/job/CanaryLib/javadoc/index7c1f.html]
[ci.visualillusionsent.net/job/CanaryLib/javadoc/index72ba.html]
[ci.visualillusionsent.net/job/CanaryLib/javadoc/net/canarymod/api/ai/class-use/AIBase.html]
[ci.visualillusionsent.net/job/CanaryLib/javadoc/indexea65.html]
[ci.visualillusionsent.net/job/CanaryLib/javadoc/index7af2.html]
[ci.visualillusionsent.net/job/CanaryLib/javadoc/net/canarymod/api/ai/class-use/AIBeg.html]
[ci.visualillusionsent.net/job/CanaryLib/javadoc/indexcb9d.html]
[ci.visualillusionsent.net/job/CanaryLib/javadoc/indexce28.html]
[ci.visualillusionsent.net/job/CanaryLib/javadoc/net/canarymod/api/ai/class-use/AIBreakDoor.html]
[ci.visualillusionsent.net/job/CanaryLib/javadoc/index45ab.html]
[ci.visualillusionsent.net/job/CanaryLib/javadoc/indexee7c.html]
[ci.visualillusionsent.net/job/CanaryLib/javadoc/net/canarymod/api/ai/class-use/AIControlledByPlayer.html]
[ci.visualillusionsent.net/job/CanaryLib/javadoc/index60cd.html]
[ci.visualillusionsent.net/job/CanaryLib/javadoc/index5e0f.html]
[ci.visualillusionsent.net/job/CanaryLib/javadoc/net/canarymod/api/ai/class-use/AICreeperSwell.html]
[ci.visualillusionsent.net/job/CanaryLib/javadoc/index6412.html]
[ci.visualillusionsent.net/job/CanaryLib/javadoc/indexfe9e.html]
[ci.visualillusionsent.net/job/CanaryLib/javadoc/net/canarymod/api/ai/class-use/AIDefendVillage.html]
[ci.visualillusionsent.net/job/CanaryLib/javadoc/index6963.html]
[ci.visualillusionsent.net/job/CanaryLib/javadoc/index70cf.html]
[ci.visualillusionsent.net/job/CanaryLib/javadoc/net/canarymod/api/ai/class-use/AIDoorInteract.html]
[ci.visualillusionsent.net/job/CanaryLib/javadoc/indexaafd.html]
[ci.visualillusionsent.net/job/CanaryLib/javadoc/indexde98.html]
[ci.visualillusionsent.net/job/CanaryLib/javadoc/net/canarymod/api/ai/class-use/AIEatGrass.html]
[ci.visualillusionsent.net/job/CanaryLib/javadoc/index27af.html]
[ci.visualillusionsent.net/job/CanaryLib/javadoc/indexcc28.html]
[ci.visualillusionsent.net/job/CanaryLib/javadoc/net/canarymod/api/factory/class-use/AIFactory.html]
[ci.visualillusionsent.net/job/CanaryLib/javadoc/index2192.html]
[ci.visualillusionsent.net/job/CanaryLib/javadoc/net/canarymod/api/factory/package-tree.html]
[ci.visualillusionsent.net/job/CanaryLib/javadoc/index7be7.html]
[ci.visualillusionsent.net/job/CanaryLib/javadoc/indexe4b4.html]
[ci.visualillusionsent.net/job/CanaryLib/javadoc/net/canarymod/api/ai/class-use/AIFindEntityNearest.html]
[ci.visualillusionsent.net/job/CanaryLib/javadoc/indexcf28.html]
[ci.visualillusionsent.net/job/CanaryLib/javadoc/index453e.html]
[ci.visualillusionsent.net/job/CanaryLib/javadoc/net/canarymod/api/ai/class-use/AIFindEntityNearestPlayer.html]
[ci.visualillusionsent.net/job/CanaryLib/javadoc/index4de0.html]
[ci.visualillusionsent.net/job/CanaryLib/javadoc/indexa32c.html]
[ci.visualillusionsent.net/job/CanaryLib/javadoc/net/canarymod/api/ai/class-use/AIFleeSun.html]
[ci.visualillusionsent.net/job/CanaryLib/javadoc/index013a.html]
[ci.visualillusionsent.net/job/CanaryLib/javadoc/indexe85e.html]
[ci.visualillusionsent.net/job/CanaryLib/javadoc/net/canarymod/api/ai/class-use/AIFollowGolem.html]
[ci.visualillusionsent.net/job/CanaryLib/javadoc/index4fd8.html]
[ci.visualillusionsent.net/job/CanaryLib/javadoc/indexa293.html]
[ci.visualillusionsent.net/job/CanaryLib/javadoc/net/canarymod/api/ai/class-use/AIFollowOwner.html]
[ci.visualillusionsent.net/job/CanaryLib/javadoc/indexbc00.html]
[ci.visualillusionsent.net/job/CanaryLib/javadoc/indexf149.html]
[ci.visualillusionsent.net/job/CanaryLib/javadoc/net/canarymod/api/ai/class-use/AIFollowParent.html]
[ci.visualillusionsent.net/job/CanaryLib/javadoc/index72ed.html]
[ci.visualillusionsent.net/job/CanaryLib/javadoc/index59c3.html]
[ci.visualillusionsent.net/job/CanaryLib/javadoc/net/canarymod/api/ai/class-use/AIHarvestFarmland.html]
[ci.visualillusionsent.net/job/CanaryLib/javadoc/index8221.html]
[ci.visualillusionsent.net/job/CanaryLib/javadoc/index71b9.html]
[ci.visualillusionsent.net/job/CanaryLib/javadoc/net/canarymod/api/ai/class-use/AIHurtByTarget.html]
[ci.visualillusionsent.net/job/CanaryLib/javadoc/index8109.html]
[ci.visualillusionsent.net/job/CanaryLib/javadoc/indexfd2a.html]
[ci.visualillusionsent.net/job/CanaryLib/javadoc/net/canarymod/api/ai/class-use/AILeapAtTarget.html]
[ci.visualillusionsent.net/job/CanaryLib/javadoc/index2563.html]
[ci.visualillusionsent.net/job/CanaryLib/javadoc/indexf99f.html]
[ci.visualillusionsent.net/job/CanaryLib/javadoc/net/canarymod/api/ai/class-use/AILookAtTradePlayer.html]
[ci.visualillusionsent.net/job/CanaryLib/javadoc/indexc82b.html]
[ci.visualillusionsent.net/job/CanaryLib/javadoc/indexef8e.html]
[ci.visualillusionsent.net/job/CanaryLib/javadoc/net/canarymod/api/ai/class-use/AILookAtVillager.html]
[ci.visualillusionsent.net/job/CanaryLib/javadoc/indexa1a6.html]
[ci.visualillusionsent.net/job/CanaryLib/javadoc/index5e42.html]
[ci.visualillusionsent.net/job/CanaryLib/javadoc/net/canarymod/api/ai/class-use/AILookIdle.html]
[ci.visualillusionsent.net/job/CanaryLib/javadoc/index8ce2.html]
[ci.visualillusionsent.net/job/CanaryLib/javadoc/index601d.html]
[ci.visualillusionsent.net/job/CanaryLib/javadoc/net/canarymod/api/ai/class-use/AIManager.html]
[ci.visualillusionsent.net/job/CanaryLib/javadoc/index7ccd.html]
[ci.visualillusionsent.net/job/CanaryLib/javadoc/indexecab.html]
[ci.visualillusionsent.net/job/CanaryLib/javadoc/net/canarymod/api/ai/class-use/AIMate.html]
[ci.visualillusionsent.net/job/CanaryLib/javadoc/index7025.html]
[ci.visualillusionsent.net/job/CanaryLib/javadoc/index7db4.html]
[ci.visualillusionsent.net/job/CanaryLib/javadoc/net/canarymod/api/ai/class-use/AIMoveIndoors.html]
[ci.visualillusionsent.net/job/CanaryLib/javadoc/indexfdf7.html]
[ci.visualillusionsent.net/job/CanaryLib/javadoc/index4cfb.html]
[ci.visualillusionsent.net/job/CanaryLib/javadoc/net/canarymod/api/ai/class-use/AIMoveThroughVillage.html]
[ci.visualillusionsent.net/job/CanaryLib/javadoc/indexd378.html]
[ci.visualillusionsent.net/job/CanaryLib/javadoc/indexb1b1.html]
[ci.visualillusionsent.net/job/CanaryLib/javadoc/net/canarymod/api/ai/class-use/AIMoveToBlock.html]
[ci.visualillusionsent.net/job/CanaryLib/javadoc/indexfac0.html]
[ci.visualillusionsent.net/job/CanaryLib/javadoc/index102f.html]
[ci.visualillusionsent.net/job/CanaryLib/javadoc/net/canarymod/api/ai/class-use/AIMoveTowardsRestriction.html]
[ci.visualillusionsent.net/job/CanaryLib/javadoc/index4c7c.html]
[ci.visualillusionsent.net/job/CanaryLib/javadoc/index3207.html]
[ci.visualillusionsent.net/job/CanaryLib/javadoc/net/canarymod/api/ai/class-use/AIMoveTowardsTarget.html]
[ci.visualillusionsent.net/job/CanaryLib/javadoc/index099f.html]
[ci.visualillusionsent.net/job/CanaryLib/javadoc/index9931.html]
[ci.visualillusionsent.net/job/CanaryLib/javadoc/net/canarymod/api/ai/class-use/AINearestAttackableTarget.html]
[ci.visualillusionsent.net/job/CanaryLib/javadoc/index6a2a.html]
[ci.visualillusionsent.net/job/CanaryLib/javadoc/index9623.html]
[ci.visualillusionsent.net/job/CanaryLib/javadoc/net/canarymod/api/ai/class-use/AIOcelotAttack.html]
[ci.visualillusionsent.net/job/CanaryLib/javadoc/index64ce.html]
[ci.visualillusionsent.net/job/CanaryLib/javadoc/index74a4.html]
[ci.visualillusionsent.net/job/CanaryLib/javadoc/net/canarymod/api/ai/class-use/AIOcelotSit.html]
[ci.visualillusionsent.net/job/CanaryLib/javadoc/index3215.html]
[ci.visualillusionsent.net/job/CanaryLib/javadoc/index919c.html]
[ci.visualillusionsent.net/job/CanaryLib/javadoc/net/canarymod/api/ai/class-use/AIOpenDoor.html]
[ci.visualillusionsent.net/job/CanaryLib/javadoc/index0dc9.html]
[ci.visualillusionsent.net/job/CanaryLib/javadoc/index5043.html]
[ci.visualillusionsent.net/job/CanaryLib/javadoc/net/canarymod/api/ai/class-use/AIOwnerHurtByTarget.html]
[ci.visualillusionsent.net/job/CanaryLib/javadoc/indexd64e.html]
[ci.visualillusionsent.net/job/CanaryLib/javadoc/index0287.html]
[ci.visualillusionsent.net/job/CanaryLib/javadoc/net/canarymod/api/ai/class-use/AIOwnerHurtTarget.html]
[ci.visualillusionsent.net/job/CanaryLib/javadoc/index5dc1.html]
[ci.visualillusionsent.net/job/CanaryLib/javadoc/indexa545.html]
[ci.visualillusionsent.net/job/CanaryLib/javadoc/net/canarymod/api/ai/class-use/AIPanic.html]
[ci.visualillusionsent.net/job/CanaryLib/javadoc/index809d.html]
[ci.visualillusionsent.net/job/CanaryLib/javadoc/indexdcc1.html]
[ci.visualillusionsent.net/job/CanaryLib/javadoc/net/canarymod/api/ai/class-use/AIPlay.html]
[ci.visualillusionsent.net/job/CanaryLib/javadoc/indexe032.html]
[ci.visualillusionsent.net/job/CanaryLib/javadoc/indexadab.html]
[ci.visualillusionsent.net/job/CanaryLib/javadoc/net/canarymod/api/ai/class-use/AIRestrictOpenDoor.html]
[ci.visualillusionsent.net/job/CanaryLib/javadoc/index20fa.html]
[ci.visualillusionsent.net/job/CanaryLib/javadoc/indexc925.html]
[ci.visualillusionsent.net/job/CanaryLib/javadoc/net/canarymod/api/ai/class-use/AIRestrictSun.html]
[ci.visualillusionsent.net/job/CanaryLib/javadoc/index5d24.html]
[ci.visualillusionsent.net/job/CanaryLib/javadoc/index6d7b.html]
[ci.visualillusionsent.net/job/CanaryLib/javadoc/net/canarymod/api/ai/class-use/AIRunAroundLikeCrazy.html]
[ci.visualillusionsent.net/job/CanaryLib/javadoc/index3402.html]
[ci.visualillusionsent.net/job/CanaryLib/javadoc/indexbb16.html]
[ci.visualillusionsent.net/job/CanaryLib/javadoc/net/canarymod/api/ai/class-use/AISit.html]
[ci.visualillusionsent.net/job/CanaryLib/javadoc/indexe4e1.html]
[ci.visualillusionsent.net/job/CanaryLib/javadoc/index0578.html]
[ci.visualillusionsent.net/job/CanaryLib/javadoc/net/canarymod/api/ai/class-use/AISwimming.html]
[ci.visualillusionsent.net/job/CanaryLib/javadoc/index3ab2.html]
[ci.visualillusionsent.net/job/CanaryLib/javadoc/index59e5.html]
[ci.visualillusionsent.net/job/CanaryLib/javadoc/net/canarymod/api/ai/class-use/AITarget.html]
[ci.visualillusionsent.net/job/CanaryLib/javadoc/index912b.html]
[ci.visualillusionsent.net/job/CanaryLib/javadoc/index53c5.html]
[ci.visualillusionsent.net/job/CanaryLib/javadoc/net/canarymod/api/ai/class-use/AITargetNonTamed.html]
[ci.visualillusionsent.net/job/CanaryLib/javadoc/indexcd17.html]
[ci.visualillusionsent.net/job/CanaryLib/javadoc/indexa4f6.html]
[ci.visualillusionsent.net/job/CanaryLib/javadoc/net/canarymod/api/ai/class-use/AITempt.html]
[ci.visualillusionsent.net/job/CanaryLib/javadoc/index031e.html]
[ci.visualillusionsent.net/job/CanaryLib/javadoc/index83d5.html]
[ci.visualillusionsent.net/job/CanaryLib/javadoc/net/canarymod/api/ai/class-use/AITradePlayer.html]
[ci.visualillusionsent.net/job/CanaryLib/javadoc/indexce7c.html]
[ci.visualillusionsent.net/job/CanaryLib/javadoc/index0a0c.html]
[ci.visualillusionsent.net/job/CanaryLib/javadoc/net/canarymod/api/ai/class-use/AIVillagerInteract.html]
[ci.visualillusionsent.net/job/CanaryLib/javadoc/indexf905.html]
[ci.visualillusionsent.net/job/CanaryLib/javadoc/index0667.html]
[ci.visualillusionsent.net/job/CanaryLib/javadoc/net/canarymod/api/ai/class-use/AIVillagerMate.html]
[ci.visualillusionsent.net/job/CanaryLib/javadoc/index07ad.html]
[ci.visualillusionsent.net/job/CanaryLib/javadoc/index59f9.html]
[ci.visualillusionsent.net/job/CanaryLib/javadoc/net/canarymod/api/ai/class-use/AIWander.html]
[ci.visualillusionsent.net/job/CanaryLib/javadoc/index4b3c.html]
[ci.visualillusionsent.net/job/CanaryLib/javadoc/indexec5c.html]
[ci.visualillusionsent.net/job/CanaryLib/javadoc/net/canarymod/api/ai/class-use/AIWatchClosest.html]
[ci.visualillusionsent.net/job/CanaryLib/javadoc/indexef4a.html]
[ci.visualillusionsent.net/job/CanaryLib/javadoc/index7016.html]
[ci.visualillusionsent.net/job/CanaryLib/javadoc/net/canarymod/api/ai/class-use/AIWatchClosest2.html]
[ci.visualillusionsent.net/job/CanaryLib/javadoc/index6791.html]
[ci.visualillusionsent.net/job/CanaryLib/javadoc/indexe532.html]
[ci.visualillusionsent.net/job/CanaryLib/javadoc/net/canarymod/api/entity/living/class-use/AmbientCreature.html]
[ci.visualillusionsent.net/job/CanaryLib/javadoc/index78d7.html]
[ci.visualillusionsent.net/job/CanaryLib/javadoc/index7884.html]
[ci.visualillusionsent.net/job/CanaryLib/javadoc/net/canarymod/api/inventory/class-use/AnimalInventory.html]
[ci.visualillusionsent.net/job/CanaryLib/javadoc/index588f.html]
[ci.visualillusionsent.net/job/CanaryLib/javadoc/net/canarymod/api/inventory/package-tree.html]
[ci.visualillusionsent.net/job/CanaryLib/javadoc/indexdcc2.html]
[ci.visualillusionsent.net/job/CanaryLib/javadoc/indexb0c8.html]
[ci.visualillusionsent.net/job/CanaryLib/javadoc/net/canarymod/api/entity/vehicle/class-use/AnimalVehicle.html]
[ci.visualillusionsent.net/job/CanaryLib/javadoc/indexed8f.html]
[ci.visualillusionsent.net/job/CanaryLib/javadoc/net/canarymod/api/entity/vehicle/package-tree.html]
[ci.visualillusionsent.net/job/CanaryLib/javadoc/index9878.html]
[ci.visualillusionsent.net/job/CanaryLib/javadoc/index7ba8.html]
[ci.visualillusionsent.net/job/CanaryLib/javadoc/net/canarymod/api/world/blocks/class-use/Anvil.html]
[ci.visualillusionsent.net/job/CanaryLib/javadoc/index05e7.html]
[ci.visualillusionsent.net/job/CanaryLib/javadoc/net/canarymod/api/world/blocks/package-tree.html]
[ci.visualillusionsent.net/job/CanaryLib/javadoc/index17ad.html]
[ci.visualillusionsent.net/job/CanaryLib/javadoc/index49c3.html]
[ci.visualillusionsent.net/job/CanaryLib/javadoc/net/canarymod/api/world/blocks/properties/helpers/class-use/AnvilProperties.html]
[ci.visualillusionsent.net/job/CanaryLib/javadoc/index846a.html]
[ci.visualillusionsent.net/job/CanaryLib/javadoc/net/canarymod/api/world/blocks/properties/helpers/package-tree.html]
[ci.visualillusionsent.net/job/CanaryLib/javadoc/index0f24.html]
[ci.visualillusionsent.net/job/CanaryLib/javadoc/index35bc.html]
[ci.visualillusionsent.net/job/CanaryLib/javadoc/net/canarymod/hook/player/class-use/AnvilUseHook.html]
[ci.visualillusionsent.net/job/CanaryLib/javadoc/index06eb.html]
[ci.visualillusionsent.net/job/CanaryLib/javadoc/net/canarymod/hook/player/package-tree.html]
[ci.visualillusionsent.net/job/CanaryLib/javadoc/indexde75.html]
[ci.visualillusionsent.net/job/CanaryLib/javadoc/indexaa01-2.html]
[ci.visualillusionsent.net/job/CanaryLib/javadoc/net/canarymod/hook/player/class-use/ArmorBrokenHook.html]
[ci.visualillusionsent.net/job/CanaryLib/javadoc/index30d2.html]
[ci.visualillusionsent.net/job/CanaryLib/javadoc/index6e8f.html]
[ci.visualillusionsent.net/job/CanaryLib/javadoc/net/canarymod/api/entity/class-use/ArmorStand.html]
[ci.visualillusionsent.net/job/CanaryLib/javadoc/indexb975.html]
[ci.visualillusionsent.net/job/CanaryLib/javadoc/net/canarymod/api/entity/package-tree.html]
[ci.visualillusionsent.net/job/CanaryLib/javadoc/indexbc38.html]
[ci.visualillusionsent.net/job/CanaryLib/javadoc/index6f1a.html]
[ci.visualillusionsent.net/job/CanaryLib/javadoc/net/canarymod/api/entity/class-use/ArmorStand.Disability.html]
[ci.visualillusionsent.net/job/CanaryLib/javadoc/index9678.html]
[ci.visualillusionsent.net/job/CanaryLib/javadoc/index978f.html]
[ci.visualillusionsent.net/job/CanaryLib/javadoc/net/canarymod/api/entity/class-use/ArmorStand.RotatablePart.html]
[ci.visualillusionsent.net/job/CanaryLib/javadoc/indexa698.html]
[ci.visualillusionsent.net/job/CanaryLib/javadoc/index2977.html]
[ci.visualillusionsent.net/job/CanaryLib/javadoc/net/canarymod/api/entity/class-use/ArmorStand.Slot.html]
[ci.visualillusionsent.net/job/CanaryLib/javadoc/indexfbf5.html]
[ci.visualillusionsent.net/job/CanaryLib/javadoc/index1ea2.html]
[ci.visualillusionsent.net/job/CanaryLib/javadoc/net/canarymod/hook/player/class-use/ArmorStandModifyHook.html]
[ci.visualillusionsent.net/job/CanaryLib/javadoc/index085a.html]
[ci.visualillusionsent.net/job/CanaryLib/javadoc/index6bd4.html]
[ci.visualillusionsent.net/job/CanaryLib/javadoc/net/canarymod/api/entity/class-use/Arrow.html]
[ci.visualillusionsent.net/job/CanaryLib/javadoc/index6f9f.html]
[ci.visualillusionsent.net/job/CanaryLib/javadoc/indexfbfc.html]
[ci.visualillusionsent.net/job/CanaryLib/javadoc/net/canarymod/api/entity/living/humanoid/npc/ai/class-use/Attacked.html]
[ci.visualillusionsent.net/job/CanaryLib/javadoc/index7384.html]
[ci.visualillusionsent.net/job/CanaryLib/javadoc/net/canarymod/api/entity/living/humanoid/npc/ai/package-tree.html]
[ci.visualillusionsent.net/job/CanaryLib/javadoc/index5831.html]
[ci.visualillusionsent.net/job/CanaryLib/javadoc/index2dab.html]
[ci.visualillusionsent.net/job/CanaryLib/javadoc/net/canarymod/api/attributes/class-use/Attribute.html]
[ci.visualillusionsent.net/job/CanaryLib/javadoc/indexf8d6.html]
[ci.visualillusionsent.net/job/CanaryLib/javadoc/net/canarymod/api/attributes/package-tree.html]
[ci.visualillusionsent.net/job/CanaryLib/javadoc/index2321.html]
[ci.visualillusionsent.net/job/CanaryLib/javadoc/index2670.html]
[ci.visualillusionsent.net/job/CanaryLib/javadoc/net/canarymod/api/factory/class-use/AttributeFactory.html]
[ci.visualillusionsent.net/job/CanaryLib/javadoc/indexe0e2.html]
[ci.visualillusionsent.net/job/CanaryLib/javadoc/index8bee.html]
[ci.visualillusionsent.net/job/CanaryLib/javadoc/net/canarymod/api/attributes/class-use/AttributeMap.html]
[ci.visualillusionsent.net/job/CanaryLib/javadoc/indexa154.html]
[ci.visualillusionsent.net/job/CanaryLib/javadoc/indexe13c.html]
[ci.visualillusionsent.net/job/CanaryLib/javadoc/net/canarymod/api/attributes/class-use/AttributeModifier.html]
[ci.visualillusionsent.net/job/CanaryLib/javadoc/index1081.html]
[ci.visualillusionsent.net/job/CanaryLib/javadoc/indexdb6d.html]
[ci.visualillusionsent.net/job/CanaryLib/javadoc/net/canarymod/api/world/effects/class-use/AuxiliarySoundEffect.html]
[ci.visualillusionsent.net/job/CanaryLib/javadoc/indexdd5c.html]
[ci.visualillusionsent.net/job/CanaryLib/javadoc/net/canarymod/api/world/effects/package-tree.html]
[ci.visualillusionsent.net/job/CanaryLib/javadoc/indexeadf.html]
[ci.visualillusionsent.net/job/CanaryLib/javadoc/indexe433.html]
[ci.visualillusionsent.net/job/CanaryLib/javadoc/net/canarymod/api/world/effects/class-use/AuxiliarySoundEffect.Type.html]
[ci.visualillusionsent.net/job/CanaryLib/javadoc/index5a8d.html]
[ci.visualillusionsent.net/job/CanaryLib/javadoc/index1fca.html]
[ci.visualillusionsent.net/job/CanaryLib/javadoc/net/canarymod/backbone/class-use/Backbone.html]
[ci.visualillusionsent.net/job/CanaryLib/javadoc/index5ecc.html]
[ci.visualillusionsent.net/job/CanaryLib/javadoc/net/canarymod/backbone/package-tree.html]
[ci.visualillusionsent.net/job/CanaryLib/javadoc/index2f5e.html]
[ci.visualillusionsent.net/job/CanaryLib/javadoc/indexce81.html]
[ci.visualillusionsent.net/job/CanaryLib/javadoc/net/canarymod/backbone/class-use/Backbone.System.html]
[ci.visualillusionsent.net/job/CanaryLib/javadoc/index7ead.html]
[ci.visualillusionsent.net/job/CanaryLib/javadoc/index097b.html]
[ci.visualillusionsent.net/job/CanaryLib/javadoc/net/canarymod/backbone/class-use/BackboneBans.html]
[ci.visualillusionsent.net/job/CanaryLib/javadoc/indexa2aa.html]
[ci.visualillusionsent.net/job/CanaryLib/javadoc/index460b.html]
[ci.visualillusionsent.net/job/CanaryLib/javadoc/net/canarymod/backbone/class-use/BackboneGroups.html]
[ci.visualillusionsent.net/job/CanaryLib/javadoc/index182d.html]
[ci.visualillusionsent.net/job/CanaryLib/javadoc/indexd06a.html]
[ci.visualillusionsent.net/job/CanaryLib/javadoc/net/canarymod/backbone/class-use/BackboneKits.html]
[ci.visualillusionsent.net/job/CanaryLib/javadoc/index63b9.html]
[ci.visualillusionsent.net/job/CanaryLib/javadoc/index7812.html]
[ci.visualillusionsent.net/job/CanaryLib/javadoc/net/canarymod/backbone/class-use/BackboneOperators.html]
[ci.visualillusionsent.net/job/CanaryLib/javadoc/indexe912.html]
[ci.visualillusionsent.net/job/CanaryLib/javadoc/index5154.html]
[ci.visualillusionsent.net/job/CanaryLib/javadoc/net/canarymod/backbone/class-use/BackbonePermissions.html]
[ci.visualillusionsent.net/job/CanaryLib/javadoc/index781c.html]
[ci.visualillusionsent.net/job/CanaryLib/javadoc/indexa1a0.html]
[ci.visualillusionsent.net/job/CanaryLib/javadoc/net/canarymod/backbone/class-use/BackboneReservelist.html]
[ci.visualillusionsent.net/job/CanaryLib/javadoc/index051d.html]
[ci.visualillusionsent.net/job/CanaryLib/javadoc/index3816.html]
[ci.visualillusionsent.net/job/CanaryLib/javadoc/net/canarymod/backbone/class-use/BackboneUsers.html]
[ci.visualillusionsent.net/job/CanaryLib/javadoc/index2f22.html]
[ci.visualillusionsent.net/job/CanaryLib/javadoc/indexef5a.html]
[ci.visualillusionsent.net/job/CanaryLib/javadoc/net/canarymod/backbone/class-use/BackboneWarps.html]
[ci.visualillusionsent.net/job/CanaryLib/javadoc/index6ca0.html]
[ci.visualillusionsent.net/job/CanaryLib/javadoc/indexb595.html]
[ci.visualillusionsent.net/job/CanaryLib/javadoc/net/canarymod/backbone/class-use/BackboneWhitelist.html]
[ci.visualillusionsent.net/job/CanaryLib/javadoc/index42af.html]
[ci.visualillusionsent.net/job/CanaryLib/javadoc/indexf725.html]
[ci.visualillusionsent.net/job/CanaryLib/javadoc/net/canarymod/bansystem/class-use/Ban.html]
[ci.visualillusionsent.net/job/CanaryLib/javadoc/index6068.html]
[ci.visualillusionsent.net/job/CanaryLib/javadoc/net/canarymod/bansystem/package-tree.html]
[ci.visualillusionsent.net/job/CanaryLib/javadoc/index8221-2.html]
[ci.visualillusionsent.net/job/CanaryLib/javadoc/index6640.html]
[ci.visualillusionsent.net/job/CanaryLib/javadoc/net/canarymod/commandsys/commands/system/bans/class-use/BanCommand.html]
[ci.visualillusionsent.net/job/CanaryLib/javadoc/indexe6e3.html]
[ci.visualillusionsent.net/job/CanaryLib/javadoc/net/canarymod/commandsys/commands/system/bans/package-tree.html]
[ci.visualillusionsent.net/job/CanaryLib/javadoc/index2d4f.html]
[ci.visualillusionsent.net/job/CanaryLib/javadoc/index8246.html]
[ci.visualillusionsent.net/job/CanaryLib/javadoc/net/canarymod/backbone/class-use/BanDataAccess.html]
[ci.visualillusionsent.net/job/CanaryLib/javadoc/index797d.html]
[ci.visualillusionsent.net/job/CanaryLib/javadoc/index1eda.html]
[ci.visualillusionsent.net/job/CanaryLib/javadoc/net/canarymod/hook/player/class-use/BanHook.html]
[ci.visualillusionsent.net/job/CanaryLib/javadoc/index91c6.html]
[ci.visualillusionsent.net/job/CanaryLib/javadoc/indexa214.html]
[ci.visualillusionsent.net/job/CanaryLib/javadoc/net/canarymod/bansystem/class-use/BanManager.html]
[ci.visualillusionsent.net/job/CanaryLib/javadoc/index0d7f.html]
[ci.visualillusionsent.net/job/CanaryLib/javadoc/indexe38d.html]
[ci.visualillusionsent.net/job/CanaryLib/javadoc/net/canarymod/api/world/blocks/class-use/Banner.html]
[ci.visualillusionsent.net/job/CanaryLib/javadoc/indexfc44.html]
[ci.visualillusionsent.net/job/CanaryLib/javadoc/indexa1e9.html]
[ci.visualillusionsent.net/job/CanaryLib/javadoc/net/canarymod/api/inventory/helper/class-use/BannerPattern.html]
[ci.visualillusionsent.net/job/CanaryLib/javadoc/indexbdd8.html]
[ci.visualillusionsent.net/job/CanaryLib/javadoc/net/canarymod/api/inventory/helper/package-tree.html]
[ci.visualillusionsent.net/job/CanaryLib/javadoc/index534c.html]
[ci.visualillusionsent.net/job/CanaryLib/javadoc/index9fb0.html]
[ci.visualillusionsent.net/job/CanaryLib/javadoc/net/canarymod/api/inventory/helper/class-use/BannerPatterns.html]
[ci.visualillusionsent.net/job/CanaryLib/javadoc/indexb310.html]
[ci.visualillusionsent.net/job/CanaryLib/javadoc/indexfaa3.html]
[ci.visualillusionsent.net/job/CanaryLib/javadoc/net/canarymod/api/world/blocks/properties/helpers/class-use/BannerProperties.html]
[ci.visualillusionsent.net/job/CanaryLib/javadoc/indexe3b1.html]
[ci.visualillusionsent.net/job/CanaryLib/javadoc/indexdcc7.html]
[ci.visualillusionsent.net/job/CanaryLib/javadoc/net/canarymod/bansystem/class-use/BanType.html]
[ci.visualillusionsent.net/job/CanaryLib/javadoc/index342c.html]
[ci.visualillusionsent.net/job/CanaryLib/javadoc/index07f7.html]
[ci.visualillusionsent.net/job/CanaryLib/javadoc/net/canarymod/api/inventory/class-use/BaseItem.html]
[ci.visualillusionsent.net/job/CanaryLib/javadoc/index4ce2.html]
[ci.visualillusionsent.net/job/CanaryLib/javadoc/index456f.html]
[ci.visualillusionsent.net/job/CanaryLib/javadoc/net/canarymod/api/nbt/class-use/BaseTag.html]
[ci.visualillusionsent.net/job/CanaryLib/javadoc/index3ce8.html]
[ci.visualillusionsent.net/job/CanaryLib/javadoc/net/canarymod/api/nbt/package-tree.html]
[ci.visualillusionsent.net/job/CanaryLib/javadoc/index56de.html]
[ci.visualillusionsent.net/job/CanaryLib/javadoc/index913b.html]
[ci.visualillusionsent.net/job/CanaryLib/javadoc/net/canarymod/api/entity/living/animal/class-use/Bat.html]
[ci.visualillusionsent.net/job/CanaryLib/javadoc/index45f5.html]
[ci.visualillusionsent.net/job/CanaryLib/javadoc/net/canarymod/api/entity/living/animal/package-tree.html]
[ci.visualillusionsent.net/job/CanaryLib/javadoc/index9911.html]
[ci.visualillusionsent.net/job/CanaryLib/javadoc/index1755.html]
[ci.visualillusionsent.net/job/CanaryLib/javadoc/net/canarymod/api/world/blocks/class-use/Beacon.html]
[ci.visualillusionsent.net/job/CanaryLib/javadoc/index9026.html]
[ci.visualillusionsent.net/job/CanaryLib/javadoc/indexd6e1.html]
[ci.visualillusionsent.net/job/CanaryLib/javadoc/net/canarymod/hook/player/class-use/BedEnterHook.html]
[ci.visualillusionsent.net/job/CanaryLib/javadoc/indexc485.html]
[ci.visualillusionsent.net/job/CanaryLib/javadoc/index7a14.html]
[ci.visualillusionsent.net/job/CanaryLib/javadoc/net/canarymod/hook/player/class-use/BedExitHook.html]
[ci.visualillusionsent.net/job/CanaryLib/javadoc/indexd1bb.html]
[ci.visualillusionsent.net/job/CanaryLib/javadoc/index1979.html]
[ci.visualillusionsent.net/job/CanaryLib/javadoc/net/canarymod/api/world/blocks/properties/helpers/class-use/BedProperties.html]
[ci.visualillusionsent.net/job/CanaryLib/javadoc/index27ff.html]
[ci.visualillusionsent.net/job/CanaryLib/javadoc/index431d.html]
[ci.visualillusionsent.net/job/CanaryLib/javadoc/net/canarymod/api/world/blocks/properties/helpers/class-use/BedProperties.Half.html]
[ci.visualillusionsent.net/job/CanaryLib/javadoc/index96a7.html]
[ci.visualillusionsent.net/job/CanaryLib/javadoc/index9a8e.html]
[ci.visualillusionsent.net/job/CanaryLib/javadoc/net/canarymod/api/world/class-use/Biome.html]
[ci.visualillusionsent.net/job/CanaryLib/javadoc/index4464.html]
[ci.visualillusionsent.net/job/CanaryLib/javadoc/net/canarymod/api/world/package-tree.html]
[ci.visualillusionsent.net/job/CanaryLib/javadoc/index80f8.html]
[ci.visualillusionsent.net/job/CanaryLib/javadoc/indexff93.html]
[ci.visualillusionsent.net/job/CanaryLib/javadoc/net/canarymod/api/world/class-use/BiomeType.html]
[ci.visualillusionsent.net/job/CanaryLib/javadoc/index9f8b.html]
[ci.visualillusionsent.net/job/CanaryLib/javadoc/index03ad.html]
[ci.visualillusionsent.net/job/CanaryLib/javadoc/net/canarymod/api/entity/living/monster/class-use/Blaze.html]
[ci.visualillusionsent.net/job/CanaryLib/javadoc/index44dd.html]
[ci.visualillusionsent.net/job/CanaryLib/javadoc/net/canarymod/api/entity/living/monster/package-tree.html]
[ci.visualillusionsent.net/job/CanaryLib/javadoc/index0b62.html]
[ci.visualillusionsent.net/job/CanaryLib/javadoc/indexcb49.html]
[ci.visualillusionsent.net/job/CanaryLib/javadoc/net/canarymod/api/world/blocks/class-use/Block.html]
[ci.visualillusionsent.net/job/CanaryLib/javadoc/indexe427.html]
[ci.visualillusionsent.net/job/CanaryLib/javadoc/index0f7a.html]
[ci.visualillusionsent.net/job/CanaryLib/javadoc/net/canarymod/api/world/blocks/class-use/BlockBase.html]
[ci.visualillusionsent.net/job/CanaryLib/javadoc/index7c0e.html]
[ci.visualillusionsent.net/job/CanaryLib/javadoc/index4cb8.html]
[ci.visualillusionsent.net/job/CanaryLib/javadoc/net/canarymod/api/world/blocks/properties/class-use/BlockBooleanProperty.html]
[ci.visualillusionsent.net/job/CanaryLib/javadoc/indexa9ca.html]
[ci.visualillusionsent.net/job/CanaryLib/javadoc/net/canarymod/api/world/blocks/properties/package-tree.html]
[ci.visualillusionsent.net/job/CanaryLib/javadoc/index3a34.html]
[ci.visualillusionsent.net/job/CanaryLib/javadoc/index6c1f.html]
[ci.visualillusionsent.net/job/CanaryLib/javadoc/net/canarymod/api/packet/class-use/BlockChangePacket.html]
[ci.visualillusionsent.net/job/CanaryLib/javadoc/indexf7c0.html]
[ci.visualillusionsent.net/job/CanaryLib/javadoc/net/canarymod/api/packet/package-tree.html]
[ci.visualillusionsent.net/job/CanaryLib/javadoc/index321b.html]
[ci.visualillusionsent.net/job/CanaryLib/javadoc/indexe1ab.html]
[ci.visualillusionsent.net/job/CanaryLib/javadoc/net/canarymod/commandsys/commands/vanilla/class-use/BlockData.html]
[ci.visualillusionsent.net/job/CanaryLib/javadoc/index3645.html]
[ci.visualillusionsent.net/job/CanaryLib/javadoc/indexbb67.html]
[ci.visualillusionsent.net/job/CanaryLib/javadoc/net/canarymod/hook/player/class-use/BlockDestroyHook.html]
[ci.visualillusionsent.net/job/CanaryLib/javadoc/index561e.html]
[ci.visualillusionsent.net/job/CanaryLib/javadoc/index0c1c.html]
[ci.visualillusionsent.net/job/CanaryLib/javadoc/net/canarymod/api/world/blocks/properties/class-use/BlockDirectionProperty.html]
[ci.visualillusionsent.net/job/CanaryLib/javadoc/indexf2d0.html]
[ci.visualillusionsent.net/job/CanaryLib/javadoc/index9313.html]
[ci.visualillusionsent.net/job/CanaryLib/javadoc/net/canarymod/hook/world/class-use/BlockDropXpHook.html]
[ci.visualillusionsent.net/job/CanaryLib/javadoc/index7cf0.html]
[ci.visualillusionsent.net/job/CanaryLib/javadoc/net/canarymod/hook/world/package-tree.html]
[ci.visualillusionsent.net/job/CanaryLib/javadoc/indexb3c3.html]
[ci.visualillusionsent.net/job/CanaryLib/javadoc/index93d0.html]
[ci.visualillusionsent.net/job/CanaryLib/javadoc/net/canarymod/api/world/blocks/properties/class-use/BlockEnumProperty.html]
[ci.visualillusionsent.net/job/CanaryLib/javadoc/indexbb6b.html]
[ci.visualillusionsent.net/job/CanaryLib/javadoc/index4a25.html]
[ci.visualillusionsent.net/job/CanaryLib/javadoc/net/canarymod/api/world/blocks/class-use/BlockFace.html]
[ci.visualillusionsent.net/job/CanaryLib/javadoc/indexfb19.html]
[ci.visualillusionsent.net/job/CanaryLib/javadoc/indexda08.html]
[ci.visualillusionsent.net/job/CanaryLib/javadoc/net/canarymod/api/world/blocks/class-use/BlockFace.Axis.html]
[ci.visualillusionsent.net/job/CanaryLib/javadoc/indexe508.html]
[ci.visualillusionsent.net/job/CanaryLib/javadoc/index21a2.html]
[ci.visualillusionsent.net/job/CanaryLib/javadoc/net/canarymod/api/world/blocks/class-use/BlockFace.AxisDirection.html]
[ci.visualillusionsent.net/job/CanaryLib/javadoc/index905c.html]
[ci.visualillusionsent.net/job/CanaryLib/javadoc/indexeead.html]
[ci.visualillusionsent.net/job/CanaryLib/javadoc/net/canarymod/api/world/blocks/class-use/BlockFace.Plane.html]
[ci.visualillusionsent.net/job/CanaryLib/javadoc/index6b91.html]
[ci.visualillusionsent.net/job/CanaryLib/javadoc/indexd02b.html]
[ci.visualillusionsent.net/job/CanaryLib/javadoc/net/canarymod/hook/world/class-use/BlockGrowHook.html]
[ci.visualillusionsent.net/job/CanaryLib/javadoc/indexfae9.html]
[ci.visualillusionsent.net/job/CanaryLib/javadoc/index6670.html]
[ci.visualillusionsent.net/job/CanaryLib/javadoc/net/canarymod/api/world/blocks/properties/class-use/BlockIntegerProperty.html]
[ci.visualillusionsent.net/job/CanaryLib/javadoc/index98dd.html]
[ci.visualillusionsent.net/job/CanaryLib/javadoc/indexeba4.html]
[ci.visualillusionsent.net/job/CanaryLib/javadoc/net/canarymod/class-use/BlockIterator.html]
[ci.visualillusionsent.net/job/CanaryLib/javadoc/index0d28.html]
[ci.visualillusionsent.net/job/CanaryLib/javadoc/net/canarymod/package-tree.html]
[ci.visualillusionsent.net/job/CanaryLib/javadoc/indexaa7e.html]
[ci.visualillusionsent.net/job/CanaryLib/javadoc/index1cbe.html]
[ci.visualillusionsent.net/job/CanaryLib/javadoc/net/canarymod/hook/player/class-use/BlockLeftClickHook.html]
[ci.visualillusionsent.net/job/CanaryLib/javadoc/index70fa.html]
[ci.visualillusionsent.net/job/CanaryLib/javadoc/index1619.html]
[ci.visualillusionsent.net/job/CanaryLib/javadoc/net/canarymod/api/world/blocks/class-use/BlockMaterial.html]
[ci.visualillusionsent.net/job/CanaryLib/javadoc/index19d2.html]
[ci.visualillusionsent.net/job/CanaryLib/javadoc/indexf3cf-2.html]
[ci.visualillusionsent.net/job/CanaryLib/javadoc/net/canarymod/hook/world/class-use/BlockPhysicsHook.html]
[ci.visualillusionsent.net/job/CanaryLib/javadoc/indexd5c8.html]
[ci.visualillusionsent.net/job/CanaryLib/javadoc/indexdf7b.html]
[ci.visualillusionsent.net/job/CanaryLib/javadoc/net/canarymod/hook/player/class-use/BlockPlaceHook.html]
[ci.visualillusionsent.net/job/CanaryLib/javadoc/index1111.html]
[ci.visualillusionsent.net/job/CanaryLib/javadoc/index0fbc.html]
[ci.visualillusionsent.net/job/CanaryLib/javadoc/net/canarymod/api/world/blocks/properties/helpers/class-use/BlockProperties.html]
[ci.visualillusionsent.net/job/CanaryLib/javadoc/index8225.html]
[ci.visualillusionsent.net/job/CanaryLib/javadoc/indexc15d.html]
[ci.visualillusionsent.net/job/CanaryLib/javadoc/net/canarymod/api/world/blocks/properties/helpers/class-use/BlockProperties.Rotation.html]
[ci.visualillusionsent.net/job/CanaryLib/javadoc/index1e1a.html]
[ci.visualillusionsent.net/job/CanaryLib/javadoc/indexee6a.html]
[ci.visualillusionsent.net/job/CanaryLib/javadoc/net/canarymod/api/world/blocks/properties/class-use/BlockProperty.html]
[ci.visualillusionsent.net/job/CanaryLib/javadoc/index509d.html]
[ci.visualillusionsent.net/job/CanaryLib/javadoc/index7e3e.html]
[ci.visualillusionsent.net/job/CanaryLib/javadoc/net/canarymod/hook/player/class-use/BlockRightClickHook.html]
[ci.visualillusionsent.net/job/CanaryLib/javadoc/indexe8f5.html]
[ci.visualillusionsent.net/job/CanaryLib/javadoc/indexe3ec.html]
[ci.visualillusionsent.net/job/CanaryLib/javadoc/net/canarymod/api/world/blocks/class-use/BlockType.html]
[ci.visualillusionsent.net/job/CanaryLib/javadoc/index43e3.html]
[ci.visualillusionsent.net/job/CanaryLib/javadoc/index61da.html]
[ci.visualillusionsent.net/job/CanaryLib/javadoc/net/canarymod/hook/world/class-use/BlockUpdateHook.html]
[ci.visualillusionsent.net/job/CanaryLib/javadoc/indexf03c.html]
[ci.visualillusionsent.net/job/CanaryLib/javadoc/indexeca4.html]
[ci.visualillusionsent.net/job/CanaryLib/javadoc/net/canarymod/api/entity/vehicle/class-use/Boat.html]
[ci.visualillusionsent.net/job/CanaryLib/javadoc/indexc629.html]
[ci.visualillusionsent.net/job/CanaryLib/javadoc/indexf275.html]
[ci.visualillusionsent.net/job/CanaryLib/javadoc/net/canarymod/hook/player/class-use/BookEditHook.html]
[ci.visualillusionsent.net/job/CanaryLib/javadoc/index7e04.html]
[ci.visualillusionsent.net/job/CanaryLib/javadoc/indexb286.html]
[ci.visualillusionsent.net/job/CanaryLib/javadoc/net/canarymod/api/inventory/helper/class-use/BookHelper.html]
[ci.visualillusionsent.net/job/CanaryLib/javadoc/index15ad.html]
[ci.visualillusionsent.net/job/CanaryLib/javadoc/indexbf97.html]
[ci.visualillusionsent.net/job/CanaryLib/javadoc/net/canarymod/api/class-use/BoundingBox.html]
[ci.visualillusionsent.net/job/CanaryLib/javadoc/index1710.html]
[ci.visualillusionsent.net/job/CanaryLib/javadoc/net/canarymod/api/package-tree.html]
[ci.visualillusionsent.net/job/CanaryLib/javadoc/index678b.html]
[ci.visualillusionsent.net/job/CanaryLib/javadoc/index063f.html]
[ci.visualillusionsent.net/job/CanaryLib/javadoc/net/canarymod/api/world/blocks/class-use/BrewingStand.html]
[ci.visualillusionsent.net/job/CanaryLib/javadoc/indexf2f6.html]
[ci.visualillusionsent.net/job/CanaryLib/javadoc/indexdf73.html]
[ci.visualillusionsent.net/job/CanaryLib/javadoc/net/canarymod/api/world/blocks/properties/helpers/class-use/BrewingStandProperties.html]
[ci.visualillusionsent.net/job/CanaryLib/javadoc/index9cbf.html]
[ci.visualillusionsent.net/job/CanaryLib/javadoc/index3f14.html]
[ci.visualillusionsent.net/job/CanaryLib/javadoc/net/canarymod/commandsys/commands/vanilla/class-use/Broadcast.html]
[ci.visualillusionsent.net/job/CanaryLib/javadoc/indexbfc5.html]
[ci.visualillusionsent.net/job/CanaryLib/javadoc/indexdfe5.html]
[ci.visualillusionsent.net/job/CanaryLib/javadoc/net/canarymod/api/inventory/slot/class-use/ButtonPress.html]
[ci.visualillusionsent.net/job/CanaryLib/javadoc/indexa19d.html]
[ci.visualillusionsent.net/job/CanaryLib/javadoc/net/canarymod/api/inventory/slot/package-tree.html]
[ci.visualillusionsent.net/job/CanaryLib/javadoc/indexcbc6.html]
[ci.visualillusionsent.net/job/CanaryLib/javadoc/indexb950.html]
[ci.visualillusionsent.net/job/CanaryLib/javadoc/net/canarymod/api/world/blocks/properties/helpers/class-use/ButtonProperties.html]
[ci.visualillusionsent.net/job/CanaryLib/javadoc/index901e.html]
[ci.visualillusionsent.net/job/CanaryLib/javadoc/index406c.html]
[ci.visualillusionsent.net/job/CanaryLib/javadoc/net/canarymod/api/nbt/class-use/ByteArrayTag.html]
[ci.visualillusionsent.net/job/CanaryLib/javadoc/indexee53.html]
[ci.visualillusionsent.net/job/CanaryLib/javadoc/indexfd1a.html]
[ci.visualillusionsent.net/job/CanaryLib/javadoc/net/canarymod/api/nbt/class-use/ByteTag.html]
[ci.visualillusionsent.net/job/CanaryLib/javadoc/indexbf01.html]
[ci.visualillusionsent.net/job/CanaryLib/javadoc/indexc312.html]
[ci.visualillusionsent.net/job/CanaryLib/javadoc/net/canarymod/api/world/blocks/properties/helpers/class-use/CactusProperties.html]
[ci.visualillusionsent.net/job/CanaryLib/javadoc/indexc056.html]
[ci.visualillusionsent.net/job/CanaryLib/javadoc/indexa2bd.html]
[ci.visualillusionsent.net/job/CanaryLib/javadoc/net/canarymod/api/world/blocks/properties/helpers/class-use/CakeProperties.html]
[ci.visualillusionsent.net/job/CanaryLib/javadoc/index5c10.html]
[ci.visualillusionsent.net/job/CanaryLib/javadoc/index01d4.html]
[ci.visualillusionsent.net/job/CanaryLib/javadoc/net/canarymod/class-use/Canary.html]
[ci.visualillusionsent.net/job/CanaryLib/javadoc/index9133.html]
[ci.visualillusionsent.net/job/CanaryLib/javadoc/indexe12d.html]
[ci.visualillusionsent.net/job/CanaryLib/javadoc/net/canarymod/class-use/CanaryClassLoader.html]
[ci.visualillusionsent.net/job/CanaryLib/javadoc/indexd791.html]
[ci.visualillusionsent.net/job/CanaryLib/javadoc/index81b7.html]
[ci.visualillusionsent.net/job/CanaryLib/javadoc/net/canarymod/commandsys/class-use/CanaryCommand.html]
[ci.visualillusionsent.net/job/CanaryLib/javadoc/index5a34.html]
[ci.visualillusionsent.net/job/CanaryLib/javadoc/net/canarymod/commandsys/package-tree.html]
[ci.visualillusionsent.net/job/CanaryLib/javadoc/indexcdf3.html]
[ci.visualillusionsent.net/job/CanaryLib/javadoc/indexf418.html]
[ci.visualillusionsent.net/job/CanaryLib/javadoc/net/canarymod/commandsys/class-use/CanaryCommandPermissions.html]
[ci.visualillusionsent.net/job/CanaryLib/javadoc/index188e.html]
[ci.visualillusionsent.net/job/CanaryLib/javadoc/indexd866.html]
[ci.visualillusionsent.net/job/CanaryLib/javadoc/constant-values.html]
[ci.visualillusionsent.net/job/CanaryLib/javadoc/indexe07a.html]
[ci.visualillusionsent.net/job/CanaryLib/javadoc/net/canarymod/class-use/CanaryDeserializeException.html]
[ci.visualillusionsent.net/job/CanaryLib/javadoc/indexac24.html]
[ci.visualillusionsent.net/job/CanaryLib/javadoc/index10d1.html]
[ci.visualillusionsent.net/job/CanaryLib/javadoc/serialized-form.html]
[ci.visualillusionsent.net/job/CanaryLib/javadoc/index8cd0.html]
[ci.visualillusionsent.net/job/CanaryLib/javadoc/net/canarymod/motd/class-use/CanaryMessageOfTheDayListener.html]
[ci.visualillusionsent.net/job/CanaryLib/javadoc/index7a0e.html]
[ci.visualillusionsent.net/job/CanaryLib/javadoc/net/canarymod/motd/package-tree.html]
[ci.visualillusionsent.net/job/CanaryLib/javadoc/indexdf56.html]
[ci.visualillusionsent.net/job/CanaryLib/javadoc/indexf8b2.html]
[ci.visualillusionsent.net/job/CanaryLib/javadoc/net/canarymod/metrics/class-use/CanaryMetrics.html]
[ci.visualillusionsent.net/job/CanaryLib/javadoc/indexabe3.html]
[ci.visualillusionsent.net/job/CanaryLib/javadoc/net/canarymod/metrics/package-tree.html]
[ci.visualillusionsent.net/job/CanaryLib/javadoc/indexd930.html]
[ci.visualillusionsent.net/job/CanaryLib/javadoc/index7936.html]
[ci.visualillusionsent.net/job/CanaryLib/javadoc/net/canarymod/commandsys/commands/system/informational/class-use/CanaryModCommand.html]
[ci.visualillusionsent.net/job/CanaryLib/javadoc/indexb474.html]
[ci.visualillusionsent.net/job/CanaryLib/javadoc/net/canarymod/commandsys/commands/system/informational/package-tree.html]
[ci.visualillusionsent.net/job/CanaryLib/javadoc/indexfb59.html]
[ci.visualillusionsent.net/job/CanaryLib/javadoc/index6ab1.html]
[ci.visualillusionsent.net/job/CanaryLib/javadoc/net/canarymod/converter/class-use/CanaryToVanilla.html]
[ci.visualillusionsent.net/job/CanaryLib/javadoc/indexd0b6.html]
[ci.visualillusionsent.net/job/CanaryLib/javadoc/net/canarymod/converter/package-tree.html]
[ci.visualillusionsent.net/job/CanaryLib/javadoc/index622a.html]
[ci.visualillusionsent.net/job/CanaryLib/javadoc/index049a.html]
[ci.visualillusionsent.net/job/CanaryLib/javadoc/net/canarymod/hook/class-use/CancelableHook.html]
[ci.visualillusionsent.net/job/CanaryLib/javadoc/indexd9db.html]
[ci.visualillusionsent.net/job/CanaryLib/javadoc/net/canarymod/hook/package-tree.html]
[ci.visualillusionsent.net/job/CanaryLib/javadoc/index9f30.html]
[ci.visualillusionsent.net/job/CanaryLib/javadoc/indexeaeb.html]
[ci.visualillusionsent.net/job/CanaryLib/javadoc/net/canarymod/api/world/blocks/properties/helpers/class-use/CarpetProperties.html]
[ci.visualillusionsent.net/job/CanaryLib/javadoc/index64a7.html]
[ci.visualillusionsent.net/job/CanaryLib/javadoc/index578b.html]
[ci.visualillusionsent.net/job/CanaryLib/javadoc/net/canarymod/api/world/blocks/properties/helpers/class-use/CauldronProperties.html]
[ci.visualillusionsent.net/job/CanaryLib/javadoc/indexdd56.html]
[ci.visualillusionsent.net/job/CanaryLib/javadoc/indexcf78.html]
[ci.visualillusionsent.net/job/CanaryLib/javadoc/net/canarymod/api/entity/living/monster/class-use/CaveSpider.html]
[ci.visualillusionsent.net/job/CanaryLib/javadoc/index025c.html]
[ci.visualillusionsent.net/job/CanaryLib/javadoc/index4d43.html]
[ci.visualillusionsent.net/job/CanaryLib/javadoc/net/canarymod/channels/class-use/ChannelListener.html]
[ci.visualillusionsent.net/job/CanaryLib/javadoc/indexfb74.html]
[ci.visualillusionsent.net/job/CanaryLib/javadoc/net/canarymod/channels/package-tree.html]
[ci.visualillusionsent.net/job/CanaryLib/javadoc/indexbc33.html]
[ci.visualillusionsent.net/job/CanaryLib/javadoc/index1c97.html]
[ci.visualillusionsent.net/job/CanaryLib/javadoc/net/canarymod/channels/class-use/ChannelManager.html]
[ci.visualillusionsent.net/job/CanaryLib/javadoc/index26f8.html]
[ci.visualillusionsent.net/job/CanaryLib/javadoc/index5043-2.html]
[ci.visualillusionsent.net/job/CanaryLib/javadoc/net/canarymod/channels/class-use/ChannelManagerInterface.html]
[ci.visualillusionsent.net/job/CanaryLib/javadoc/index141d.html]
[ci.visualillusionsent.net/job/CanaryLib/javadoc/indexd3ea.html]
[ci.visualillusionsent.net/job/CanaryLib/javadoc/net/canarymod/api/chat/class-use/ChatComponent.html]
[ci.visualillusionsent.net/job/CanaryLib/javadoc/index9e2e.html]
[ci.visualillusionsent.net/job/CanaryLib/javadoc/net/canarymod/api/chat/package-tree.html]
[ci.visualillusionsent.net/job/CanaryLib/javadoc/index56db.html]
[ci.visualillusionsent.net/job/CanaryLib/javadoc/index7703.html]
[ci.visualillusionsent.net/job/CanaryLib/javadoc/net/canarymod/api/factory/class-use/ChatComponentFactory.html]
[ci.visualillusionsent.net/job/CanaryLib/javadoc/index68e4.html]
[ci.visualillusionsent.net/job/CanaryLib/javadoc/index78fd.html]
[ci.visualillusionsent.net/job/CanaryLib/javadoc/net/canarymod/chat/class-use/ChatFormat.html]
[ci.visualillusionsent.net/job/CanaryLib/javadoc/indexde16.html]
[ci.visualillusionsent.net/job/CanaryLib/javadoc/net/canarymod/chat/package-tree.html]
[ci.visualillusionsent.net/job/CanaryLib/javadoc/indexde64.html]
[ci.visualillusionsent.net/job/CanaryLib/javadoc/index50de.html]
[ci.visualillusionsent.net/job/CanaryLib/javadoc/net/canarymod/api/chat/class-use/ChatFormatting.html]
[ci.visualillusionsent.net/job/CanaryLib/javadoc/index925a.html]
[ci.visualillusionsent.net/job/CanaryLib/javadoc/index904b.html]
[ci.visualillusionsent.net/job/CanaryLib/javadoc/net/canarymod/hook/player/class-use/ChatHook.html]
[ci.visualillusionsent.net/job/CanaryLib/javadoc/index645f.html]
[ci.visualillusionsent.net/job/CanaryLib/javadoc/index40c2.html]
[ci.visualillusionsent.net/job/CanaryLib/javadoc/net/canarymod/api/chat/class-use/ChatStyle.html]
[ci.visualillusionsent.net/job/CanaryLib/javadoc/index8436.html]
[ci.visualillusionsent.net/job/CanaryLib/javadoc/indexac67.html]
[ci.visualillusionsent.net/job/CanaryLib/javadoc/net/canarymod/api/world/blocks/class-use/Chest.html]
[ci.visualillusionsent.net/job/CanaryLib/javadoc/index6e00.html]
[ci.visualillusionsent.net/job/CanaryLib/javadoc/index3f11.html]
[ci.visualillusionsent.net/job/CanaryLib/javadoc/net/canarymod/api/entity/vehicle/class-use/ChestMinecart.html]
[ci.visualillusionsent.net/job/CanaryLib/javadoc/indexeefa.html]
[ci.visualillusionsent.net/job/CanaryLib/javadoc/index3aab.html]
[ci.visualillusionsent.net/job/CanaryLib/javadoc/net/canarymod/api/world/blocks/properties/helpers/class-use/ChestProperties.html]
[ci.visualillusionsent.net/job/CanaryLib/javadoc/index2399.html]
[ci.visualillusionsent.net/job/CanaryLib/javadoc/index3994.html]
[ci.visualillusionsent.net/job/CanaryLib/javadoc/net/canarymod/api/entity/living/animal/class-use/Chicken.html]
[ci.visualillusionsent.net/job/CanaryLib/javadoc/index73ac.html]
[ci.visualillusionsent.net/job/CanaryLib/javadoc/index8d75.html]
[ci.visualillusionsent.net/job/CanaryLib/javadoc/net/canarymod/api/entity/throwable/class-use/ChickenEgg.html]
[ci.visualillusionsent.net/job/CanaryLib/javadoc/indexccb5.html]
[ci.visualillusionsent.net/job/CanaryLib/javadoc/net/canarymod/api/entity/throwable/package-tree.html]
[ci.visualillusionsent.net/job/CanaryLib/javadoc/index38d2.html]
[ci.visualillusionsent.net/job/CanaryLib/javadoc/index800f.html]
[ci.visualillusionsent.net/job/CanaryLib/javadoc/net/canarymod/hook/entity/class-use/ChickenLayEggHook.html]
[ci.visualillusionsent.net/job/CanaryLib/javadoc/index6059.html]
[ci.visualillusionsent.net/job/CanaryLib/javadoc/net/canarymod/hook/entity/package-tree.html]
[ci.visualillusionsent.net/job/CanaryLib/javadoc/index979e.html]
[ci.visualillusionsent.net/job/CanaryLib/javadoc/index8148.html]
[ci.visualillusionsent.net/job/CanaryLib/javadoc/net/canarymod/api/world/class-use/Chunk.html]
[ci.visualillusionsent.net/job/CanaryLib/javadoc/indexa4c0.html]
[ci.visualillusionsent.net/job/CanaryLib/javadoc/index3976.html]
[ci.visualillusionsent.net/job/CanaryLib/javadoc/net/canarymod/hook/world/class-use/ChunkCreatedHook.html]
[ci.visualillusionsent.net/job/CanaryLib/javadoc/index42db.html]
[ci.visualillusionsent.net/job/CanaryLib/javadoc/index1e28.html]
[ci.visualillusionsent.net/job/CanaryLib/javadoc/net/canarymod/hook/world/class-use/ChunkCreationHook.html]
[ci.visualillusionsent.net/job/CanaryLib/javadoc/indexb762.html]
[ci.visualillusionsent.net/job/CanaryLib/javadoc/index5fc4.html]
[ci.visualillusionsent.net/job/CanaryLib/javadoc/net/canarymod/hook/world/class-use/ChunkLoadedHook.html]
[ci.visualillusionsent.net/job/CanaryLib/javadoc/indexc7b1.html]
[ci.visualillusionsent.net/job/CanaryLib/javadoc/index9065.html]
[ci.visualillusionsent.net/job/CanaryLib/javadoc/net/canarymod/api/world/class-use/ChunkProvider.html]
[ci.visualillusionsent.net/job/CanaryLib/javadoc/index4048.html]
[ci.visualillusionsent.net/job/CanaryLib/javadoc/indexbc91.html]
[ci.visualillusionsent.net/job/CanaryLib/javadoc/net/canarymod/api/world/class-use/ChunkProviderCustom.html]
[ci.visualillusionsent.net/job/CanaryLib/javadoc/indexe2fe.html]
[ci.visualillusionsent.net/job/CanaryLib/javadoc/index7644.html]
[ci.visualillusionsent.net/job/CanaryLib/javadoc/net/canarymod/hook/world/class-use/ChunkUnloadHook.html]
[ci.visualillusionsent.net/job/CanaryLib/javadoc/index0505.html]
[ci.visualillusionsent.net/job/CanaryLib/javadoc/index37d7.html]
[ci.visualillusionsent.net/job/CanaryLib/javadoc/net/canarymod/commandsys/commands/vanilla/class-use/Clear.html]
[ci.visualillusionsent.net/job/CanaryLib/javadoc/indexa9a7.html]
[ci.visualillusionsent.net/job/CanaryLib/javadoc/indexcd11.html]
[ci.visualillusionsent.net/job/CanaryLib/javadoc/net/canarymod/api/entity/living/humanoid/npc/ai/class-use/Clicked.html]
[ci.visualillusionsent.net/job/CanaryLib/javadoc/indexc89c.html]
[ci.visualillusionsent.net/job/CanaryLib/javadoc/index0e1b.html]
[ci.visualillusionsent.net/job/CanaryLib/javadoc/net/canarymod/api/chat/class-use/ClickEvent.html]
[ci.visualillusionsent.net/job/CanaryLib/javadoc/index2d5e.html]
[ci.visualillusionsent.net/job/CanaryLib/javadoc/index2e15.html]
[ci.visualillusionsent.net/job/CanaryLib/javadoc/net/canarymod/api/chat/class-use/ClickEventAction.html]
[ci.visualillusionsent.net/job/CanaryLib/javadoc/index8bc0.html]
[ci.visualillusionsent.net/job/CanaryLib/javadoc/index2ac8.html]
[ci.visualillusionsent.net/job/CanaryLib/javadoc/net/canarymod/commandsys/commands/vanilla/class-use/Clone.html]
[ci.visualillusionsent.net/job/CanaryLib/javadoc/indexeff0.html]
[ci.visualillusionsent.net/job/CanaryLib/javadoc/indexc7da.html]
[ci.visualillusionsent.net/job/CanaryLib/javadoc/net/canarymod/api/world/blocks/properties/helpers/class-use/CocoaPlantProperties.html]
[ci.visualillusionsent.net/job/CanaryLib/javadoc/index3ac5.html]
[ci.visualillusionsent.net/job/CanaryLib/javadoc/index5e9d.html]
[ci.visualillusionsent.net/job/CanaryLib/javadoc/net/canarymod/api/world/blocks/properties/helpers/class-use/ColoredBlockProperties.html]
[ci.visualillusionsent.net/job/CanaryLib/javadoc/index0514.html]
[ci.visualillusionsent.net/job/CanaryLib/javadoc/indexd213.html]
[ci.visualillusionsent.net/job/CanaryLib/javadoc/net/canarymod/chat/class-use/Colors.html]
[ci.visualillusionsent.net/job/CanaryLib/javadoc/index579a.html]
[ci.visualillusionsent.net/job/CanaryLib/javadoc/index9fa8.html]
[ci.visualillusionsent.net/job/CanaryLib/javadoc/net/canarymod/database/class-use/Column.html]
[ci.visualillusionsent.net/job/CanaryLib/javadoc/index0a3c.html]
[ci.visualillusionsent.net/job/CanaryLib/javadoc/net/canarymod/database/package-tree.html]
[ci.visualillusionsent.net/job/CanaryLib/javadoc/indexa666.html]
[ci.visualillusionsent.net/job/CanaryLib/javadoc/index3b6f.html]
[ci.visualillusionsent.net/job/CanaryLib/javadoc/net/canarymod/database/class-use/Column.ColumnType.html]
[ci.visualillusionsent.net/job/CanaryLib/javadoc/index13f6.html]
[ci.visualillusionsent.net/job/CanaryLib/javadoc/index8550.html]
[ci.visualillusionsent.net/job/CanaryLib/javadoc/net/canarymod/database/class-use/Column.DataType.html]
[ci.visualillusionsent.net/job/CanaryLib/javadoc/index0126.html]
[ci.visualillusionsent.net/job/CanaryLib/javadoc/index3f34.html]
[ci.visualillusionsent.net/job/CanaryLib/javadoc/net/canarymod/commandsys/class-use/Command.html]
[ci.visualillusionsent.net/job/CanaryLib/javadoc/index16d3.html]
[ci.visualillusionsent.net/job/CanaryLib/javadoc/indexb295.html]
[ci.visualillusionsent.net/job/CanaryLib/javadoc/net/canarymod/api/world/blocks/class-use/CommandBlock.html]
[ci.visualillusionsent.net/job/CanaryLib/javadoc/indexbf4a.html]
[ci.visualillusionsent.net/job/CanaryLib/javadoc/index0329.html]
[ci.visualillusionsent.net/job/CanaryLib/javadoc/net/canarymod/hook/command/class-use/CommandBlockCommandHook.html]
[ci.visualillusionsent.net/job/CanaryLib/javadoc/indexa52b.html]
[ci.visualillusionsent.net/job/CanaryLib/javadoc/net/canarymod/hook/command/package-tree.html]
[ci.visualillusionsent.net/job/CanaryLib/javadoc/index0b61.html]
[ci.visualillusionsent.net/job/CanaryLib/javadoc/net/canarymod/api/class-use/CommandBlockLogic.html]
[ci.visualillusionsent.net/job/CanaryLib/javadoc/indexf2e8.html]
[ci.visualillusionsent.net/job/CanaryLib/javadoc/net/canarymod/api/entity/vehicle/class-use/CommandBlockMinecart.html]
[ci.visualillusionsent.net/job/CanaryLib/javadoc/indexf783.html]
[ci.visualillusionsent.net/job/CanaryLib/javadoc/net/canarymod/api/world/blocks/properties/helpers/class-use/CommandBlockProperties.html]
[ci.visualillusionsent.net/job/CanaryLib/javadoc/indexa855.html]
[ci.visualillusionsent.net/job/CanaryLib/javadoc/net/canarymod/commandsys/class-use/CommandDependencyException.html]
[ci.visualillusionsent.net/job/CanaryLib/javadoc/index33f5.html]
[ci.visualillusionsent.net/job/CanaryLib/javadoc/net/canarymod/commandsys/class-use/CommandException.html]
[ci.visualillusionsent.net/job/CanaryLib/javadoc/index72b2.html]
[ci.visualillusionsent.net/job/CanaryLib/javadoc/net/canarymod/commandsys/class-use/CommandList.html]
[ci.visualillusionsent.net/job/CanaryLib/javadoc/index11b6.html]
[ci.visualillusionsent.net/job/CanaryLib/javadoc/index09ed.html]
[ci.visualillusionsent.net/job/CanaryLib/javadoc/net/canarymod/commandsys/class-use/CommandListener.html]
[ci.visualillusionsent.net/job/CanaryLib/javadoc/index6ad1.html]
[ci.visualillusionsent.net/job/CanaryLib/javadoc/index9022.html]
[ci.visualillusionsent.net/job/CanaryLib/javadoc/net/canarymod/commandsys/class-use/CommandManager.html]
[ci.visualillusionsent.net/job/CanaryLib/javadoc/indexaab7.html]
[ci.visualillusionsent.net/job/CanaryLib/javadoc/index53fe.html]
[ci.visualillusionsent.net/job/CanaryLib/javadoc/net/canarymod/commandsys/class-use/CommandOwner.html]
[ci.visualillusionsent.net/job/CanaryLib/javadoc/index8edd.html]
[ci.visualillusionsent.net/job/CanaryLib/javadoc/indexc612.html]
[ci.visualillusionsent.net/job/CanaryLib/javadoc/net/canarymod/api/world/blocks/class-use/Comparator.html]
[ci.visualillusionsent.net/job/CanaryLib/javadoc/indexd520.html]
[ci.visualillusionsent.net/job/CanaryLib/javadoc/index4e27.html]
[ci.visualillusionsent.net/job/CanaryLib/javadoc/net/canarymod/commandsys/commands/player/class-use/Compass.html]
[ci.visualillusionsent.net/job/CanaryLib/javadoc/indexea60.html]
[ci.visualillusionsent.net/job/CanaryLib/javadoc/net/canarymod/commandsys/commands/player/package-tree.html]
[ci.visualillusionsent.net/job/CanaryLib/javadoc/index60bb.html]
[ci.visualillusionsent.net/job/CanaryLib/javadoc/indexc494.html]
[ci.visualillusionsent.net/job/CanaryLib/javadoc/net/canarymod/api/nbt/class-use/CompoundTag.html]
[ci.visualillusionsent.net/job/CanaryLib/javadoc/indexaaff.html]
[ci.visualillusionsent.net/job/CanaryLib/javadoc/indexf2ac.html]
[ci.visualillusionsent.net/job/CanaryLib/javadoc/net/canarymod/config/class-use/Configuration.html]
[ci.visualillusionsent.net/job/CanaryLib/javadoc/index846a-2.html]
[ci.visualillusionsent.net/job/CanaryLib/javadoc/net/canarymod/config/package-tree.html]
[ci.visualillusionsent.net/job/CanaryLib/javadoc/index6c75.html]
[ci.visualillusionsent.net/job/CanaryLib/javadoc/index6f13.html]
[ci.visualillusionsent.net/job/CanaryLib/javadoc/net/canarymod/config/class-use/ConfigurationContainer.html]
[ci.visualillusionsent.net/job/CanaryLib/javadoc/index6985.html]
[ci.visualillusionsent.net/job/CanaryLib/javadoc/indexdbc3.html]
[ci.visualillusionsent.net/job/CanaryLib/javadoc/net/canarymod/api/class-use/ConfigurationManager.html]
[ci.visualillusionsent.net/job/CanaryLib/javadoc/indexa037.html]
[ci.visualillusionsent.net/job/CanaryLib/javadoc/index3c68.html]
[ci.visualillusionsent.net/job/CanaryLib/javadoc/net/canarymod/hook/player/class-use/ConnectionHook.html]
[ci.visualillusionsent.net/job/CanaryLib/javadoc/index58fe.html]
[ci.visualillusionsent.net/job/CanaryLib/javadoc/index750f.html]
[ci.visualillusionsent.net/job/CanaryLib/javadoc/net/canarymod/hook/command/class-use/ConsoleCommandHook.html]
[ci.visualillusionsent.net/job/CanaryLib/javadoc/index2601.html]
[ci.visualillusionsent.net/job/CanaryLib/javadoc/index9f9a.html]
[ci.visualillusionsent.net/job/CanaryLib/javadoc/net/canarymod/api/entity/vehicle/class-use/ContainerMinecart.html]
[ci.visualillusionsent.net/job/CanaryLib/javadoc/index58dd.html]
[ci.visualillusionsent.net/job/CanaryLib/javadoc/index3cb1.html]
[ci.visualillusionsent.net/job/CanaryLib/javadoc/net/canarymod/api/entity/living/animal/class-use/Cow.html]
[ci.visualillusionsent.net/job/CanaryLib/javadoc/index3676.html]
[ci.visualillusionsent.net/job/CanaryLib/javadoc/index502a.html]
[ci.visualillusionsent.net/job/CanaryLib/javadoc/net/canarymod/hook/player/class-use/CraftHook.html]
[ci.visualillusionsent.net/job/CanaryLib/javadoc/indexb87f.html]
[ci.visualillusionsent.net/job/CanaryLib/javadoc/indexc339.html]
[ci.visualillusionsent.net/job/CanaryLib/javadoc/net/canarymod/api/inventory/class-use/CraftingMatrix.html]
[ci.visualillusionsent.net/job/CanaryLib/javadoc/index6e34.html]
[ci.visualillusionsent.net/job/CanaryLib/javadoc/indexc6a5.html]
[ci.visualillusionsent.net/job/CanaryLib/javadoc/net/canarymod/api/inventory/recipes/class-use/CraftingRecipe.html]
[ci.visualillusionsent.net/job/CanaryLib/javadoc/indexe316.html]
[ci.visualillusionsent.net/job/CanaryLib/javadoc/net/canarymod/api/inventory/recipes/package-tree.html]
[ci.visualillusionsent.net/job/CanaryLib/javadoc/indexe683.html]
[ci.visualillusionsent.net/job/CanaryLib/javadoc/indexc000.html]
[ci.visualillusionsent.net/job/CanaryLib/javadoc/net/canarymod/commandsys/commands/system/class-use/CreateVanilla.html]
[ci.visualillusionsent.net/job/CanaryLib/javadoc/index4f05.html]
[ci.visualillusionsent.net/job/CanaryLib/javadoc/net/canarymod/commandsys/commands/system/package-tree.html]
[ci.visualillusionsent.net/job/CanaryLib/javadoc/index82af.html]
[ci.visualillusionsent.net/job/CanaryLib/javadoc/index9232.html]
[ci.visualillusionsent.net/job/CanaryLib/javadoc/net/canarymod/commandsys/commands/world/class-use/CreateWorldCommand.html]
[ci.visualillusionsent.net/job/CanaryLib/javadoc/index49ce.html]
[ci.visualillusionsent.net/job/CanaryLib/javadoc/net/canarymod/commandsys/commands/world/package-tree.html]
[ci.visualillusionsent.net/job/CanaryLib/javadoc/index23cc.html]
[ci.visualillusionsent.net/job/CanaryLib/javadoc/indexfd38.html]
[ci.visualillusionsent.net/job/CanaryLib/javadoc/net/canarymod/api/entity/living/monster/class-use/Creeper.html]
[ci.visualillusionsent.net/job/CanaryLib/javadoc/indexdc0d.html]
[ci.visualillusionsent.net/job/CanaryLib/javadoc/indexddcc.html]
[ci.visualillusionsent.net/job/CanaryLib/javadoc/net/canarymod/api/scoreboard/class-use/CriteriaType.html]
[ci.visualillusionsent.net/job/CanaryLib/javadoc/index5944.html]
[ci.visualillusionsent.net/job/CanaryLib/javadoc/net/canarymod/api/scoreboard/package-tree.html]
[ci.visualillusionsent.net/job/CanaryLib/javadoc/index7568.html]
[ci.visualillusionsent.net/job/CanaryLib/javadoc/index0b18.html]
[ci.visualillusionsent.net/job/CanaryLib/javadoc/net/canarymod/api/world/blocks/properties/helpers/class-use/CropsProperties.html]
[ci.visualillusionsent.net/job/CanaryLib/javadoc/index2131.html]
[ci.visualillusionsent.net/job/CanaryLib/javadoc/index3fde.html]
[ci.visualillusionsent.net/job/CanaryLib/javadoc/net/canarymod/api/world/blocks/class-use/CustomBlockTypeException.html]
[ci.visualillusionsent.net/job/CanaryLib/javadoc/index1c7e.html]
[ci.visualillusionsent.net/job/CanaryLib/javadoc/index40c8.html]
[ci.visualillusionsent.net/job/CanaryLib/javadoc/net/canarymod/channels/class-use/CustomPayloadChannelException.html]
[ci.visualillusionsent.net/job/CanaryLib/javadoc/index8e4e.html]
[ci.visualillusionsent.net/job/CanaryLib/javadoc/index2299.html]
[ci.visualillusionsent.net/job/CanaryLib/javadoc/net/canarymod/api/inventory/class-use/CustomStorageInventory.html]
[ci.visualillusionsent.net/job/CanaryLib/javadoc/index25cd.html]
[ci.visualillusionsent.net/job/CanaryLib/javadoc/index2388.html]
[ci.visualillusionsent.net/job/CanaryLib/javadoc/net/canarymod/hook/entity/class-use/DamageHook.html]
[ci.visualillusionsent.net/job/CanaryLib/javadoc/index6ad6.html]
[ci.visualillusionsent.net/job/CanaryLib/javadoc/index18f1.html]
[ci.visualillusionsent.net/job/CanaryLib/javadoc/net/canarymod/api/class-use/DamageSource.html]
[ci.visualillusionsent.net/job/CanaryLib/javadoc/indexfc30.html]
[ci.visualillusionsent.net/job/CanaryLib/javadoc/index8560.html]
[ci.visualillusionsent.net/job/CanaryLib/javadoc/net/canarymod/api/class-use/DamageType.html]
[ci.visualillusionsent.net/job/CanaryLib/javadoc/index3925.html]
[ci.visualillusionsent.net/job/CanaryLib/javadoc/index59cf.html]
[ci.visualillusionsent.net/job/CanaryLib/javadoc/net/canarymod/database/class-use/DataAccess.html]
[ci.visualillusionsent.net/job/CanaryLib/javadoc/index6a5b.html]
[ci.visualillusionsent.net/job/CanaryLib/javadoc/indexbb4f.html]
[ci.visualillusionsent.net/job/CanaryLib/javadoc/net/canarymod/database/class-use/Database.html]
[ci.visualillusionsent.net/job/CanaryLib/javadoc/indexf731.html]
[ci.visualillusionsent.net/job/CanaryLib/javadoc/indexd8be.html]
[ci.visualillusionsent.net/job/CanaryLib/javadoc/net/canarymod/database/class-use/Database.Type.html]
[ci.visualillusionsent.net/job/CanaryLib/javadoc/index9762.html]
[ci.visualillusionsent.net/job/CanaryLib/javadoc/index5e71.html]
[ci.visualillusionsent.net/job/CanaryLib/javadoc/net/canarymod/database/exceptions/class-use/DatabaseAccessException.html]
[ci.visualillusionsent.net/job/CanaryLib/javadoc/index80e9.html]
[ci.visualillusionsent.net/job/CanaryLib/javadoc/net/canarymod/database/exceptions/package-tree.html]
[ci.visualillusionsent.net/job/CanaryLib/javadoc/indexd89b.html]
[ci.visualillusionsent.net/job/CanaryLib/javadoc/index449d.html]
[ci.visualillusionsent.net/job/CanaryLib/javadoc/net/canarymod/config/class-use/DatabaseConfiguration.html]
[ci.visualillusionsent.net/job/CanaryLib/javadoc/indexbb8e.html]
[ci.visualillusionsent.net/job/CanaryLib/javadoc/index906a.html]
[ci.visualillusionsent.net/job/CanaryLib/javadoc/net/canarymod/database/exceptions/class-use/DatabaseException.html]
[ci.visualillusionsent.net/job/CanaryLib/javadoc/index65a3.html]
[ci.visualillusionsent.net/job/CanaryLib/javadoc/indexfdea.html]
[ci.visualillusionsent.net/job/CanaryLib/javadoc/net/canarymod/database/class-use/DatabaseLoader.html]
[ci.visualillusionsent.net/job/CanaryLib/javadoc/index1d73.html]
[ci.visualillusionsent.net/job/CanaryLib/javadoc/index2e35.html]
[ci.visualillusionsent.net/job/CanaryLib/javadoc/net/canarymod/database/exceptions/class-use/DatabaseReadException.html]
[ci.visualillusionsent.net/job/CanaryLib/javadoc/index0f3b.html]
[ci.visualillusionsent.net/job/CanaryLib/javadoc/index64e8.html]
[ci.visualillusionsent.net/job/CanaryLib/javadoc/net/canarymod/database/exceptions/class-use/DatabaseTableInconsistencyException.html]
[ci.visualillusionsent.net/job/CanaryLib/javadoc/index0d35.html]
[ci.visualillusionsent.net/job/CanaryLib/javadoc/index044a.html]
[ci.visualillusionsent.net/job/CanaryLib/javadoc/net/canarymod/database/exceptions/class-use/DatabaseWriteException.html]
[ci.visualillusionsent.net/job/CanaryLib/javadoc/indexc0ff.html]
[ci.visualillusionsent.net/job/CanaryLib/javadoc/indexb75e.html]
[ci.visualillusionsent.net/job/CanaryLib/javadoc/net/canarymod/api/class-use/DataWatcher.html]
[ci.visualillusionsent.net/job/CanaryLib/javadoc/indexd3f5.html]
[ci.visualillusionsent.net/job/CanaryLib/javadoc/index0b38.html]
[ci.visualillusionsent.net/job/CanaryLib/javadoc/net/canarymod/api/world/blocks/class-use/DaylightDetector.html]
[ci.visualillusionsent.net/job/CanaryLib/javadoc/indexbe40.html]
[ci.visualillusionsent.net/job/CanaryLib/javadoc/index8ee4.html]
[ci.visualillusionsent.net/job/CanaryLib/javadoc/net/canarymod/api/world/blocks/properties/helpers/class-use/DaylightDetectorProperties.html]
[ci.visualillusionsent.net/job/CanaryLib/javadoc/index6c52.html]
[ci.visualillusionsent.net/job/CanaryLib/javadoc/indexf056.html]
[ci.visualillusionsent.net/job/CanaryLib/javadoc/net/canarymod/commandsys/commands/vanilla/class-use/Debug.html]
[ci.visualillusionsent.net/job/CanaryLib/javadoc/indexe344.html]
[ci.visualillusionsent.net/job/CanaryLib/javadoc/indexa27b.html]
[ci.visualillusionsent.net/job/CanaryLib/javadoc/net/canarymod/hook/world/class-use/DecorateHook.html]
[ci.visualillusionsent.net/job/CanaryLib/javadoc/index2ebe.html]
[ci.visualillusionsent.net/job/CanaryLib/javadoc/indexdc30.html]
[ci.visualillusionsent.net/job/CanaryLib/javadoc/net/canarymod/hook/world/class-use/DecorateHook.DecoratorType.html]
[ci.visualillusionsent.net/job/CanaryLib/javadoc/indexe466.html]
[ci.visualillusionsent.net/job/CanaryLib/javadoc/indexb76e.html]
[ci.visualillusionsent.net/job/CanaryLib/javadoc/net/canarymod/commandsys/commands/vanilla/class-use/DefaultGameMode.html]
[ci.visualillusionsent.net/job/CanaryLib/javadoc/indexdc74.html]
[ci.visualillusionsent.net/job/CanaryLib/javadoc/indexebcf.html]
[ci.visualillusionsent.net/job/CanaryLib/javadoc/net/canarymod/plugin/class-use/DefaultPluginManager.html]
[ci.visualillusionsent.net/job/CanaryLib/javadoc/indexe5dd.html]
[ci.visualillusionsent.net/job/CanaryLib/javadoc/net/canarymod/plugin/package-tree.html]
[ci.visualillusionsent.net/job/CanaryLib/javadoc/index1bab.html]
[ci.visualillusionsent.net/job/CanaryLib/javadoc/index3dcc.html]
[ci.visualillusionsent.net/job/CanaryLib/javadoc/net/canarymod/commandsys/commands/vanilla/class-use/DefaultSpawnpoint.html]
[ci.visualillusionsent.net/job/CanaryLib/javadoc/index10d6.html]
[ci.visualillusionsent.net/job/CanaryLib/javadoc/index5341.html]
[ci.visualillusionsent.net/job/CanaryLib/javadoc/net/canarymod/commandsys/commands/world/class-use/DeleteWorldCommand.html]
[ci.visualillusionsent.net/job/CanaryLib/javadoc/index3c6a.html]
[ci.visualillusionsent.net/job/CanaryLib/javadoc/indexbd31.html]
[ci.visualillusionsent.net/job/CanaryLib/javadoc/net/canarymod/commandsys/commands/system/operator/class-use/DeOp.html]
[ci.visualillusionsent.net/job/CanaryLib/javadoc/index3796.html]
[ci.visualillusionsent.net/job/CanaryLib/javadoc/net/canarymod/commandsys/commands/system/operator/package-tree.html]
[ci.visualillusionsent.net/job/CanaryLib/javadoc/index9da7.html]
[ci.visualillusionsent.net/job/CanaryLib/javadoc/indexcb26.html]
[ci.visualillusionsent.net/job/CanaryLib/javadoc/net/canarymod/plugin/dependencies/class-use/DependencyGraph.html]
[ci.visualillusionsent.net/job/CanaryLib/javadoc/index4f51.html]
[ci.visualillusionsent.net/job/CanaryLib/javadoc/net/canarymod/plugin/dependencies/package-tree.html]
[ci.visualillusionsent.net/job/CanaryLib/javadoc/index35f1.html]
[ci.visualillusionsent.net/job/CanaryLib/javadoc/index7998.html]
[ci.visualillusionsent.net/job/CanaryLib/javadoc/net/canarymod/api/entity/living/humanoid/npc/ai/class-use/Destroyed.html]
[ci.visualillusionsent.net/job/CanaryLib/javadoc/indexf9cf.html]
[ci.visualillusionsent.net/job/CanaryLib/javadoc/index49f4.html]
[ci.visualillusionsent.net/job/CanaryLib/javadoc/net/canarymod/commandsys/commands/vanilla/class-use/Difficulty.html]
[ci.visualillusionsent.net/job/CanaryLib/javadoc/index6b39.html]
[ci.visualillusionsent.net/job/CanaryLib/javadoc/index3249.html]
[ci.visualillusionsent.net/job/CanaryLib/javadoc/net/canarymod/hook/entity/class-use/DimensionSwitchHook.html]
[ci.visualillusionsent.net/job/CanaryLib/javadoc/indexedf2.html]
[ci.visualillusionsent.net/job/CanaryLib/javadoc/index048b.html]
[ci.visualillusionsent.net/job/CanaryLib/javadoc/net/canarymod/api/world/class-use/DimensionType.html]
[ci.visualillusionsent.net/job/CanaryLib/javadoc/index5b7d.html]
[ci.visualillusionsent.net/job/CanaryLib/javadoc/indexe267.html]
[ci.visualillusionsent.net/job/CanaryLib/javadoc/net/canarymod/api/world/position/class-use/Direction.html]
[ci.visualillusionsent.net/job/CanaryLib/javadoc/index8604.html]
[ci.visualillusionsent.net/job/CanaryLib/javadoc/net/canarymod/api/world/position/package-tree.html]
[ci.visualillusionsent.net/job/CanaryLib/javadoc/indexcf44.html]
[ci.visualillusionsent.net/job/CanaryLib/javadoc/index915c.html]
[ci.visualillusionsent.net/job/CanaryLib/javadoc/net/canarymod/api/world/blocks/properties/helpers/class-use/DirectionalBlockProperties.html]
[ci.visualillusionsent.net/job/CanaryLib/javadoc/index4a54.html]
[ci.visualillusionsent.net/job/CanaryLib/javadoc/index5849.html]
[ci.visualillusionsent.net/job/CanaryLib/javadoc/net/canarymod/api/world/blocks/properties/helpers/class-use/DirtProperties.html]
[ci.visualillusionsent.net/job/CanaryLib/javadoc/index0228.html]
[ci.visualillusionsent.net/job/CanaryLib/javadoc/indexc411.html]
[ci.visualillusionsent.net/job/CanaryLib/javadoc/net/canarymod/api/world/blocks/properties/helpers/class-use/DirtProperties.Variant.html]
[ci.visualillusionsent.net/job/CanaryLib/javadoc/index8a02.html]
[ci.visualillusionsent.net/job/CanaryLib/javadoc/index2e9c.html]
[ci.visualillusionsent.net/job/CanaryLib/javadoc/net/canarymod/hook/player/class-use/DisconnectionHook.html]
[ci.visualillusionsent.net/job/CanaryLib/javadoc/index2805.html]
[ci.visualillusionsent.net/job/CanaryLib/javadoc/index1ffb.html]
[ci.visualillusionsent.net/job/CanaryLib/javadoc/net/canarymod/hook/class-use/Dispatcher.html]
[ci.visualillusionsent.net/job/CanaryLib/javadoc/indexcaf8.html]
[ci.visualillusionsent.net/job/CanaryLib/javadoc/indexb672.html]
[ci.visualillusionsent.net/job/CanaryLib/javadoc/net/canarymod/hook/world/class-use/DispenseHook.html]
[ci.visualillusionsent.net/job/CanaryLib/javadoc/index49fa.html]
[ci.visualillusionsent.net/job/CanaryLib/javadoc/index012a.html]
[ci.visualillusionsent.net/job/CanaryLib/javadoc/net/canarymod/api/world/blocks/class-use/Dispenser.html]
[ci.visualillusionsent.net/job/CanaryLib/javadoc/indexd578.html]
[ci.visualillusionsent.net/job/CanaryLib/javadoc/index9aa5.html]
[ci.visualillusionsent.net/job/CanaryLib/javadoc/net/canarymod/api/world/blocks/properties/helpers/class-use/DispenserProperties.html]
[ci.visualillusionsent.net/job/CanaryLib/javadoc/index4168.html]
[ci.visualillusionsent.net/job/CanaryLib/javadoc/index76dc.html]
[ci.visualillusionsent.net/job/CanaryLib/javadoc/net/canarymod/api/world/blocks/properties/helpers/class-use/DoorProperties.html]
[ci.visualillusionsent.net/job/CanaryLib/javadoc/indexc48e.html]
[ci.visualillusionsent.net/job/CanaryLib/javadoc/index73ad.html]
[ci.visualillusionsent.net/job/CanaryLib/javadoc/net/canarymod/api/world/blocks/properties/helpers/class-use/DoorProperties.Half.html]
[ci.visualillusionsent.net/job/CanaryLib/javadoc/index84b0.html]
[ci.visualillusionsent.net/job/CanaryLib/javadoc/indexc9e5.html]
[ci.visualillusionsent.net/job/CanaryLib/javadoc/net/canarymod/api/world/blocks/properties/helpers/class-use/DoorProperties.HingePosition.html]
[ci.visualillusionsent.net/job/CanaryLib/javadoc/index3fb0.html]
[ci.visualillusionsent.net/job/CanaryLib/javadoc/index46f7.html]
[ci.visualillusionsent.net/job/CanaryLib/javadoc/net/canarymod/api/world/blocks/class-use/DoubleChest.html]
[ci.visualillusionsent.net/job/CanaryLib/javadoc/indexe49e.html]
[ci.visualillusionsent.net/job/CanaryLib/javadoc/indexa908.html]
[ci.visualillusionsent.net/job/CanaryLib/javadoc/net/canarymod/api/world/blocks/properties/helpers/class-use/DoublePlantProperties.html]
[ci.visualillusionsent.net/job/CanaryLib/javadoc/indexca1e.html]
[ci.visualillusionsent.net/job/CanaryLib/javadoc/index44d8.html]
[ci.visualillusionsent.net/job/CanaryLib/javadoc/net/canarymod/api/world/blocks/properties/helpers/class-use/DoublePlantProperties.Half.html]
[ci.visualillusionsent.net/job/CanaryLib/javadoc/index94d4.html]
[ci.visualillusionsent.net/job/CanaryLib/javadoc/indexc3df.html]
[ci.visualillusionsent.net/job/CanaryLib/javadoc/net/canarymod/api/world/blocks/properties/helpers/class-use/DoublePlantProperties.Variant.html]
[ci.visualillusionsent.net/job/CanaryLib/javadoc/indexd733.html]
[ci.visualillusionsent.net/job/CanaryLib/javadoc/index8d4d.html]
[ci.visualillusionsent.net/job/CanaryLib/javadoc/net/canarymod/api/world/blocks/properties/helpers/class-use/DoubleStoneSlabNewProperties.html]
[ci.visualillusionsent.net/job/CanaryLib/javadoc/index6ae3.html]
[ci.visualillusionsent.net/job/CanaryLib/javadoc/index17e3.html]
[ci.visualillusionsent.net/job/CanaryLib/javadoc/net/canarymod/api/world/blocks/properties/helpers/class-use/DoubleStoneSlabProperties.html]
[ci.visualillusionsent.net/job/CanaryLib/javadoc/index611b.html]
[ci.visualillusionsent.net/job/CanaryLib/javadoc/index58f0.html]
[ci.visualillusionsent.net/job/CanaryLib/javadoc/net/canarymod/api/nbt/class-use/DoubleTag.html]
[ci.visualillusionsent.net/job/CanaryLib/javadoc/indexb0fe.html]
[ci.visualillusionsent.net/job/CanaryLib/javadoc/indexdd9c.html]
[ci.visualillusionsent.net/job/CanaryLib/javadoc/net/canarymod/api/world/blocks/class-use/Dropper.html]
[ci.visualillusionsent.net/job/CanaryLib/javadoc/indexc1ab.html]
[ci.visualillusionsent.net/job/CanaryLib/javadoc/index2f71.html]
[ci.visualillusionsent.net/job/CanaryLib/javadoc/net/canarymod/commandsys/class-use/DuplicateCommandException.html]
[ci.visualillusionsent.net/job/CanaryLib/javadoc/index1154.html]
[ci.visualillusionsent.net/job/CanaryLib/javadoc/index3944.html]
[ci.visualillusionsent.net/job/CanaryLib/javadoc/net/canarymod/api/class-use/DyeColor.html]
[ci.visualillusionsent.net/job/CanaryLib/javadoc/indexb0c1.html]
[ci.visualillusionsent.net/job/CanaryLib/javadoc/indexda07.html]
[ci.visualillusionsent.net/job/CanaryLib/javadoc/net/canarymod/commandsys/class-use/DynamicCommandAnnotation.html]
[ci.visualillusionsent.net/job/CanaryLib/javadoc/index0f1f.html]
[ci.visualillusionsent.net/job/CanaryLib/javadoc/indexfde5.html]
[ci.visualillusionsent.net/job/CanaryLib/javadoc/net/canarymod/commandsys/class-use/DynamicTabCompleteAnnotation.html]
[ci.visualillusionsent.net/job/CanaryLib/javadoc/indexcee9.html]
[ci.visualillusionsent.net/job/CanaryLib/javadoc/index5593.html]
[ci.visualillusionsent.net/job/CanaryLib/javadoc/net/canarymod/hook/player/class-use/EatHook.html]
[ci.visualillusionsent.net/job/CanaryLib/javadoc/index56ae.html]
[ci.visualillusionsent.net/job/CanaryLib/javadoc/index7d7f.html]
[ci.visualillusionsent.net/job/CanaryLib/javadoc/net/canarymod/commandsys/commands/vanilla/class-use/Effect.html]
[ci.visualillusionsent.net/job/CanaryLib/javadoc/index94d0.html]
[ci.visualillusionsent.net/job/CanaryLib/javadoc/index3dac.html]
[ci.visualillusionsent.net/job/CanaryLib/javadoc/net/canarymod/commandsys/commands/vanilla/class-use/Emote.html]
[ci.visualillusionsent.net/job/CanaryLib/javadoc/indexe086.html]
[ci.visualillusionsent.net/job/CanaryLib/javadoc/index4642.html]
[ci.visualillusionsent.net/job/CanaryLib/javadoc/net/canarymod/api/entity/vehicle/class-use/EmptyMinecart.html]
[ci.visualillusionsent.net/job/CanaryLib/javadoc/index5601.html]
[ci.visualillusionsent.net/job/CanaryLib/javadoc/index7a33.html]
[ci.visualillusionsent.net/job/CanaryLib/javadoc/net/canarymod/commandsys/commands/vanilla/class-use/Enchant.html]
[ci.visualillusionsent.net/job/CanaryLib/javadoc/index6220.html]
[ci.visualillusionsent.net/job/CanaryLib/javadoc/indexcfee.html]
[ci.visualillusionsent.net/job/CanaryLib/javadoc/net/canarymod/hook/player/class-use/EnchantHook.html]
[ci.visualillusionsent.net/job/CanaryLib/javadoc/index3d1b.html]
[ci.visualillusionsent.net/job/CanaryLib/javadoc/index4a87.html]
[ci.visualillusionsent.net/job/CanaryLib/javadoc/net/canarymod/api/inventory/class-use/Enchantment.html]
[ci.visualillusionsent.net/job/CanaryLib/javadoc/indexab1b.html]
[ci.visualillusionsent.net/job/CanaryLib/javadoc/indexdedb.html]
[ci.visualillusionsent.net/job/CanaryLib/javadoc/net/canarymod/api/inventory/class-use/Enchantment.Type.html]
[ci.visualillusionsent.net/job/CanaryLib/javadoc/indexe447.html]
[ci.visualillusionsent.net/job/CanaryLib/javadoc/indexed10.html]
[ci.visualillusionsent.net/job/CanaryLib/javadoc/net/canarymod/api/world/blocks/class-use/EnchantmentTable.html]
[ci.visualillusionsent.net/job/CanaryLib/javadoc/indexb903.html]
[ci.visualillusionsent.net/job/CanaryLib/javadoc/index068d.html]
[ci.visualillusionsent.net/job/CanaryLib/javadoc/net/canarymod/api/world/blocks/class-use/EnderChest.html]
[ci.visualillusionsent.net/job/CanaryLib/javadoc/index53a9.html]
[ci.visualillusionsent.net/job/CanaryLib/javadoc/indexa95a.html]
[ci.visualillusionsent.net/job/CanaryLib/javadoc/net/canarymod/api/inventory/class-use/EnderChestInventory.html]
[ci.visualillusionsent.net/job/CanaryLib/javadoc/indexa975.html]
[ci.visualillusionsent.net/job/CanaryLib/javadoc/index8600.html]
[ci.visualillusionsent.net/job/CanaryLib/javadoc/net/canarymod/api/world/blocks/properties/helpers/class-use/EnderChestProperties.html]
[ci.visualillusionsent.net/job/CanaryLib/javadoc/indexc48d.html]
[ci.visualillusionsent.net/job/CanaryLib/javadoc/index8774.html]
[ci.visualillusionsent.net/job/CanaryLib/javadoc/net/canarymod/api/entity/class-use/EnderCrystal.html]
[ci.visualillusionsent.net/job/CanaryLib/javadoc/index5ce1.html]
[ci.visualillusionsent.net/job/CanaryLib/javadoc/index8f92.html]
[ci.visualillusionsent.net/job/CanaryLib/javadoc/net/canarymod/api/entity/living/monster/class-use/EnderDragon.html]
[ci.visualillusionsent.net/job/CanaryLib/javadoc/indexdecf.html]
[ci.visualillusionsent.net/job/CanaryLib/javadoc/indexacec.html]
[ci.visualillusionsent.net/job/CanaryLib/javadoc/net/canarymod/api/entity/class-use/EnderEye.html]
[ci.visualillusionsent.net/job/CanaryLib/javadoc/index4135.html]
[ci.visualillusionsent.net/job/CanaryLib/javadoc/index7110.html]
[ci.visualillusionsent.net/job/CanaryLib/javadoc/net/canarymod/api/entity/living/monster/class-use/Enderman.html]
[ci.visualillusionsent.net/job/CanaryLib/javadoc/index82eb.html]
[ci.visualillusionsent.net/job/CanaryLib/javadoc/indexbc08.html]
[ci.visualillusionsent.net/job/CanaryLib/javadoc/net/canarymod/hook/entity/class-use/EndermanDropBlockHook.html]
[ci.visualillusionsent.net/job/CanaryLib/javadoc/index9062.html]
[ci.visualillusionsent.net/job/CanaryLib/javadoc/index5f4e.html]
[ci.visualillusionsent.net/job/CanaryLib/javadoc/net/canarymod/hook/entity/class-use/EndermanPickupBlockHook.html]
[ci.visualillusionsent.net/job/CanaryLib/javadoc/index495d.html]
[ci.visualillusionsent.net/job/CanaryLib/javadoc/index79e8.html]
[ci.visualillusionsent.net/job/CanaryLib/javadoc/net/canarymod/api/entity/living/monster/class-use/Endermite.html]
[ci.visualillusionsent.net/job/CanaryLib/javadoc/indexd1ea.html]
[ci.visualillusionsent.net/job/CanaryLib/javadoc/index261e.html]
[ci.visualillusionsent.net/job/CanaryLib/javadoc/net/canarymod/api/entity/throwable/class-use/EnderPearl.html]
[ci.visualillusionsent.net/job/CanaryLib/javadoc/indexec78.html]
[ci.visualillusionsent.net/job/CanaryLib/javadoc/index6ce8.html]
[ci.visualillusionsent.net/job/CanaryLib/javadoc/net/canarymod/api/world/blocks/properties/helpers/class-use/EndPortalFrameProperties.html]
[ci.visualillusionsent.net/job/CanaryLib/javadoc/indexa91c.html]
[ci.visualillusionsent.net/job/CanaryLib/javadoc/indexa6f2.html]
[ci.visualillusionsent.net/job/CanaryLib/javadoc/net/canarymod/api/entity/class-use/Entity.html]
[ci.visualillusionsent.net/job/CanaryLib/javadoc/indexbe3a.html]
[ci.visualillusionsent.net/job/CanaryLib/javadoc/index85cb.html]
[ci.visualillusionsent.net/job/CanaryLib/javadoc/net/canarymod/api/entity/living/animal/class-use/EntityAnimal.html]
[ci.visualillusionsent.net/job/CanaryLib/javadoc/indexb055.html]
[ci.visualillusionsent.net/job/CanaryLib/javadoc/index4f2e.html]
[ci.visualillusionsent.net/job/CanaryLib/javadoc/net/canarymod/commandsys/commands/vanilla/class-use/EntityData.html]
[ci.visualillusionsent.net/job/CanaryLib/javadoc/indexff84.html]
[ci.visualillusionsent.net/job/CanaryLib/javadoc/index0289.html]
[ci.visualillusionsent.net/job/CanaryLib/javadoc/net/canarymod/hook/entity/class-use/EntityDeathHook.html]
[ci.visualillusionsent.net/job/CanaryLib/javadoc/index467d.html]
[ci.visualillusionsent.net/job/CanaryLib/javadoc/index928a.html]
[ci.visualillusionsent.net/job/CanaryLib/javadoc/net/canarymod/hook/entity/class-use/EntityDespawnHook.html]
[ci.visualillusionsent.net/job/CanaryLib/javadoc/indexfb34.html]
[ci.visualillusionsent.net/job/CanaryLib/javadoc/indexae3c.html]
[ci.visualillusionsent.net/job/CanaryLib/javadoc/net/canarymod/api/factory/class-use/EntityFactory.html]
[ci.visualillusionsent.net/job/CanaryLib/javadoc/index3440.html]
[ci.visualillusionsent.net/job/CanaryLib/javadoc/index489e.html]
[ci.visualillusionsent.net/job/CanaryLib/javadoc/net/canarymod/api/entity/class-use/EntityItem.html]
[ci.visualillusionsent.net/job/CanaryLib/javadoc/indexf2f5.html]
[ci.visualillusionsent.net/job/CanaryLib/javadoc/index5be6.html]
[ci.visualillusionsent.net/job/CanaryLib/javadoc/net/canarymod/hook/entity/class-use/EntityLightningStruckHook.html]
[ci.visualillusionsent.net/job/CanaryLib/javadoc/index63a6.html]
[ci.visualillusionsent.net/job/CanaryLib/javadoc/index1614.html]
[ci.visualillusionsent.net/job/CanaryLib/javadoc/net/canarymod/api/entity/living/class-use/EntityLiving.html]
[ci.visualillusionsent.net/job/CanaryLib/javadoc/indexf57e.html]
[ci.visualillusionsent.net/job/CanaryLib/javadoc/index6b02.html]
[ci.visualillusionsent.net/job/CanaryLib/javadoc/net/canarymod/api/entity/living/monster/class-use/EntityMob.html]
[ci.visualillusionsent.net/job/CanaryLib/javadoc/index8abb.html]
[ci.visualillusionsent.net/job/CanaryLib/javadoc/indexbfb5.html]
[ci.visualillusionsent.net/job/CanaryLib/javadoc/net/canarymod/hook/entity/class-use/EntityMountHook.html]
[ci.visualillusionsent.net/job/CanaryLib/javadoc/indexfeaa.html]
[ci.visualillusionsent.net/job/CanaryLib/javadoc/indexdc77.html]
[ci.visualillusionsent.net/job/CanaryLib/javadoc/net/canarymod/hook/entity/class-use/EntityMoveHook.html]
[ci.visualillusionsent.net/job/CanaryLib/javadoc/index96eb.html]
[ci.visualillusionsent.net/job/CanaryLib/javadoc/index2650.html]
[ci.visualillusionsent.net/job/CanaryLib/javadoc/net/canarymod/api/entity/throwable/class-use/EntityPotion.html]
[ci.visualillusionsent.net/job/CanaryLib/javadoc/index4c28.html]
[ci.visualillusionsent.net/job/CanaryLib/javadoc/index39fa.html]
[ci.visualillusionsent.net/job/CanaryLib/javadoc/net/canarymod/hook/player/class-use/EntityRightClickHook.html]
[ci.visualillusionsent.net/job/CanaryLib/javadoc/index66a8.html]
[ci.visualillusionsent.net/job/CanaryLib/javadoc/index4fd7.html]
[ci.visualillusionsent.net/job/CanaryLib/javadoc/net/canarymod/hook/entity/class-use/EntitySpawnHook.html]
[ci.visualillusionsent.net/job/CanaryLib/javadoc/index5eff.html]
[ci.visualillusionsent.net/job/CanaryLib/javadoc/indexebde.html]
[ci.visualillusionsent.net/job/CanaryLib/javadoc/net/canarymod/hook/entity/class-use/EntityTameHook.html]
[ci.visualillusionsent.net/job/CanaryLib/javadoc/indexfa40.html]
[ci.visualillusionsent.net/job/CanaryLib/javadoc/indexa19a.html]
[ci.visualillusionsent.net/job/CanaryLib/javadoc/net/canarymod/api/entity/throwable/class-use/EntityThrowable.html]
[ci.visualillusionsent.net/job/CanaryLib/javadoc/index78e7.html]
[ci.visualillusionsent.net/job/CanaryLib/javadoc/index978c.html]
[ci.visualillusionsent.net/job/CanaryLib/javadoc/net/canarymod/api/class-use/EntityTracker.html]
[ci.visualillusionsent.net/job/CanaryLib/javadoc/indexd170.html]
[ci.visualillusionsent.net/job/CanaryLib/javadoc/index31c1.html]
[ci.visualillusionsent.net/job/CanaryLib/javadoc/net/canarymod/api/class-use/EntityTrackerEntry.html]
[ci.visualillusionsent.net/job/CanaryLib/javadoc/index3fce.html]
[ci.visualillusionsent.net/job/CanaryLib/javadoc/index1c02.html]
[ci.visualillusionsent.net/job/CanaryLib/javadoc/net/canarymod/api/entity/class-use/EntityType.html]
[ci.visualillusionsent.net/job/CanaryLib/javadoc/index1cb3.html]
[ci.visualillusionsent.net/job/CanaryLib/javadoc/index760b.html]
[ci.visualillusionsent.net/job/CanaryLib/javadoc/net/canarymod/commandsys/commands/vanilla/class-use/Execute.html]
[ci.visualillusionsent.net/job/CanaryLib/javadoc/index0155.html]
[ci.visualillusionsent.net/job/CanaryLib/javadoc/indexc55b.html]
[ci.visualillusionsent.net/job/CanaryLib/javadoc/net/canarymod/hook/player/class-use/ExperienceHook.html]
[ci.visualillusionsent.net/job/CanaryLib/javadoc/index09ef.html]
[ci.visualillusionsent.net/job/CanaryLib/javadoc/indexaa07.html]
[ci.visualillusionsent.net/job/CanaryLib/javadoc/net/canarymod/hook/world/class-use/ExplosionHook.html]
[ci.visualillusionsent.net/job/CanaryLib/javadoc/index9404.html]
[ci.visualillusionsent.net/job/CanaryLib/javadoc/index13b4.html]
[ci.visualillusionsent.net/job/CanaryLib/javadoc/net/canarymod/api/entity/class-use/Explosive.html]
[ci.visualillusionsent.net/job/CanaryLib/javadoc/indexe386.html]
[ci.visualillusionsent.net/job/CanaryLib/javadoc/index4d07.html]
[ci.visualillusionsent.net/job/CanaryLib/javadoc/net/canarymod/api/factory/class-use/Factory.html]
[ci.visualillusionsent.net/job/CanaryLib/javadoc/indexf6b6.html]
[ci.visualillusionsent.net/job/CanaryLib/javadoc/index4b27.html]
[ci.visualillusionsent.net/job/CanaryLib/javadoc/net/canarymod/api/entity/class-use/FallingBlock.html]
[ci.visualillusionsent.net/job/CanaryLib/javadoc/index505f.html]
[ci.visualillusionsent.net/job/CanaryLib/javadoc/indexb554.html]
[ci.visualillusionsent.net/job/CanaryLib/javadoc/net/canarymod/api/world/blocks/properties/helpers/class-use/FarmlandProperties.html]
[ci.visualillusionsent.net/job/CanaryLib/javadoc/index9090.html]
[ci.visualillusionsent.net/job/CanaryLib/javadoc/index9bf9.html]
[ci.visualillusionsent.net/job/CanaryLib/javadoc/net/canarymod/api/world/blocks/properties/helpers/class-use/FenceGateProperties.html]
[ci.visualillusionsent.net/job/CanaryLib/javadoc/index58ad.html]
[ci.visualillusionsent.net/job/CanaryLib/javadoc/index870f.html]
[ci.visualillusionsent.net/job/CanaryLib/javadoc/net/canarymod/api/world/blocks/properties/helpers/class-use/FenceProperties.html]
[ci.visualillusionsent.net/job/CanaryLib/javadoc/index3137.html]
[ci.visualillusionsent.net/job/CanaryLib/javadoc/index67f2.html]
[ci.visualillusionsent.net/job/CanaryLib/javadoc/net/canarymod/commandsys/commands/vanilla/class-use/Fill.html]
[ci.visualillusionsent.net/job/CanaryLib/javadoc/index3499.html]
[ci.visualillusionsent.net/job/CanaryLib/javadoc/index676a.html]
[ci.visualillusionsent.net/job/CanaryLib/javadoc/net/canarymod/api/entity/class-use/Fireball.html]
[ci.visualillusionsent.net/job/CanaryLib/javadoc/index5654.html]
[ci.visualillusionsent.net/job/CanaryLib/javadoc/index3447.html]
[ci.visualillusionsent.net/job/CanaryLib/javadoc/net/canarymod/api/world/blocks/properties/helpers/class-use/FireProperties.html]
[ci.visualillusionsent.net/job/CanaryLib/javadoc/indexfcf6.html]
[ci.visualillusionsent.net/job/CanaryLib/javadoc/indexb6da.html]
[ci.visualillusionsent.net/job/CanaryLib/javadoc/net/canarymod/hook/world/class-use/FireworkExplodeHook.html]
[ci.visualillusionsent.net/job/CanaryLib/javadoc/index060c.html]
[ci.visualillusionsent.net/job/CanaryLib/javadoc/index2365.html]
[ci.visualillusionsent.net/job/CanaryLib/javadoc/net/canarymod/api/inventory/helper/class-use/FireworkHelper.html]
[ci.visualillusionsent.net/job/CanaryLib/javadoc/indexc816.html]
[ci.visualillusionsent.net/job/CanaryLib/javadoc/index2d68.html]
[ci.visualillusionsent.net/job/CanaryLib/javadoc/net/canarymod/api/inventory/helper/class-use/FireworkHelper.ExplosionType.html]
[ci.visualillusionsent.net/job/CanaryLib/javadoc/index9a95.html]
[ci.visualillusionsent.net/job/CanaryLib/javadoc/indexa18d.html]
[ci.visualillusionsent.net/job/CanaryLib/javadoc/net/canarymod/api/entity/class-use/FireworkRocket.html]
[ci.visualillusionsent.net/job/CanaryLib/javadoc/index77c4.html]
[ci.visualillusionsent.net/job/CanaryLib/javadoc/index92e0.html]
[ci.visualillusionsent.net/job/CanaryLib/javadoc/net/canarymod/api/entity/class-use/FishHook.html]
[ci.visualillusionsent.net/job/CanaryLib/javadoc/index3047.html]
[ci.visualillusionsent.net/job/CanaryLib/javadoc/index6d0b.html]
[ci.visualillusionsent.net/job/CanaryLib/javadoc/net/canarymod/api/nbt/class-use/FloatTag.html]
[ci.visualillusionsent.net/job/CanaryLib/javadoc/index3988.html]
[ci.visualillusionsent.net/job/CanaryLib/javadoc/indexafd4.html]
[ci.visualillusionsent.net/job/CanaryLib/javadoc/net/canarymod/api/world/blocks/properties/helpers/class-use/FlowerPotProperties.html]
[ci.visualillusionsent.net/job/CanaryLib/javadoc/index76a8.html]
[ci.visualillusionsent.net/job/CanaryLib/javadoc/index7611.html]
[ci.visualillusionsent.net/job/CanaryLib/javadoc/net/canarymod/api/world/blocks/properties/helpers/class-use/FlowerPotProperties.Contents.html]
[ci.visualillusionsent.net/job/CanaryLib/javadoc/index54fd.html]
[ci.visualillusionsent.net/job/CanaryLib/javadoc/index320c.html]
[ci.visualillusionsent.net/job/CanaryLib/javadoc/net/canarymod/api/world/blocks/properties/helpers/class-use/FlowerProperties.html]
[ci.visualillusionsent.net/job/CanaryLib/javadoc/indexec1f.html]
[ci.visualillusionsent.net/job/CanaryLib/javadoc/index1394.html]
[ci.visualillusionsent.net/job/CanaryLib/javadoc/net/canarymod/api/world/blocks/properties/helpers/class-use/FlowerProperties.Type.html]
[ci.visualillusionsent.net/job/CanaryLib/javadoc/indexab3b.html]
[ci.visualillusionsent.net/job/CanaryLib/javadoc/index821c.html]
[ci.visualillusionsent.net/job/CanaryLib/javadoc/net/canarymod/hook/world/class-use/FlowHook.html]
[ci.visualillusionsent.net/job/CanaryLib/javadoc/index640a.html]
[ci.visualillusionsent.net/job/CanaryLib/javadoc/indexa13d.html]
[ci.visualillusionsent.net/job/CanaryLib/javadoc/net/canarymod/hook/player/class-use/FoodExhaustionHook.html]
[ci.visualillusionsent.net/job/CanaryLib/javadoc/indexcf41.html]
[ci.visualillusionsent.net/job/CanaryLib/javadoc/indexf616.html]
[ci.visualillusionsent.net/job/CanaryLib/javadoc/net/canarymod/hook/player/class-use/FoodLevelHook.html]
[ci.visualillusionsent.net/job/CanaryLib/javadoc/index5906.html]
[ci.visualillusionsent.net/job/CanaryLib/javadoc/indexd944.html]
[ci.visualillusionsent.net/job/CanaryLib/javadoc/net/canarymod/hook/player/class-use/FoodSaturationHook.html]
[ci.visualillusionsent.net/job/CanaryLib/javadoc/indexc626.html]
[ci.visualillusionsent.net/job/CanaryLib/javadoc/indexf622.html]
[ci.visualillusionsent.net/job/CanaryLib/javadoc/net/canarymod/api/world/blocks/class-use/Furnace.html]
[ci.visualillusionsent.net/job/CanaryLib/javadoc/indexaa7c.html]
[ci.visualillusionsent.net/job/CanaryLib/javadoc/index70c3.html]
[ci.visualillusionsent.net/job/CanaryLib/javadoc/net/canarymod/api/entity/vehicle/class-use/FurnaceMinecart.html]
[ci.visualillusionsent.net/job/CanaryLib/javadoc/index1d5f.html]
[ci.visualillusionsent.net/job/CanaryLib/javadoc/index8ea7.html]
[ci.visualillusionsent.net/job/CanaryLib/javadoc/net/canarymod/api/world/blocks/properties/helpers/class-use/FurnaceProperties.html]
[ci.visualillusionsent.net/job/CanaryLib/javadoc/indexd4c4.html]
[ci.visualillusionsent.net/job/CanaryLib/javadoc/indexe476.html]
[ci.visualillusionsent.net/job/CanaryLib/javadoc/net/canarymod/api/class-use/GameMode.html]
[ci.visualillusionsent.net/job/CanaryLib/javadoc/index9291.html]
[ci.visualillusionsent.net/job/CanaryLib/javadoc/index917c.html]
[ci.visualillusionsent.net/job/CanaryLib/javadoc/net/canarymod/commandsys/commands/vanilla/class-use/GameMode.html]
[ci.visualillusionsent.net/job/CanaryLib/javadoc/indexfa26.html]
[ci.visualillusionsent.net/job/CanaryLib/javadoc/index44a3.html]
[ci.visualillusionsent.net/job/CanaryLib/javadoc/net/canarymod/hook/player/class-use/GameModeChangeHook.html]
[ci.visualillusionsent.net/job/CanaryLib/javadoc/index1c42.html]
[ci.visualillusionsent.net/job/CanaryLib/javadoc/index5433.html]
[ci.visualillusionsent.net/job/CanaryLib/javadoc/net/canarymod/commandsys/commands/vanilla/class-use/GameRule.html]
[ci.visualillusionsent.net/job/CanaryLib/javadoc/index303d.html]
[ci.visualillusionsent.net/job/CanaryLib/javadoc/indexb6db.html]
[ci.visualillusionsent.net/job/CanaryLib/javadoc/net/canarymod/api/attributes/class-use/GenericAttribute.html]
[ci.visualillusionsent.net/job/CanaryLib/javadoc/indexe27d.html]
[ci.visualillusionsent.net/job/CanaryLib/javadoc/index29a2.html]
[ci.visualillusionsent.net/job/CanaryLib/javadoc/net/canarymod/commandsys/commands/player/class-use/GetPosition.html]
[ci.visualillusionsent.net/job/CanaryLib/javadoc/indexe6f2.html]
[ci.visualillusionsent.net/job/CanaryLib/javadoc/index5866.html]
[ci.visualillusionsent.net/job/CanaryLib/javadoc/net/canarymod/api/entity/living/monster/class-use/Ghast.html]
[ci.visualillusionsent.net/job/CanaryLib/javadoc/index3b08.html]
[ci.visualillusionsent.net/job/CanaryLib/javadoc/indexe0fa.html]
[ci.visualillusionsent.net/job/CanaryLib/javadoc/net/canarymod/api/entity/living/monster/class-use/GiantZombie.html]
[ci.visualillusionsent.net/job/CanaryLib/javadoc/indexa354.html]
[ci.visualillusionsent.net/job/CanaryLib/javadoc/indexcff7.html]
[ci.visualillusionsent.net/job/CanaryLib/javadoc/net/canarymod/commandsys/commands/vanilla/class-use/Give.html]
[ci.visualillusionsent.net/job/CanaryLib/javadoc/index65c1.html]
[ci.visualillusionsent.net/job/CanaryLib/javadoc/index5c8a.html]
[ci.visualillusionsent.net/job/CanaryLib/javadoc/net/canarymod/commandsys/commands/player/class-use/GodCommand.html]
[ci.visualillusionsent.net/job/CanaryLib/javadoc/index4751.html]
[ci.visualillusionsent.net/job/CanaryLib/javadoc/indexe0ce.html]
[ci.visualillusionsent.net/job/CanaryLib/javadoc/net/canarymod/api/entity/living/class-use/Golem.html]
[ci.visualillusionsent.net/job/CanaryLib/javadoc/index06fc.html]
[ci.visualillusionsent.net/job/CanaryLib/javadoc/index1256.html]
[ci.visualillusionsent.net/job/CanaryLib/javadoc/net/canarymod/api/inventory/slot/class-use/GrabMode.html]
[ci.visualillusionsent.net/job/CanaryLib/javadoc/index0fb7.html]
[ci.visualillusionsent.net/job/CanaryLib/javadoc/indexbb4d.html]
[ci.visualillusionsent.net/job/CanaryLib/javadoc/net/canarymod/api/world/blocks/properties/helpers/class-use/GrassProperties.html]
[ci.visualillusionsent.net/job/CanaryLib/javadoc/index6ca3.html]
[ci.visualillusionsent.net/job/CanaryLib/javadoc/index87cf.html]
[ci.visualillusionsent.net/job/CanaryLib/javadoc/net/canarymod/user/class-use/Group.html]
[ci.visualillusionsent.net/job/CanaryLib/javadoc/indexa8d1.html]
[ci.visualillusionsent.net/job/CanaryLib/javadoc/net/canarymod/user/package-tree.html]
[ci.visualillusionsent.net/job/CanaryLib/javadoc/index8ea4.html]
[ci.visualillusionsent.net/job/CanaryLib/javadoc/index5551.html]
[ci.visualillusionsent.net/job/CanaryLib/javadoc/net/canarymod/commandsys/commands/groupmod/class-use/GroupBase.html]
[ci.visualillusionsent.net/job/CanaryLib/javadoc/index96ba.html]
[ci.visualillusionsent.net/job/CanaryLib/javadoc/net/canarymod/commandsys/commands/groupmod/package-tree.html]
[ci.visualillusionsent.net/job/CanaryLib/javadoc/indexf3cf.html]
[ci.visualillusionsent.net/job/CanaryLib/javadoc/indexe792.html]
[ci.visualillusionsent.net/job/CanaryLib/javadoc/net/canarymod/commandsys/commands/groupmod/class-use/GroupCheck.html]
[ci.visualillusionsent.net/job/CanaryLib/javadoc/index87b3.html]
[ci.visualillusionsent.net/job/CanaryLib/javadoc/index0a1b.html]
[ci.visualillusionsent.net/job/CanaryLib/javadoc/net/canarymod/commandsys/commands/groupmod/class-use/GroupCreate.html]
[ci.visualillusionsent.net/job/CanaryLib/javadoc/index7dac.html]
[ci.visualillusionsent.net/job/CanaryLib/javadoc/index0c6e.html]
[ci.visualillusionsent.net/job/CanaryLib/javadoc/net/canarymod/backbone/class-use/GroupDataAccess.html]
[ci.visualillusionsent.net/job/CanaryLib/javadoc/index107f.html]
[ci.visualillusionsent.net/job/CanaryLib/javadoc/indexdc95.html]
[ci.visualillusionsent.net/job/CanaryLib/javadoc/net/canarymod/commandsys/commands/groupmod/class-use/GroupList.html]
[ci.visualillusionsent.net/job/CanaryLib/javadoc/indexdcd9.html]
[ci.visualillusionsent.net/job/CanaryLib/javadoc/indexa669.html]
[ci.visualillusionsent.net/job/CanaryLib/javadoc/net/canarymod/commandsys/commands/groupmod/class-use/GroupParent.html]
[ci.visualillusionsent.net/job/CanaryLib/javadoc/index18bb.html]
[ci.visualillusionsent.net/job/CanaryLib/javadoc/index4206.html]
[ci.visualillusionsent.net/job/CanaryLib/javadoc/net/canarymod/commandsys/commands/groupmod/class-use/GroupPermissionAdd.html]
[ci.visualillusionsent.net/job/CanaryLib/javadoc/index4bda.html]
[ci.visualillusionsent.net/job/CanaryLib/javadoc/indexcf4f.html]
[ci.visualillusionsent.net/job/CanaryLib/javadoc/net/canarymod/commandsys/commands/groupmod/class-use/GroupPermissionCheck.html]
[ci.visualillusionsent.net/job/CanaryLib/javadoc/index505a.html]
[ci.visualillusionsent.net/job/CanaryLib/javadoc/indexb1ed.html]
[ci.visualillusionsent.net/job/CanaryLib/javadoc/net/canarymod/commandsys/commands/groupmod/class-use/GroupPermissionFlush.html]
[ci.visualillusionsent.net/job/CanaryLib/javadoc/indexfdff.html]
[ci.visualillusionsent.net/job/CanaryLib/javadoc/indexd25c.html]
[ci.visualillusionsent.net/job/CanaryLib/javadoc/net/canarymod/commandsys/commands/groupmod/class-use/GroupPermissionList.html]
[ci.visualillusionsent.net/job/CanaryLib/javadoc/index8834.html]
[ci.visualillusionsent.net/job/CanaryLib/javadoc/index11e0.html]
[ci.visualillusionsent.net/job/CanaryLib/javadoc/net/canarymod/commandsys/commands/groupmod/class-use/GroupPermissionRemove.html]
[ci.visualillusionsent.net/job/CanaryLib/javadoc/index2263.html]
[ci.visualillusionsent.net/job/CanaryLib/javadoc/index48e1.html]
[ci.visualillusionsent.net/job/CanaryLib/javadoc/net/canarymod/commandsys/commands/groupmod/class-use/GroupPrefix.html]
[ci.visualillusionsent.net/job/CanaryLib/javadoc/indexa804.html]
[ci.visualillusionsent.net/job/CanaryLib/javadoc/index0d58.html]
[ci.visualillusionsent.net/job/CanaryLib/javadoc/net/canarymod/commandsys/commands/groupmod/class-use/GroupRemove.html]
[ci.visualillusionsent.net/job/CanaryLib/javadoc/index1c61.html]
[ci.visualillusionsent.net/job/CanaryLib/javadoc/index0bb0.html]
[ci.visualillusionsent.net/job/CanaryLib/javadoc/net/canarymod/commandsys/commands/groupmod/class-use/GroupRename.html]
[ci.visualillusionsent.net/job/CanaryLib/javadoc/index55c4.html]
[ci.visualillusionsent.net/job/CanaryLib/javadoc/index52e0.html]
[ci.visualillusionsent.net/job/CanaryLib/javadoc/net/canarymod/api/entity/living/monster/class-use/Guardian.html]
[ci.visualillusionsent.net/job/CanaryLib/javadoc/indexa4cc.html]
[ci.visualillusionsent.net/job/CanaryLib/javadoc/index3f9d.html]
[ci.visualillusionsent.net/job/CanaryLib/javadoc/net/canarymod/api/gui/class-use/GUIControl.html]
[ci.visualillusionsent.net/job/CanaryLib/javadoc/index422d.html]
[ci.visualillusionsent.net/job/CanaryLib/javadoc/net/canarymod/api/gui/package-tree.html]
[ci.visualillusionsent.net/job/CanaryLib/javadoc/indexd908.html]
[ci.visualillusionsent.net/job/CanaryLib/javadoc/index9573.html]
[ci.visualillusionsent.net/job/CanaryLib/javadoc/net/canarymod/api/entity/hanging/class-use/HangingEntity.html]
[ci.visualillusionsent.net/job/CanaryLib/javadoc/indexc836.html]
[ci.visualillusionsent.net/job/CanaryLib/javadoc/net/canarymod/api/entity/hanging/package-tree.html]
[ci.visualillusionsent.net/job/CanaryLib/javadoc/indexf08d.html]
[ci.visualillusionsent.net/job/CanaryLib/javadoc/index13af.html]
[ci.visualillusionsent.net/job/CanaryLib/javadoc/net/canarymod/hook/entity/class-use/HangingEntityDestroyHook.html]
[ci.visualillusionsent.net/job/CanaryLib/javadoc/index92de.html]
[ci.visualillusionsent.net/job/CanaryLib/javadoc/index6905.html]
[ci.visualillusionsent.net/job/CanaryLib/javadoc/net/canarymod/hook/player/class-use/HealthChangeHook.html]
[ci.visualillusionsent.net/job/CanaryLib/javadoc/index685a.html]
[ci.visualillusionsent.net/job/CanaryLib/javadoc/index462b.html]
[ci.visualillusionsent.net/job/CanaryLib/javadoc/net/canarymod/hook/player/class-use/HeldItemChangeHook.html]
[ci.visualillusionsent.net/job/CanaryLib/javadoc/index2a36.html]
[ci.visualillusionsent.net/job/CanaryLib/javadoc/index5f97.html]
[ci.visualillusionsent.net/job/CanaryLib/javadoc/net/canarymod/commandsys/commands/system/class-use/HelpCommand.html]
[ci.visualillusionsent.net/job/CanaryLib/javadoc/indexbca8.html]
[ci.visualillusionsent.net/job/CanaryLib/javadoc/indexd0fa.html]
[ci.visualillusionsent.net/job/CanaryLib/javadoc/net/canarymod/help/class-use/HelpManager.html]
[ci.visualillusionsent.net/job/CanaryLib/javadoc/indexbda3.html]
[ci.visualillusionsent.net/job/CanaryLib/javadoc/net/canarymod/help/package-tree.html]
[ci.visualillusionsent.net/job/CanaryLib/javadoc/index60be.html]
[ci.visualillusionsent.net/job/CanaryLib/javadoc/index51f7.html]
[ci.visualillusionsent.net/job/CanaryLib/javadoc/net/canarymod/help/class-use/HelpNode.html]
[ci.visualillusionsent.net/job/CanaryLib/javadoc/index7798.html]
[ci.visualillusionsent.net/job/CanaryLib/javadoc/index7886.html]
[ci.visualillusionsent.net/job/CanaryLib/javadoc/net/canarymod/commandsys/commands/warp/class-use/Home.html]
[ci.visualillusionsent.net/job/CanaryLib/javadoc/index6e0c.html]
[ci.visualillusionsent.net/job/CanaryLib/javadoc/net/canarymod/commandsys/commands/warp/package-tree.html]
[ci.visualillusionsent.net/job/CanaryLib/javadoc/index1d00.html]
[ci.visualillusionsent.net/job/CanaryLib/javadoc/index8744.html]
[ci.visualillusionsent.net/job/CanaryLib/javadoc/net/canarymod/hook/class-use/Hook.html]
[ci.visualillusionsent.net/job/CanaryLib/javadoc/indexa8ca.html]
[ci.visualillusionsent.net/job/CanaryLib/javadoc/index08c3.html]
[ci.visualillusionsent.net/job/CanaryLib/javadoc/net/canarymod/hook/class-use/HookConsistencyException.html]
[ci.visualillusionsent.net/job/CanaryLib/javadoc/index9fa1.html]
[ci.visualillusionsent.net/job/CanaryLib/javadoc/index3655.html]
[ci.visualillusionsent.net/job/CanaryLib/javadoc/net/canarymod/hook/class-use/HookExecutionException.html]
[ci.visualillusionsent.net/job/CanaryLib/javadoc/indexab3c.html]
[ci.visualillusionsent.net/job/CanaryLib/javadoc/index7916.html]
[ci.visualillusionsent.net/job/CanaryLib/javadoc/net/canarymod/hook/class-use/HookExecutor.html]
[ci.visualillusionsent.net/job/CanaryLib/javadoc/index4957.html]
[ci.visualillusionsent.net/job/CanaryLib/javadoc/index7a89.html]
[ci.visualillusionsent.net/job/CanaryLib/javadoc/net/canarymod/hook/class-use/HookExecutorInterface.html]
[ci.visualillusionsent.net/job/CanaryLib/javadoc/indexb3dd.html]
[ci.visualillusionsent.net/job/CanaryLib/javadoc/indexec6b-2.html]
[ci.visualillusionsent.net/job/CanaryLib/javadoc/net/canarymod/hook/class-use/HookHandler.html]
[ci.visualillusionsent.net/job/CanaryLib/javadoc/index6899.html]
[ci.visualillusionsent.net/job/CanaryLib/javadoc/index5a21.html]
[ci.visualillusionsent.net/job/CanaryLib/javadoc/net/canarymod/api/inventory/class-use/Hopper.html]
[ci.visualillusionsent.net/job/CanaryLib/javadoc/indexc22f.html]
[ci.visualillusionsent.net/job/CanaryLib/javadoc/index7ef9.html]
[ci.visualillusionsent.net/job/CanaryLib/javadoc/net/canarymod/api/world/blocks/class-use/HopperBlock.html]
[ci.visualillusionsent.net/job/CanaryLib/javadoc/index23ab.html]
[ci.visualillusionsent.net/job/CanaryLib/javadoc/index38c0.html]
[ci.visualillusionsent.net/job/CanaryLib/javadoc/net/canarymod/api/entity/vehicle/class-use/HopperMinecart.html]
[ci.visualillusionsent.net/job/CanaryLib/javadoc/indexd6e4.html]
[ci.visualillusionsent.net/job/CanaryLib/javadoc/index42da.html]
[ci.visualillusionsent.net/job/CanaryLib/javadoc/net/canarymod/api/world/blocks/properties/helpers/class-use/HopperProperties.html]
[ci.visualillusionsent.net/job/CanaryLib/javadoc/indexe94c.html]
[ci.visualillusionsent.net/job/CanaryLib/javadoc/index3404.html]
[ci.visualillusionsent.net/job/CanaryLib/javadoc/net/canarymod/hook/world/class-use/HopperTransferHook.html]
[ci.visualillusionsent.net/job/CanaryLib/javadoc/indexf2c7.html]
[ci.visualillusionsent.net/job/CanaryLib/javadoc/index97ad.html]
[ci.visualillusionsent.net/job/CanaryLib/javadoc/net/canarymod/api/entity/living/animal/class-use/Horse.html]
[ci.visualillusionsent.net/job/CanaryLib/javadoc/indexe9e5.html]
[ci.visualillusionsent.net/job/CanaryLib/javadoc/index9f5d.html]
[ci.visualillusionsent.net/job/CanaryLib/javadoc/net/canarymod/api/entity/living/animal/class-use/Horse.HorseType.html]
[ci.visualillusionsent.net/job/CanaryLib/javadoc/indexccd7.html]
[ci.visualillusionsent.net/job/CanaryLib/javadoc/index166b.html]
[ci.visualillusionsent.net/job/CanaryLib/javadoc/net/canarymod/api/attributes/class-use/HorseAttribute.html]
[ci.visualillusionsent.net/job/CanaryLib/javadoc/index11a7.html]
[ci.visualillusionsent.net/job/CanaryLib/javadoc/indexebac.html]
[ci.visualillusionsent.net/job/CanaryLib/javadoc/net/canarymod/api/chat/class-use/HoverEvent.html]
[ci.visualillusionsent.net/job/CanaryLib/javadoc/indexb530.html]
[ci.visualillusionsent.net/job/CanaryLib/javadoc/indexd6e7.html]
[ci.visualillusionsent.net/job/CanaryLib/javadoc/net/canarymod/api/chat/class-use/HoverEventAction.html]
[ci.visualillusionsent.net/job/CanaryLib/javadoc/indexfd9e.html]
[ci.visualillusionsent.net/job/CanaryLib/javadoc/index6f65.html]
[ci.visualillusionsent.net/job/CanaryLib/javadoc/net/canarymod/api/world/blocks/properties/helpers/class-use/HugeMushroomProperties.html]
[ci.visualillusionsent.net/job/CanaryLib/javadoc/index722b.html]
[ci.visualillusionsent.net/job/CanaryLib/javadoc/index0281.html]
[ci.visualillusionsent.net/job/CanaryLib/javadoc/net/canarymod/api/world/blocks/properties/helpers/class-use/HugeMushroomProperties.Variant.html]
[ci.visualillusionsent.net/job/CanaryLib/javadoc/index66e0.html]
[ci.visualillusionsent.net/job/CanaryLib/javadoc/index59cf-2.html]
[ci.visualillusionsent.net/job/CanaryLib/javadoc/net/canarymod/api/entity/living/humanoid/class-use/Human.html]
[ci.visualillusionsent.net/job/CanaryLib/javadoc/index8939.html]
[ci.visualillusionsent.net/job/CanaryLib/javadoc/net/canarymod/api/entity/living/humanoid/package-tree.html]
[ci.visualillusionsent.net/job/CanaryLib/javadoc/index06f9.html]
[ci.visualillusionsent.net/job/CanaryLib/javadoc/indexc3c9.html]
[ci.visualillusionsent.net/job/CanaryLib/javadoc/net/canarymod/api/entity/living/humanoid/class-use/HumanCapabilities.html]
[ci.visualillusionsent.net/job/CanaryLib/javadoc/indexe3c9.html]
[ci.visualillusionsent.net/job/CanaryLib/javadoc/indexf576.html]
[ci.visualillusionsent.net/job/CanaryLib/javadoc/net/canarymod/hook/world/class-use/IgnitionHook.html]
[ci.visualillusionsent.net/job/CanaryLib/javadoc/index40ce.html]
[ci.visualillusionsent.net/job/CanaryLib/javadoc/index5e57.html]
[ci.visualillusionsent.net/job/CanaryLib/javadoc/net/canarymod/hook/world/class-use/IgnitionHook.IgnitionCause.html]
[ci.visualillusionsent.net/job/CanaryLib/javadoc/index1044.html]
[ci.visualillusionsent.net/job/CanaryLib/javadoc/index9d90.html]
[ci.visualillusionsent.net/job/CanaryLib/javadoc/net/canarymod/api/nbt/class-use/IntArrayTag.html]
[ci.visualillusionsent.net/job/CanaryLib/javadoc/index94d8.html]
[ci.visualillusionsent.net/job/CanaryLib/javadoc/indexf5c6.html]
[ci.visualillusionsent.net/job/CanaryLib/javadoc/net/canarymod/api/nbt/class-use/IntTag.html]
[ci.visualillusionsent.net/job/CanaryLib/javadoc/indexc055.html]
[ci.visualillusionsent.net/job/CanaryLib/javadoc/indexc845.html]
[ci.visualillusionsent.net/job/CanaryLib/javadoc/net/canarymod/exceptions/class-use/InvalidInstanceException.html]
[ci.visualillusionsent.net/job/CanaryLib/javadoc/index87a0.html]
[ci.visualillusionsent.net/job/CanaryLib/javadoc/net/canarymod/exceptions/package-tree.html]
[ci.visualillusionsent.net/job/CanaryLib/javadoc/index7665.html]
[ci.visualillusionsent.net/job/CanaryLib/javadoc/index7385.html]
[ci.visualillusionsent.net/job/CanaryLib/javadoc/net/canarymod/api/packet/class-use/InvalidPacketConstructionException.html]
[ci.visualillusionsent.net/job/CanaryLib/javadoc/indexd341.html]
[ci.visualillusionsent.net/job/CanaryLib/javadoc/index5be1.html]
[ci.visualillusionsent.net/job/CanaryLib/javadoc/net/canarymod/exceptions/class-use/InvalidPluginException.html]
[ci.visualillusionsent.net/job/CanaryLib/javadoc/indexd2f4.html]
[ci.visualillusionsent.net/job/CanaryLib/javadoc/indexcae5.html]
[ci.visualillusionsent.net/job/CanaryLib/javadoc/net/canarymod/plugin/lifecycle/class-use/InvalidPluginLifecycleException.html]
[ci.visualillusionsent.net/job/CanaryLib/javadoc/index841c.html]
[ci.visualillusionsent.net/job/CanaryLib/javadoc/net/canarymod/plugin/lifecycle/package-tree.html]
[ci.visualillusionsent.net/job/CanaryLib/javadoc/indexb28d.html]
[ci.visualillusionsent.net/job/CanaryLib/javadoc/indexa17c.html]
[ci.visualillusionsent.net/job/CanaryLib/javadoc/net/canarymod/api/inventory/class-use/Inventory.html]
[ci.visualillusionsent.net/job/CanaryLib/javadoc/indexde88.html]
[ci.visualillusionsent.net/job/CanaryLib/javadoc/indexd093.html]
[ci.visualillusionsent.net/job/CanaryLib/javadoc/net/canarymod/hook/player/class-use/InventoryHook.html]
[ci.visualillusionsent.net/job/CanaryLib/javadoc/index5961.html]
[ci.visualillusionsent.net/job/CanaryLib/javadoc/indexc7ee.html]
[ci.visualillusionsent.net/job/CanaryLib/javadoc/net/canarymod/api/inventory/class-use/InventoryType.html]
[ci.visualillusionsent.net/job/CanaryLib/javadoc/index31fa.html]
[ci.visualillusionsent.net/job/CanaryLib/javadoc/indexb2f4.html]
[ci.visualillusionsent.net/job/CanaryLib/javadoc/net/canarymod/commandsys/commands/system/bans/class-use/IpBanCommand.html]
[ci.visualillusionsent.net/job/CanaryLib/javadoc/index7532.html]
[ci.visualillusionsent.net/job/CanaryLib/javadoc/indexd152.html]
[ci.visualillusionsent.net/job/CanaryLib/javadoc/net/canarymod/api/entity/living/class-use/IronGolem.html]
[ci.visualillusionsent.net/job/CanaryLib/javadoc/indexd5d2.html]
[ci.visualillusionsent.net/job/CanaryLib/javadoc/indexa9f2.html]
[ci.visualillusionsent.net/job/CanaryLib/javadoc/net/canarymod/api/inventory/class-use/Item.html]
[ci.visualillusionsent.net/job/CanaryLib/javadoc/index055c.html]
[ci.visualillusionsent.net/job/CanaryLib/javadoc/indexc199.html]
[ci.visualillusionsent.net/job/CanaryLib/javadoc/net/canarymod/hook/player/class-use/ItemDropHook.html]
[ci.visualillusionsent.net/job/CanaryLib/javadoc/indexf20d.html]
[ci.visualillusionsent.net/job/CanaryLib/javadoc/index2e72.html]
[ci.visualillusionsent.net/job/CanaryLib/javadoc/net/canarymod/api/factory/class-use/ItemFactory.html]
[ci.visualillusionsent.net/job/CanaryLib/javadoc/index9e9a.html]
[ci.visualillusionsent.net/job/CanaryLib/javadoc/index90d8.html]
[ci.visualillusionsent.net/job/CanaryLib/javadoc/net/canarymod/api/entity/hanging/class-use/ItemFrame.html]
[ci.visualillusionsent.net/job/CanaryLib/javadoc/indexbfe4.html]
[ci.visualillusionsent.net/job/CanaryLib/javadoc/index5474.html]
[ci.visualillusionsent.net/job/CanaryLib/javadoc/net/canarymod/hook/player/class-use/ItemFrameRotateHook.html]
[ci.visualillusionsent.net/job/CanaryLib/javadoc/indexf893.html]
[ci.visualillusionsent.net/job/CanaryLib/javadoc/index44b1.html]
[ci.visualillusionsent.net/job/CanaryLib/javadoc/net/canarymod/hook/player/class-use/ItemFrameSetItemHook.html]
[ci.visualillusionsent.net/job/CanaryLib/javadoc/index870d.html]
[ci.visualillusionsent.net/job/CanaryLib/javadoc/index6a1d.html]
[ci.visualillusionsent.net/job/CanaryLib/javadoc/net/canarymod/hook/player/class-use/ItemPickupHook.html]
[ci.visualillusionsent.net/job/CanaryLib/javadoc/index8d23.html]
[ci.visualillusionsent.net/job/CanaryLib/javadoc/indexe0d6.html]
[ci.visualillusionsent.net/job/CanaryLib/javadoc/net/canarymod/hook/entity/class-use/ItemTouchGroundHook.html]
[ci.visualillusionsent.net/job/CanaryLib/javadoc/index057c.html]
[ci.visualillusionsent.net/job/CanaryLib/javadoc/index3b96.html]
[ci.visualillusionsent.net/job/CanaryLib/javadoc/net/canarymod/api/inventory/class-use/ItemType.html]
[ci.visualillusionsent.net/job/CanaryLib/javadoc/index581e.html]
[ci.visualillusionsent.net/job/CanaryLib/javadoc/index03c1.html]
[ci.visualillusionsent.net/job/CanaryLib/javadoc/net/canarymod/api/inventory/class-use/ItemTypeException.html]
[ci.visualillusionsent.net/job/CanaryLib/javadoc/indexd090.html]
[ci.visualillusionsent.net/job/CanaryLib/javadoc/index6720.html]
[ci.visualillusionsent.net/job/CanaryLib/javadoc/net/canarymod/hook/player/class-use/ItemUseHook.html]
[ci.visualillusionsent.net/job/CanaryLib/javadoc/indexd35d.html]
[ci.visualillusionsent.net/job/CanaryLib/javadoc/index302c.html]
[ci.visualillusionsent.net/job/CanaryLib/javadoc/net/canarymod/plugin/lifecycle/class-use/JavaPluginLifecycle.html]
[ci.visualillusionsent.net/job/CanaryLib/javadoc/indexbfc7.html]
[ci.visualillusionsent.net/job/CanaryLib/javadoc/index537c.html]
[ci.visualillusionsent.net/job/CanaryLib/javadoc/net/canarymod/database/class-use/JdbcConnectionManager.html]
[ci.visualillusionsent.net/job/CanaryLib/javadoc/indexad3f.html]
[ci.visualillusionsent.net/job/CanaryLib/javadoc/index1024.html]
[ci.visualillusionsent.net/job/CanaryLib/javadoc/net/canarymod/util/class-use/JsonNBTUtility.html]
[ci.visualillusionsent.net/job/CanaryLib/javadoc/indexcd76.html]
[ci.visualillusionsent.net/job/CanaryLib/javadoc/net/canarymod/util/package-tree.html]
[ci.visualillusionsent.net/job/CanaryLib/javadoc/index58ae.html]
[ci.visualillusionsent.net/job/CanaryLib/javadoc/indexb16e.html]
[ci.visualillusionsent.net/job/CanaryLib/javadoc/net/canarymod/api/world/blocks/class-use/Jukebox.html]
[ci.visualillusionsent.net/job/CanaryLib/javadoc/index381f.html]
[ci.visualillusionsent.net/job/CanaryLib/javadoc/indexcff5.html]
[ci.visualillusionsent.net/job/CanaryLib/javadoc/net/canarymod/api/world/blocks/properties/helpers/class-use/JukeboxProperties.html]
[ci.visualillusionsent.net/job/CanaryLib/javadoc/index5adf.html]
[ci.visualillusionsent.net/job/CanaryLib/javadoc/index7f99.html]
[ci.visualillusionsent.net/job/CanaryLib/javadoc/net/canarymod/commandsys/commands/system/class-use/Kick.html]
[ci.visualillusionsent.net/job/CanaryLib/javadoc/indexa2eb.html]
[ci.visualillusionsent.net/job/CanaryLib/javadoc/index9e3a.html]
[ci.visualillusionsent.net/job/CanaryLib/javadoc/net/canarymod/hook/player/class-use/KickHook.html]
[ci.visualillusionsent.net/job/CanaryLib/javadoc/indexbd76.html]
[ci.visualillusionsent.net/job/CanaryLib/javadoc/index4396.html]
[ci.visualillusionsent.net/job/CanaryLib/javadoc/net/canarymod/commandsys/commands/vanilla/class-use/Kill.html]
[ci.visualillusionsent.net/job/CanaryLib/javadoc/index5a2d.html]
[ci.visualillusionsent.net/job/CanaryLib/javadoc/indexd1a3.html]
[ci.visualillusionsent.net/job/CanaryLib/javadoc/net/canarymod/kit/class-use/Kit.html]
[ci.visualillusionsent.net/job/CanaryLib/javadoc/index6c4f.html]
[ci.visualillusionsent.net/job/CanaryLib/javadoc/net/canarymod/kit/package-tree.html]
[ci.visualillusionsent.net/job/CanaryLib/javadoc/indexb500.html]
[ci.visualillusionsent.net/job/CanaryLib/javadoc/index6a88.html]
[ci.visualillusionsent.net/job/CanaryLib/javadoc/net/canarymod/commandsys/commands/system/kits/class-use/KitCreate.html]
[ci.visualillusionsent.net/job/CanaryLib/javadoc/indexa64d.html]
[ci.visualillusionsent.net/job/CanaryLib/javadoc/net/canarymod/commandsys/commands/system/kits/package-tree.html]
[ci.visualillusionsent.net/job/CanaryLib/javadoc/indexba44.html]
[ci.visualillusionsent.net/job/CanaryLib/javadoc/index8635.html]
[ci.visualillusionsent.net/job/CanaryLib/javadoc/net/canarymod/backbone/class-use/KitDataAccess.html]
[ci.visualillusionsent.net/job/CanaryLib/javadoc/index0fdf.html]
[ci.visualillusionsent.net/job/CanaryLib/javadoc/index0b5b.html]
[ci.visualillusionsent.net/job/CanaryLib/javadoc/net/canarymod/commandsys/commands/system/kits/class-use/KitDelete.html]
[ci.visualillusionsent.net/job/CanaryLib/javadoc/index4e79.html]
[ci.visualillusionsent.net/job/CanaryLib/javadoc/indexdc79.html]
[ci.visualillusionsent.net/job/CanaryLib/javadoc/net/canarymod/commandsys/commands/system/kits/class-use/KitGive.html]
[ci.visualillusionsent.net/job/CanaryLib/javadoc/index6a3c.html]
[ci.visualillusionsent.net/job/CanaryLib/javadoc/indexbc6b.html]
[ci.visualillusionsent.net/job/CanaryLib/javadoc/net/canarymod/commandsys/commands/system/kits/class-use/KitList.html]
[ci.visualillusionsent.net/job/CanaryLib/javadoc/indexb2e6.html]
[ci.visualillusionsent.net/job/CanaryLib/javadoc/index0711.html]
[ci.visualillusionsent.net/job/CanaryLib/javadoc/net/canarymod/kit/class-use/KitProvider.html]
[ci.visualillusionsent.net/job/CanaryLib/javadoc/index7007.html]
[ci.visualillusionsent.net/job/CanaryLib/javadoc/index2d8f.html]
[ci.visualillusionsent.net/job/CanaryLib/javadoc/net/canarymod/api/world/blocks/properties/helpers/class-use/LadderProperties.html]
[ci.visualillusionsent.net/job/CanaryLib/javadoc/indexa7ef.html]
[ci.visualillusionsent.net/job/CanaryLib/javadoc/index47da.html]
[ci.visualillusionsent.net/job/CanaryLib/javadoc/net/canarymod/api/entity/class-use/LargeFireball.html]
[ci.visualillusionsent.net/job/CanaryLib/javadoc/indexbc70.html]
[ci.visualillusionsent.net/job/CanaryLib/javadoc/indexc06f.html]
[ci.visualillusionsent.net/job/CanaryLib/javadoc/net/canarymod/hook/world/class-use/LeafDecayHook.html]
[ci.visualillusionsent.net/job/CanaryLib/javadoc/indexaa01.html]
[ci.visualillusionsent.net/job/CanaryLib/javadoc/index209b.html]
[ci.visualillusionsent.net/job/CanaryLib/javadoc/net/canarymod/api/entity/hanging/class-use/LeashKnot.html]
[ci.visualillusionsent.net/job/CanaryLib/javadoc/index2ae7.html]
[ci.visualillusionsent.net/job/CanaryLib/javadoc/indexa941.html]
[ci.visualillusionsent.net/job/CanaryLib/javadoc/net/canarymod/api/inventory/helper/class-use/LeatherArmorHelper.html]
[ci.visualillusionsent.net/job/CanaryLib/javadoc/index4545.html]
[ci.visualillusionsent.net/job/CanaryLib/javadoc/indexa5ce.html]
[ci.visualillusionsent.net/job/CanaryLib/javadoc/net/canarymod/api/world/blocks/properties/helpers/class-use/LeavesProperties.html]
[ci.visualillusionsent.net/job/CanaryLib/javadoc/index79f3.html]
[ci.visualillusionsent.net/job/CanaryLib/javadoc/indexd0be.html]
[ci.visualillusionsent.net/job/CanaryLib/javadoc/net/canarymod/hook/player/class-use/LevelUpHook.html]
[ci.visualillusionsent.net/job/CanaryLib/javadoc/indexd69b.html]
[ci.visualillusionsent.net/job/CanaryLib/javadoc/indexcb70.html]
[ci.visualillusionsent.net/job/CanaryLib/javadoc/net/canarymod/api/world/blocks/properties/helpers/class-use/LeverProperties.html]
[ci.visualillusionsent.net/job/CanaryLib/javadoc/index357c.html]
[ci.visualillusionsent.net/job/CanaryLib/javadoc/index3003.html]
[ci.visualillusionsent.net/job/CanaryLib/javadoc/net/canarymod/api/world/blocks/properties/helpers/class-use/LeverProperties.Orientation.html]
[ci.visualillusionsent.net/job/CanaryLib/javadoc/indexad7b.html]
[ci.visualillusionsent.net/job/CanaryLib/javadoc/index691f.html]
[ci.visualillusionsent.net/job/CanaryLib/javadoc/net/canarymod/api/entity/effect/class-use/LightningBolt.html]
[ci.visualillusionsent.net/job/CanaryLib/javadoc/index0ea1.html]
[ci.visualillusionsent.net/job/CanaryLib/javadoc/net/canarymod/api/entity/effect/package-tree.html]
[ci.visualillusionsent.net/job/CanaryLib/javadoc/index7cc1.html]
[ci.visualillusionsent.net/job/CanaryLib/javadoc/index3c8f.html]
[ci.visualillusionsent.net/job/CanaryLib/javadoc/net/canarymod/hook/world/class-use/LightningStrikeHook.html]
[ci.visualillusionsent.net/job/CanaryLib/javadoc/index2b55.html]
[ci.visualillusionsent.net/job/CanaryLib/javadoc/indexa69e.html]
[ci.visualillusionsent.net/job/CanaryLib/javadoc/net/canarymod/class-use/LineTracer.html]
[ci.visualillusionsent.net/job/CanaryLib/javadoc/index7fde.html]
[ci.visualillusionsent.net/job/CanaryLib/javadoc/index4bf3.html]
[ci.visualillusionsent.net/job/CanaryLib/javadoc/net/canarymod/hook/world/class-use/LiquidDestroyHook.html]
[ci.visualillusionsent.net/job/CanaryLib/javadoc/index3086.html]
[ci.visualillusionsent.net/job/CanaryLib/javadoc/index2f17.html]
[ci.visualillusionsent.net/job/CanaryLib/javadoc/net/canarymod/api/world/blocks/properties/helpers/class-use/LiquidProperties.html]
[ci.visualillusionsent.net/job/CanaryLib/javadoc/index1e02.html]
[ci.visualillusionsent.net/job/CanaryLib/javadoc/index9e15.html]
[ci.visualillusionsent.net/job/CanaryLib/javadoc/net/canarymod/commandsys/commands/system/class-use/ListPlugins.html]
[ci.visualillusionsent.net/job/CanaryLib/javadoc/indexa122.html]
[ci.visualillusionsent.net/job/CanaryLib/javadoc/index15a6.html]
[ci.visualillusionsent.net/job/CanaryLib/javadoc/net/canarymod/api/nbt/class-use/ListTag.html]
[ci.visualillusionsent.net/job/CanaryLib/javadoc/indexa8a5.html]
[ci.visualillusionsent.net/job/CanaryLib/javadoc/index7137.html]
[ci.visualillusionsent.net/job/CanaryLib/javadoc/net/canarymod/commandsys/commands/world/class-use/ListWorldsCommand.html]
[ci.visualillusionsent.net/job/CanaryLib/javadoc/indexd72b.html]
[ci.visualillusionsent.net/job/CanaryLib/javadoc/index93f2.html]
[ci.visualillusionsent.net/job/CanaryLib/javadoc/net/canarymod/api/entity/living/class-use/LivingBase.html]
[ci.visualillusionsent.net/job/CanaryLib/javadoc/indexd82b.html]
[ci.visualillusionsent.net/job/CanaryLib/javadoc/index214a.html]
[ci.visualillusionsent.net/job/CanaryLib/javadoc/net/canarymod/commandsys/commands/world/class-use/LoadWorldCommand.html]
[ci.visualillusionsent.net/job/CanaryLib/javadoc/index5ab9.html]
[ci.visualillusionsent.net/job/CanaryLib/javadoc/indexb833.html]
[ci.visualillusionsent.net/job/CanaryLib/javadoc/net/canarymod/hook/system/class-use/LoadWorldHook.html]
[ci.visualillusionsent.net/job/CanaryLib/javadoc/index6bea.html]
[ci.visualillusionsent.net/job/CanaryLib/javadoc/net/canarymod/hook/system/package-tree.html]
[ci.visualillusionsent.net/job/CanaryLib/javadoc/index982c.html]
[ci.visualillusionsent.net/job/CanaryLib/javadoc/index17cf.html]
[ci.visualillusionsent.net/job/CanaryLib/javadoc/net/canarymod/api/world/position/class-use/Location.html]
[ci.visualillusionsent.net/job/CanaryLib/javadoc/indexbbe5.html]
[ci.visualillusionsent.net/job/CanaryLib/javadoc/indexd98c.html]
[ci.visualillusionsent.net/job/CanaryLib/javadoc/net/canarymod/api/world/position/class-use/Location.ReadMode.html]
[ci.visualillusionsent.net/job/CanaryLib/javadoc/indexb04e.html]
[ci.visualillusionsent.net/job/CanaryLib/javadoc/index82e4.html]
[ci.visualillusionsent.net/job/CanaryLib/javadoc/net/canarymod/database/class-use/LocationDataAccess.html]
[ci.visualillusionsent.net/job/CanaryLib/javadoc/index6431.html]
[ci.visualillusionsent.net/job/CanaryLib/javadoc/index4708.html]
[ci.visualillusionsent.net/job/CanaryLib/javadoc/net/canarymod/api/world/blocks/class-use/LockableTileEntity.html]
[ci.visualillusionsent.net/job/CanaryLib/javadoc/indexd5d0.html]
[ci.visualillusionsent.net/job/CanaryLib/javadoc/index9b71.html]
[ci.visualillusionsent.net/job/CanaryLib/javadoc/net/canarymod/logger/class-use/Logman.html]
[ci.visualillusionsent.net/job/CanaryLib/javadoc/index71e8.html]
[ci.visualillusionsent.net/job/CanaryLib/javadoc/net/canarymod/logger/package-tree.html]
[ci.visualillusionsent.net/job/CanaryLib/javadoc/indexd62c.html]
[ci.visualillusionsent.net/job/CanaryLib/javadoc/index8236.html]
[ci.visualillusionsent.net/job/CanaryLib/javadoc/net/canarymod/api/world/blocks/properties/helpers/class-use/LogProperties.html]
[ci.visualillusionsent.net/job/CanaryLib/javadoc/index6797.html]
[ci.visualillusionsent.net/job/CanaryLib/javadoc/indexe16e.html]
[ci.visualillusionsent.net/job/CanaryLib/javadoc/net/canarymod/api/world/blocks/properties/helpers/class-use/LogProperties.Axis.html]
[ci.visualillusionsent.net/job/CanaryLib/javadoc/index1c0c.html]
[ci.visualillusionsent.net/job/CanaryLib/javadoc/indexa2a5.html]
[ci.visualillusionsent.net/job/CanaryLib/javadoc/net/canarymod/api/nbt/class-use/LongTag.html]
[ci.visualillusionsent.net/job/CanaryLib/javadoc/index1a6d.html]
[ci.visualillusionsent.net/job/CanaryLib/javadoc/index98cd.html]
[ci.visualillusionsent.net/job/CanaryLib/javadoc/net/canarymod/api/entity/living/monster/class-use/MagmaCube.html]
[ci.visualillusionsent.net/job/CanaryLib/javadoc/indexb673.html]
[ci.visualillusionsent.net/job/CanaryLib/javadoc/index9f39.html]
[ci.visualillusionsent.net/job/CanaryLib/javadoc/net/canarymod/api/world/blocks/class-use/MapColor.html]
[ci.visualillusionsent.net/job/CanaryLib/javadoc/indexa333.html]
[ci.visualillusionsent.net/job/CanaryLib/javadoc/indexcc60.html]
[ci.visualillusionsent.net/job/CanaryLib/javadoc/net/canarymod/api/world/blocks/class-use/MapColorList.html]
[ci.visualillusionsent.net/job/CanaryLib/javadoc/index1e6e.html]
[ci.visualillusionsent.net/job/CanaryLib/javadoc/index1c90.html]
[ci.visualillusionsent.net/job/CanaryLib/javadoc/net/canarymod/api/inventory/class-use/MapData.html]
[ci.visualillusionsent.net/job/CanaryLib/javadoc/index8390.html]
[ci.visualillusionsent.net/job/CanaryLib/javadoc/index5aff.html]
[ci.visualillusionsent.net/job/CanaryLib/javadoc/net/canarymod/class-use/MathHelp.html]
[ci.visualillusionsent.net/job/CanaryLib/javadoc/indexf029.html]
[ci.visualillusionsent.net/job/CanaryLib/javadoc/indexf76d.html]
[ci.visualillusionsent.net/job/CanaryLib/javadoc/net/canarymod/commandsys/commands/vanilla/class-use/Message.html]
[ci.visualillusionsent.net/job/CanaryLib/javadoc/indexb68c.html]
[ci.visualillusionsent.net/job/CanaryLib/javadoc/index5110.html]
[ci.visualillusionsent.net/job/CanaryLib/javadoc/net/canarymod/motd/class-use/MessageOfTheDay.html]
[ci.visualillusionsent.net/job/CanaryLib/javadoc/indexb3e6.html]
[ci.visualillusionsent.net/job/CanaryLib/javadoc/index25db.html]
[ci.visualillusionsent.net/job/CanaryLib/javadoc/net/canarymod/motd/class-use/MessageOfTheDayListener.html]
[ci.visualillusionsent.net/job/CanaryLib/javadoc/indexa1ec.html]
[ci.visualillusionsent.net/job/CanaryLib/javadoc/indexd4fc.html]
[ci.visualillusionsent.net/job/CanaryLib/javadoc/net/canarymod/commandsys/commands/vanilla/class-use/MessageRaw.html]
[ci.visualillusionsent.net/job/CanaryLib/javadoc/index17ae.html]
[ci.visualillusionsent.net/job/CanaryLib/javadoc/index3912.html]
[ci.visualillusionsent.net/job/CanaryLib/javadoc/net/canarymod/chat/class-use/MessageReceiver.html]
[ci.visualillusionsent.net/job/CanaryLib/javadoc/index07d0.html]
[ci.visualillusionsent.net/job/CanaryLib/javadoc/index0cdb.html]
[ci.visualillusionsent.net/job/CanaryLib/javadoc/net/canarymod/api/entity/vehicle/class-use/Minecart.html]
[ci.visualillusionsent.net/job/CanaryLib/javadoc/index1faf.html]
[ci.visualillusionsent.net/job/CanaryLib/javadoc/index496d.html]
[ci.visualillusionsent.net/job/CanaryLib/javadoc/net/canarymod/hook/entity/class-use/MinecartActivateHook.html]
[ci.visualillusionsent.net/job/CanaryLib/javadoc/indexfd59.html]
[ci.visualillusionsent.net/job/CanaryLib/javadoc/index61de.html]
[ci.visualillusionsent.net/job/CanaryLib/javadoc/net/canarymod/commandsys/commands/world/class-use/MobClear.html]
[ci.visualillusionsent.net/job/CanaryLib/javadoc/index2e90.html]
[ci.visualillusionsent.net/job/CanaryLib/javadoc/indexac6c.html]
[ci.visualillusionsent.net/job/CanaryLib/javadoc/net/canarymod/commandsys/commands/world/class-use/MobCount.html]
[ci.visualillusionsent.net/job/CanaryLib/javadoc/index611e.html]
[ci.visualillusionsent.net/job/CanaryLib/javadoc/indexf3e8.html]
[ci.visualillusionsent.net/job/CanaryLib/javadoc/net/canarymod/api/world/blocks/class-use/MobSpawner.html]
[ci.visualillusionsent.net/job/CanaryLib/javadoc/indexa831.html]
[ci.visualillusionsent.net/job/CanaryLib/javadoc/index53be.html]
[ci.visualillusionsent.net/job/CanaryLib/javadoc/net/canarymod/commandsys/commands/world/class-use/MobSpawnerCheck.html]
[ci.visualillusionsent.net/job/CanaryLib/javadoc/index2058.html]
[ci.visualillusionsent.net/job/CanaryLib/javadoc/indexde78.html]
[ci.visualillusionsent.net/job/CanaryLib/javadoc/net/canarymod/api/class-use/MobSpawnerEntry.html]
[ci.visualillusionsent.net/job/CanaryLib/javadoc/index8dd6.html]
[ci.visualillusionsent.net/job/CanaryLib/javadoc/index717d.html]
[ci.visualillusionsent.net/job/CanaryLib/javadoc/net/canarymod/api/class-use/MobSpawnerLogic.html]
[ci.visualillusionsent.net/job/CanaryLib/javadoc/indexd4c8.html]
[ci.visualillusionsent.net/job/CanaryLib/javadoc/indexd565.html]
[ci.visualillusionsent.net/job/CanaryLib/javadoc/net/canarymod/api/entity/vehicle/class-use/MobSpawnerMinecart.html]
[ci.visualillusionsent.net/job/CanaryLib/javadoc/indexe77c.html]
[ci.visualillusionsent.net/job/CanaryLib/javadoc/indexfb5d.html]
[ci.visualillusionsent.net/job/CanaryLib/javadoc/net/canarymod/commandsys/commands/world/class-use/MobSpawnerSet.html]
[ci.visualillusionsent.net/job/CanaryLib/javadoc/indexcfbb.html]
[ci.visualillusionsent.net/job/CanaryLib/javadoc/index3612.html]
[ci.visualillusionsent.net/job/CanaryLib/javadoc/net/canarymod/hook/entity/class-use/MobTargetHook.html]
[ci.visualillusionsent.net/job/CanaryLib/javadoc/indexa8ea.html]
[ci.visualillusionsent.net/job/CanaryLib/javadoc/index0a8b.html]
[ci.visualillusionsent.net/job/CanaryLib/javadoc/net/canarymod/api/attributes/class-use/ModifiedAttribute.html]
[ci.visualillusionsent.net/job/CanaryLib/javadoc/index0088.html]
[ci.visualillusionsent.net/job/CanaryLib/javadoc/index2499.html]
[ci.visualillusionsent.net/job/CanaryLib/javadoc/net/canarymod/api/entity/living/animal/class-use/Mooshroom.html]
[ci.visualillusionsent.net/job/CanaryLib/javadoc/index4f98.html]
[ci.visualillusionsent.net/job/CanaryLib/javadoc/index1469.html]
[ci.visualillusionsent.net/job/CanaryLib/javadoc/net/canarymod/commandsys/commands/system/class-use/Motd.html]
[ci.visualillusionsent.net/job/CanaryLib/javadoc/index69d5.html]
[ci.visualillusionsent.net/job/CanaryLib/javadoc/indexb5d3.html]
[ci.visualillusionsent.net/job/CanaryLib/javadoc/net/canarymod/motd/class-use/MOTDKey.html]
[ci.visualillusionsent.net/job/CanaryLib/javadoc/index6da4.html]
[ci.visualillusionsent.net/job/CanaryLib/javadoc/index8054.html]
[ci.visualillusionsent.net/job/CanaryLib/javadoc/net/canarymod/motd/class-use/MOTDOwner.html]
[ci.visualillusionsent.net/job/CanaryLib/javadoc/index7417.html]
[ci.visualillusionsent.net/job/CanaryLib/javadoc/index7af6.html]
[ci.visualillusionsent.net/job/CanaryLib/javadoc/net/canarymod/permissionsystem/class-use/MultiworldPermissionProvider.html]
[ci.visualillusionsent.net/job/CanaryLib/javadoc/index3d32.html]
[ci.visualillusionsent.net/job/CanaryLib/javadoc/net/canarymod/permissionsystem/package-tree.html]
[ci.visualillusionsent.net/job/CanaryLib/javadoc/index41d8.html]
[ci.visualillusionsent.net/job/CanaryLib/javadoc/index69f1-2.html]
[ci.visualillusionsent.net/job/CanaryLib/javadoc/net/canarymod/commandsys/commands/system/class-use/Mute.html]
[ci.visualillusionsent.net/job/CanaryLib/javadoc/index4736.html]
[ci.visualillusionsent.net/job/CanaryLib/javadoc/indexb3c1.html]
[ci.visualillusionsent.net/job/CanaryLib/javadoc/net/canarymod/api/world/blocks/properties/helpers/class-use/MyceliumProperties.html]
[ci.visualillusionsent.net/job/CanaryLib/javadoc/index215a.html]
[ci.visualillusionsent.net/job/CanaryLib/javadoc/index19c4.html]
[ci.visualillusionsent.net/job/CanaryLib/javadoc/net/canarymod/database/mysql/class-use/MySQLDatabase.html]
[ci.visualillusionsent.net/job/CanaryLib/javadoc/indexb68b.html]
[ci.visualillusionsent.net/job/CanaryLib/javadoc/net/canarymod/database/mysql/package-tree.html]
[ci.visualillusionsent.net/job/CanaryLib/javadoc/index5a2c.html]
[ci.visualillusionsent.net/job/CanaryLib/javadoc/index7727.html]
[ci.visualillusionsent.net/job/CanaryLib/javadoc/net/canarymod/commandsys/class-use/NativeCommand.html]
[ci.visualillusionsent.net/job/CanaryLib/javadoc/index2374.html]
[ci.visualillusionsent.net/job/CanaryLib/javadoc/indexbc6f.html]
[ci.visualillusionsent.net/job/CanaryLib/javadoc/net/canarymod/class-use/NativeTranslateBridge.html]
[ci.visualillusionsent.net/job/CanaryLib/javadoc/indexaf1e.html]
[ci.visualillusionsent.net/job/CanaryLib/javadoc/index53e7.html]
[ci.visualillusionsent.net/job/CanaryLib/javadoc/net/canarymod/api/factory/class-use/NBTFactory.html]
[ci.visualillusionsent.net/job/CanaryLib/javadoc/indexaeec.html]
[ci.visualillusionsent.net/job/CanaryLib/javadoc/indexea1c.html]
[ci.visualillusionsent.net/job/CanaryLib/javadoc/net/canarymod/api/nbt/class-use/NBTTagType.html]
[ci.visualillusionsent.net/job/CanaryLib/javadoc/index53e1.html]
[ci.visualillusionsent.net/job/CanaryLib/javadoc/index73eb.html]
[ci.visualillusionsent.net/job/CanaryLib/javadoc/net/canarymod/api/world/blocks/properties/helpers/class-use/NetherWartProperties.html]
[ci.visualillusionsent.net/job/CanaryLib/javadoc/index67f8.html]
[ci.visualillusionsent.net/job/CanaryLib/javadoc/index6d5b.html]
[ci.visualillusionsent.net/job/CanaryLib/javadoc/net/canarymod/api/class-use/NetServerHandler.html]
[ci.visualillusionsent.net/job/CanaryLib/javadoc/index57b5.html]
[ci.visualillusionsent.net/job/CanaryLib/javadoc/index63c1.html]
[ci.visualillusionsent.net/job/CanaryLib/javadoc/net/canarymod/api/entity/living/humanoid/class-use/NonPlayableCharacter.html]
[ci.visualillusionsent.net/job/CanaryLib/javadoc/index19bc.html]
[ci.visualillusionsent.net/job/CanaryLib/javadoc/index1e37.html]
[ci.visualillusionsent.net/job/CanaryLib/javadoc/net/canarymod/api/world/blocks/class-use/NoteBlock.html]
[ci.visualillusionsent.net/job/CanaryLib/javadoc/indexf5f2.html]
[ci.visualillusionsent.net/job/CanaryLib/javadoc/indexd0dd.html]
[ci.visualillusionsent.net/job/CanaryLib/javadoc/net/canarymod/hook/world/class-use/NoteBlockPlayHook.html]
[ci.visualillusionsent.net/job/CanaryLib/javadoc/index979c.html]
[ci.visualillusionsent.net/job/CanaryLib/javadoc/indexba15.html]
[ci.visualillusionsent.net/job/CanaryLib/javadoc/net/canarymod/api/entity/living/humanoid/npc/ai/class-use/NPCAI.html]
[ci.visualillusionsent.net/job/CanaryLib/javadoc/index988f.html]
[ci.visualillusionsent.net/job/CanaryLib/javadoc/indexb91d.html]
[ci.visualillusionsent.net/job/CanaryLib/javadoc/net/canarymod/api/entity/living/humanoid/npc/class-use/NPCAIExcutionException.html]
[ci.visualillusionsent.net/job/CanaryLib/javadoc/index92c9.html]
[ci.visualillusionsent.net/job/CanaryLib/javadoc/net/canarymod/api/entity/living/humanoid/npc/package-tree.html]
[ci.visualillusionsent.net/job/CanaryLib/javadoc/indexb30f.html]
[ci.visualillusionsent.net/job/CanaryLib/javadoc/indexd2bc.html]
[ci.visualillusionsent.net/job/CanaryLib/javadoc/net/canarymod/api/entity/living/humanoid/npc/class-use/NpcAiListenerMethodConsistancyException.html]
[ci.visualillusionsent.net/job/CanaryLib/javadoc/indexafea.html]
[ci.visualillusionsent.net/job/CanaryLib/javadoc/index92f5.html]
[ci.visualillusionsent.net/job/CanaryLib/javadoc/net/canarymod/api/entity/living/humanoid/npc/class-use/NPCBehavior.html]
[ci.visualillusionsent.net/job/CanaryLib/javadoc/index0474.html]
[ci.visualillusionsent.net/job/CanaryLib/javadoc/index084c.html]
[ci.visualillusionsent.net/job/CanaryLib/javadoc/net/canarymod/api/entity/living/humanoid/npc/class-use/NPCBehaviorListener.html]
[ci.visualillusionsent.net/job/CanaryLib/javadoc/index7eb0.html]
[ci.visualillusionsent.net/job/CanaryLib/javadoc/indexd1f2.html]
[ci.visualillusionsent.net/job/CanaryLib/javadoc/net/canarymod/api/entity/living/humanoid/npc/class-use/NPCBehaviorRegistry.html]
[ci.visualillusionsent.net/job/CanaryLib/javadoc/index7a70.html]
[ci.visualillusionsent.net/job/CanaryLib/javadoc/index7693.html]
[ci.visualillusionsent.net/job/CanaryLib/javadoc/net/canarymod/api/factory/class-use/ObjectFactory.html]
[ci.visualillusionsent.net/job/CanaryLib/javadoc/indexe949.html]
[ci.visualillusionsent.net/job/CanaryLib/javadoc/indexa276.html]
[ci.visualillusionsent.net/job/CanaryLib/javadoc/net/canarymod/api/entity/living/animal/class-use/Ocelot.html]
[ci.visualillusionsent.net/job/CanaryLib/javadoc/indexf8dc.html]
[ci.visualillusionsent.net/job/CanaryLib/javadoc/index504d.html]
[ci.visualillusionsent.net/job/CanaryLib/javadoc/net/canarymod/api/entity/living/animal/class-use/Ocelot.SkinType.html]
[ci.visualillusionsent.net/job/CanaryLib/javadoc/index85ae.html]
[ci.visualillusionsent.net/job/CanaryLib/javadoc/index5223.html]
[ci.visualillusionsent.net/job/CanaryLib/javadoc/net/canarymod/api/class-use/OfflinePlayer.html]
[ci.visualillusionsent.net/job/CanaryLib/javadoc/indexeae3.html]
[ci.visualillusionsent.net/job/CanaryLib/javadoc/index005c.html]
[ci.visualillusionsent.net/job/CanaryLib/javadoc/net/canarymod/commandsys/commands/system/operator/class-use/Op.html]
[ci.visualillusionsent.net/job/CanaryLib/javadoc/indexfc6b.html]
[ci.visualillusionsent.net/job/CanaryLib/javadoc/indexf73b.html]
[ci.visualillusionsent.net/job/CanaryLib/javadoc/net/canarymod/backbone/class-use/OperatorsDataAccess.html]
[ci.visualillusionsent.net/job/CanaryLib/javadoc/index2e70.html]
[ci.visualillusionsent.net/job/CanaryLib/javadoc/index9f03.html]
[ci.visualillusionsent.net/job/CanaryLib/javadoc/net/canarymod/user/class-use/OperatorsProvider.html]
[ci.visualillusionsent.net/job/CanaryLib/javadoc/index3926.html]
[ci.visualillusionsent.net/job/CanaryLib/javadoc/indexd142.html]
[ci.visualillusionsent.net/job/CanaryLib/javadoc/net/canarymod/commandsys/commands/system/operator/class-use/OpList.html]
[ci.visualillusionsent.net/job/CanaryLib/javadoc/index3e2b.html]
[ci.visualillusionsent.net/job/CanaryLib/javadoc/index0692.html]
[ci.visualillusionsent.net/job/CanaryLib/javadoc/net/canarymod/api/packet/class-use/Packet.html]
[ci.visualillusionsent.net/job/CanaryLib/javadoc/index1de0.html]
[ci.visualillusionsent.net/job/CanaryLib/javadoc/index7ab3.html]
[ci.visualillusionsent.net/job/CanaryLib/javadoc/net/canarymod/api/factory/class-use/PacketFactory.html]
[ci.visualillusionsent.net/job/CanaryLib/javadoc/index922c.html]
[ci.visualillusionsent.net/job/CanaryLib/javadoc/net/canarymod/api/entity/hanging/class-use/Painting.html]
[ci.visualillusionsent.net/job/CanaryLib/javadoc/index1d31.html]
[ci.visualillusionsent.net/job/CanaryLib/javadoc/index3a4f.html]
[ci.visualillusionsent.net/job/CanaryLib/javadoc/indexee59.html]
[ci.visualillusionsent.net/job/CanaryLib/javadoc/net/canarymod/api/entity/hanging/class-use/Painting.ArtType.html]
[ci.visualillusionsent.net/job/CanaryLib/javadoc/indexbfec.html]
[ci.visualillusionsent.net/job/CanaryLib/javadoc/index2830.html]
[ci.visualillusionsent.net/job/CanaryLib/javadoc/net/canarymod/api/world/effects/class-use/Particle.html]
[ci.visualillusionsent.net/job/CanaryLib/javadoc/indexe304.html]
[ci.visualillusionsent.net/job/CanaryLib/javadoc/index89fb.html]
[ci.visualillusionsent.net/job/CanaryLib/javadoc/net/canarymod/commandsys/commands/vanilla/class-use/Particle.html]
[ci.visualillusionsent.net/job/CanaryLib/javadoc/index2234.html]
[ci.visualillusionsent.net/job/CanaryLib/javadoc/indexa0e2.html]
[ci.visualillusionsent.net/job/CanaryLib/javadoc/net/canarymod/api/world/effects/class-use/Particle.Type.html]
[ci.visualillusionsent.net/job/CanaryLib/javadoc/index2116.html]
[ci.visualillusionsent.net/job/CanaryLib/javadoc/index9e6a.html]
[ci.visualillusionsent.net/job/CanaryLib/javadoc/net/canarymod/api/class-use/PathFinder.html]
[ci.visualillusionsent.net/job/CanaryLib/javadoc/index6b84.html]
[ci.visualillusionsent.net/job/CanaryLib/javadoc/indexcde7.html]
[ci.visualillusionsent.net/job/CanaryLib/javadoc/net/canarymod/hook/system/class-use/PermissionCheckHook.html]
[ci.visualillusionsent.net/job/CanaryLib/javadoc/index22e3.html]
[ci.visualillusionsent.net/job/CanaryLib/javadoc/index2113.html]
[ci.visualillusionsent.net/job/CanaryLib/javadoc/net/canarymod/backbone/class-use/PermissionDataAccess.html]
[ci.visualillusionsent.net/job/CanaryLib/javadoc/index7d5a.html]
[ci.visualillusionsent.net/job/CanaryLib/javadoc/indexfadb.html]
[ci.visualillusionsent.net/job/CanaryLib/javadoc/net/canarymod/permissionsystem/class-use/PermissionManager.html]
[ci.visualillusionsent.net/job/CanaryLib/javadoc/index247e.html]
[ci.visualillusionsent.net/job/CanaryLib/javadoc/index90a4.html]
[ci.visualillusionsent.net/job/CanaryLib/javadoc/net/canarymod/permissionsystem/class-use/PermissionNode.html]
[ci.visualillusionsent.net/job/CanaryLib/javadoc/index951c.html]
[ci.visualillusionsent.net/job/CanaryLib/javadoc/index8094.html]
[ci.visualillusionsent.net/job/CanaryLib/javadoc/net/canarymod/permissionsystem/class-use/PermissionProvider.html]
[ci.visualillusionsent.net/job/CanaryLib/javadoc/index4da2.html]
[ci.visualillusionsent.net/job/CanaryLib/javadoc/index0881.html]
[ci.visualillusionsent.net/job/CanaryLib/javadoc/net/canarymod/api/entity/living/humanoid/npc/ai/class-use/PickupItem.html]
[ci.visualillusionsent.net/job/CanaryLib/javadoc/index98b8.html]
[ci.visualillusionsent.net/job/CanaryLib/javadoc/index68b6.html]
[ci.visualillusionsent.net/job/CanaryLib/javadoc/net/canarymod/api/entity/living/animal/class-use/Pig.html]
[ci.visualillusionsent.net/job/CanaryLib/javadoc/index75cb.html]
[ci.visualillusionsent.net/job/CanaryLib/javadoc/index02b8.html]
[ci.visualillusionsent.net/job/CanaryLib/javadoc/net/canarymod/api/entity/living/monster/class-use/PigZombie.html]
[ci.visualillusionsent.net/job/CanaryLib/javadoc/index32e1.html]
[ci.visualillusionsent.net/job/CanaryLib/javadoc/index0149.html]
[ci.visualillusionsent.net/job/CanaryLib/javadoc/net/canarymod/hook/world/class-use/PistonExtendHook.html]
[ci.visualillusionsent.net/job/CanaryLib/javadoc/index778c.html]
[ci.visualillusionsent.net/job/CanaryLib/javadoc/indexe5bc.html]
[ci.visualillusionsent.net/job/CanaryLib/javadoc/net/canarymod/api/world/blocks/properties/helpers/class-use/PistonHeadProperties.html]
[ci.visualillusionsent.net/job/CanaryLib/javadoc/indexf2f3.html]
[ci.visualillusionsent.net/job/CanaryLib/javadoc/indexaea1.html]
[ci.visualillusionsent.net/job/CanaryLib/javadoc/net/canarymod/api/world/blocks/properties/helpers/class-use/PistonHeadProperties.Type.html]
[ci.visualillusionsent.net/job/CanaryLib/javadoc/index977e.html]
[ci.visualillusionsent.net/job/CanaryLib/javadoc/indexbdca.html]
[ci.visualillusionsent.net/job/CanaryLib/javadoc/net/canarymod/api/world/blocks/properties/helpers/class-use/PistonProperties.html]
[ci.visualillusionsent.net/job/CanaryLib/javadoc/index7be1.html]
[ci.visualillusionsent.net/job/CanaryLib/javadoc/indexb6c4.html]
[ci.visualillusionsent.net/job/CanaryLib/javadoc/net/canarymod/hook/world/class-use/PistonRetractHook.html]
[ci.visualillusionsent.net/job/CanaryLib/javadoc/indexfd0a.html]
[ci.visualillusionsent.net/job/CanaryLib/javadoc/indexf4d5.html]
[ci.visualillusionsent.net/job/CanaryLib/javadoc/net/canarymod/api/world/blocks/properties/helpers/class-use/PlanksProperties.html]
[ci.visualillusionsent.net/job/CanaryLib/javadoc/indexc2c4.html]
[ci.visualillusionsent.net/job/CanaryLib/javadoc/indexc75e.html]
[ci.visualillusionsent.net/job/CanaryLib/javadoc/net/canarymod/api/entity/living/humanoid/class-use/Player.html]
[ci.visualillusionsent.net/job/CanaryLib/javadoc/index3acf.html]
[ci.visualillusionsent.net/job/CanaryLib/javadoc/index4bf3-2.html]
[ci.visualillusionsent.net/job/CanaryLib/javadoc/net/canarymod/hook/player/class-use/PlayerArmSwingHook.html]
[ci.visualillusionsent.net/job/CanaryLib/javadoc/indexc27e.html]
[ci.visualillusionsent.net/job/CanaryLib/javadoc/indexc511.html]
[ci.visualillusionsent.net/job/CanaryLib/javadoc/net/canarymod/hook/command/class-use/PlayerCommandHook.html]
[ci.visualillusionsent.net/job/CanaryLib/javadoc/index829b.html]
[ci.visualillusionsent.net/job/CanaryLib/javadoc/indexf5cd.html]
[ci.visualillusionsent.net/job/CanaryLib/javadoc/net/canarymod/api/inventory/class-use/PlayerCraftingMatrix.html]
[ci.visualillusionsent.net/job/CanaryLib/javadoc/index1690.html]
[ci.visualillusionsent.net/job/CanaryLib/javadoc/index1012.html]
[ci.visualillusionsent.net/job/CanaryLib/javadoc/net/canarymod/commandsys/commands/playermod/class-use/PlayerCreate.html]
[ci.visualillusionsent.net/job/CanaryLib/javadoc/index56e3.html]
[ci.visualillusionsent.net/job/CanaryLib/javadoc/net/canarymod/commandsys/commands/playermod/package-tree.html]
[ci.visualillusionsent.net/job/CanaryLib/javadoc/index1abe.html]
[ci.visualillusionsent.net/job/CanaryLib/javadoc/index9882.html]
[ci.visualillusionsent.net/job/CanaryLib/javadoc/net/canarymod/backbone/class-use/PlayerDataAccess.html]
[ci.visualillusionsent.net/job/CanaryLib/javadoc/index51cb.html]
[ci.visualillusionsent.net/job/CanaryLib/javadoc/index4db2.html]
[ci.visualillusionsent.net/job/CanaryLib/javadoc/net/canarymod/hook/player/class-use/PlayerDeathHook.html]
[ci.visualillusionsent.net/job/CanaryLib/javadoc/indexeb02.html]
[ci.visualillusionsent.net/job/CanaryLib/javadoc/index38bb.html]
[ci.visualillusionsent.net/job/CanaryLib/javadoc/net/canarymod/commandsys/commands/playermod/class-use/PlayerGroupAdd.html]
[ci.visualillusionsent.net/job/CanaryLib/javadoc/index61c8.html]
[ci.visualillusionsent.net/job/CanaryLib/javadoc/index05e7-2.html]
[ci.visualillusionsent.net/job/CanaryLib/javadoc/net/canarymod/commandsys/commands/playermod/class-use/PlayerGroupCheck.html]
[ci.visualillusionsent.net/job/CanaryLib/javadoc/index5e40.html]
[ci.visualillusionsent.net/job/CanaryLib/javadoc/index4f84.html]
[ci.visualillusionsent.net/job/CanaryLib/javadoc/net/canarymod/commandsys/commands/playermod/class-use/PlayerGroupList.html]
[ci.visualillusionsent.net/job/CanaryLib/javadoc/index05c2.html]
[ci.visualillusionsent.net/job/CanaryLib/javadoc/index61f3.html]
[ci.visualillusionsent.net/job/CanaryLib/javadoc/net/canarymod/commandsys/commands/playermod/class-use/PlayerGroupRemove.html]
[ci.visualillusionsent.net/job/CanaryLib/javadoc/index2b3f.html]
[ci.visualillusionsent.net/job/CanaryLib/javadoc/indexc9bc.html]
[ci.visualillusionsent.net/job/CanaryLib/javadoc/net/canarymod/commandsys/commands/playermod/class-use/PlayerGroupSet.html]
[ci.visualillusionsent.net/job/CanaryLib/javadoc/index9f58.html]
[ci.visualillusionsent.net/job/CanaryLib/javadoc/indexcd9b.html]
[ci.visualillusionsent.net/job/CanaryLib/javadoc/net/canarymod/hook/player/class-use/PlayerIdleHook.html]
[ci.visualillusionsent.net/job/CanaryLib/javadoc/index209f.html]
[ci.visualillusionsent.net/job/CanaryLib/javadoc/index5ce0.html]
[ci.visualillusionsent.net/job/CanaryLib/javadoc/net/canarymod/commandsys/commands/system/class-use/PlayerInfoAddition.html]
[ci.visualillusionsent.net/job/CanaryLib/javadoc/index41c9.html]
[ci.visualillusionsent.net/job/CanaryLib/javadoc/indexf6a1.html]
[ci.visualillusionsent.net/job/CanaryLib/javadoc/net/canarymod/commandsys/commands/system/class-use/PlayerInformation.html]
[ci.visualillusionsent.net/job/CanaryLib/javadoc/index070e.html]
[ci.visualillusionsent.net/job/CanaryLib/javadoc/index1a7b.html]
[ci.visualillusionsent.net/job/CanaryLib/javadoc/net/canarymod/api/inventory/class-use/PlayerInventory.html]
[ci.visualillusionsent.net/job/CanaryLib/javadoc/index9a32.html]
[ci.visualillusionsent.net/job/CanaryLib/javadoc/index2332.html]
[ci.visualillusionsent.net/job/CanaryLib/javadoc/net/canarymod/commandsys/commands/system/class-use/PlayerList.html]
[ci.visualillusionsent.net/job/CanaryLib/javadoc/index8e57.html]
[ci.visualillusionsent.net/job/CanaryLib/javadoc/index69be.html]
[ci.visualillusionsent.net/job/CanaryLib/javadoc/net/canarymod/api/class-use/PlayerListAction.html]
[ci.visualillusionsent.net/job/CanaryLib/javadoc/index7afa.html]
[ci.visualillusionsent.net/job/CanaryLib/javadoc/index3f03.html]
[ci.visualillusionsent.net/job/CanaryLib/javadoc/net/canarymod/api/class-use/PlayerListData.html]
[ci.visualillusionsent.net/job/CanaryLib/javadoc/index0f6c.html]
[ci.visualillusionsent.net/job/CanaryLib/javadoc/index878b-2.html]
[ci.visualillusionsent.net/job/CanaryLib/javadoc/net/canarymod/hook/player/class-use/PlayerListHook.html]
[ci.visualillusionsent.net/job/CanaryLib/javadoc/indexdd89.html]
[ci.visualillusionsent.net/job/CanaryLib/javadoc/index1c23.html]
[ci.visualillusionsent.net/job/CanaryLib/javadoc/net/canarymod/api/class-use/PlayerManager.html]
[ci.visualillusionsent.net/job/CanaryLib/javadoc/index862f.html]
[ci.visualillusionsent.net/job/CanaryLib/javadoc/index9d90-2.html]
[ci.visualillusionsent.net/job/CanaryLib/javadoc/net/canarymod/commandsys/commands/playermod/class-use/PlayermodBase.html]
[ci.visualillusionsent.net/job/CanaryLib/javadoc/index30a0.html]
[ci.visualillusionsent.net/job/CanaryLib/javadoc/indexabba.html]
[ci.visualillusionsent.net/job/CanaryLib/javadoc/net/canarymod/hook/player/class-use/PlayerMoveHook.html]
[ci.visualillusionsent.net/job/CanaryLib/javadoc/index327b.html]
[ci.visualillusionsent.net/job/CanaryLib/javadoc/index04eb.html]
[ci.visualillusionsent.net/job/CanaryLib/javadoc/net/canarymod/commandsys/commands/playermod/class-use/PlayerPermissionAdd.html]
[ci.visualillusionsent.net/job/CanaryLib/javadoc/indexfa21.html]
[ci.visualillusionsent.net/job/CanaryLib/javadoc/index82ca.html]
[ci.visualillusionsent.net/job/CanaryLib/javadoc/net/canarymod/commandsys/commands/playermod/class-use/PlayerPermissionCheck.html]
[ci.visualillusionsent.net/job/CanaryLib/javadoc/indexd08e.html]
[ci.visualillusionsent.net/job/CanaryLib/javadoc/indexc6d0.html]
[ci.visualillusionsent.net/job/CanaryLib/javadoc/net/canarymod/commandsys/commands/playermod/class-use/PlayerPermissionList.html]
[ci.visualillusionsent.net/job/CanaryLib/javadoc/index71ae.html]
[ci.visualillusionsent.net/job/CanaryLib/javadoc/indexfbbc.html]
[ci.visualillusionsent.net/job/CanaryLib/javadoc/net/canarymod/commandsys/commands/playermod/class-use/PlayerPermissionRemove.html]
[ci.visualillusionsent.net/job/CanaryLib/javadoc/indexb175.html]
[ci.visualillusionsent.net/job/CanaryLib/javadoc/indexa190.html]
[ci.visualillusionsent.net/job/CanaryLib/javadoc/net/canarymod/commandsys/commands/playermod/class-use/PlayerPrefix.html]
[ci.visualillusionsent.net/job/CanaryLib/javadoc/index157c.html]
[ci.visualillusionsent.net/job/CanaryLib/javadoc/indexd96f.html]
[ci.visualillusionsent.net/job/CanaryLib/javadoc/net/canarymod/api/class-use/PlayerReference.html]
[ci.visualillusionsent.net/job/CanaryLib/javadoc/index4bae.html]
[ci.visualillusionsent.net/job/CanaryLib/javadoc/index706a.html]
[ci.visualillusionsent.net/job/CanaryLib/javadoc/net/canarymod/commandsys/commands/playermod/class-use/PlayerRemove.html]
[ci.visualillusionsent.net/job/CanaryLib/javadoc/indexff38.html]
[ci.visualillusionsent.net/job/CanaryLib/javadoc/index45b8.html]
[ci.visualillusionsent.net/job/CanaryLib/javadoc/net/canarymod/hook/player/class-use/PlayerRespawnedHook.html]
[ci.visualillusionsent.net/job/CanaryLib/javadoc/indexd5eb.html]
[ci.visualillusionsent.net/job/CanaryLib/javadoc/index9cef.html]
[ci.visualillusionsent.net/job/CanaryLib/javadoc/net/canarymod/hook/player/class-use/PlayerRespawningHook.html]
[ci.visualillusionsent.net/job/CanaryLib/javadoc/index87a3.html]
[ci.visualillusionsent.net/job/CanaryLib/javadoc/index5933.html]
[ci.visualillusionsent.net/job/CanaryLib/javadoc/net/canarymod/commandsys/class-use/PlayerSelector.html]
[ci.visualillusionsent.net/job/CanaryLib/javadoc/index7799.html]
[ci.visualillusionsent.net/job/CanaryLib/javadoc/index70a3.html]
[ci.visualillusionsent.net/job/CanaryLib/javadoc/net/canarymod/commandsys/commands/vanilla/class-use/PlaySound.html]
[ci.visualillusionsent.net/job/CanaryLib/javadoc/indexcf8d.html]
[ci.visualillusionsent.net/job/CanaryLib/javadoc/index2ae0.html]
[ci.visualillusionsent.net/job/CanaryLib/javadoc/net/canarymod/plugin/class-use/Plugin.html]
[ci.visualillusionsent.net/job/CanaryLib/javadoc/indexc336.html]
[ci.visualillusionsent.net/job/CanaryLib/javadoc/indexd35a.html]
[ci.visualillusionsent.net/job/CanaryLib/javadoc/net/canarymod/commandsys/commands/system/class-use/PluginCommand.html]
[ci.visualillusionsent.net/job/CanaryLib/javadoc/index379c.html]
[ci.visualillusionsent.net/job/CanaryLib/javadoc/index8e5b.html]
[ci.visualillusionsent.net/job/CanaryLib/javadoc/net/canarymod/exceptions/class-use/PluginDependencyException.html]
[ci.visualillusionsent.net/job/CanaryLib/javadoc/index8a41.html]
[ci.visualillusionsent.net/job/CanaryLib/javadoc/indexfcba.html]
[ci.visualillusionsent.net/job/CanaryLib/javadoc/net/canarymod/plugin/class-use/PluginDescriptor.html]
[ci.visualillusionsent.net/job/CanaryLib/javadoc/index2b8d.html]
[ci.visualillusionsent.net/job/CanaryLib/javadoc/indexcbe9.html]
[ci.visualillusionsent.net/job/CanaryLib/javadoc/net/canarymod/hook/system/class-use/PluginDisableHook.html]
[ci.visualillusionsent.net/job/CanaryLib/javadoc/indexfe5a.html]
[ci.visualillusionsent.net/job/CanaryLib/javadoc/index0d5e.html]
[ci.visualillusionsent.net/job/CanaryLib/javadoc/net/canarymod/hook/system/class-use/PluginEnableHook.html]
[ci.visualillusionsent.net/job/CanaryLib/javadoc/indexdcf2.html]
[ci.visualillusionsent.net/job/CanaryLib/javadoc/index6fae.html]
[ci.visualillusionsent.net/job/CanaryLib/javadoc/net/canarymod/plugin/class-use/PluginException.html]
[ci.visualillusionsent.net/job/CanaryLib/javadoc/index1738.html]
[ci.visualillusionsent.net/job/CanaryLib/javadoc/index490e.html]
[ci.visualillusionsent.net/job/CanaryLib/javadoc/net/canarymod/plugin/class-use/PluginLangLoader.html]
[ci.visualillusionsent.net/job/CanaryLib/javadoc/indexaaeb.html]
[ci.visualillusionsent.net/job/CanaryLib/javadoc/index4dc6.html]
[ci.visualillusionsent.net/job/CanaryLib/javadoc/net/canarymod/plugin/class-use/PluginLifecycle.html]
[ci.visualillusionsent.net/job/CanaryLib/javadoc/index5475.html]
[ci.visualillusionsent.net/job/CanaryLib/javadoc/index0ec2.html]
[ci.visualillusionsent.net/job/CanaryLib/javadoc/net/canarymod/plugin/lifecycle/class-use/PluginLifecycleBase.html]
[ci.visualillusionsent.net/job/CanaryLib/javadoc/index1055.html]
[ci.visualillusionsent.net/job/CanaryLib/javadoc/index0964.html]
[ci.visualillusionsent.net/job/CanaryLib/javadoc/net/canarymod/plugin/lifecycle/class-use/PluginLifecycleFactory.html]
[ci.visualillusionsent.net/job/CanaryLib/javadoc/index55e9.html]
[ci.visualillusionsent.net/job/CanaryLib/javadoc/indexa1f6.html]
[ci.visualillusionsent.net/job/CanaryLib/javadoc/net/canarymod/plugin/class-use/PluginListener.html]
[ci.visualillusionsent.net/job/CanaryLib/javadoc/indexe260.html]
[ci.visualillusionsent.net/job/CanaryLib/javadoc/indexd9ee.html]
[ci.visualillusionsent.net/job/CanaryLib/javadoc/net/canarymod/exceptions/class-use/PluginLoadFailedException.html]
[ci.visualillusionsent.net/job/CanaryLib/javadoc/index02bc.html]
[ci.visualillusionsent.net/job/CanaryLib/javadoc/indexe9bd.html]
[ci.visualillusionsent.net/job/CanaryLib/javadoc/net/canarymod/plugin/class-use/PluginManager.html]
[ci.visualillusionsent.net/job/CanaryLib/javadoc/indexb08c.html]
[ci.visualillusionsent.net/job/CanaryLib/javadoc/index0322.html]
[ci.visualillusionsent.net/job/CanaryLib/javadoc/net/canarymod/plugin/class-use/PluginState.html]
[ci.visualillusionsent.net/job/CanaryLib/javadoc/index242c.html]
[ci.visualillusionsent.net/job/CanaryLib/javadoc/indexdb00.html]
[ci.visualillusionsent.net/job/CanaryLib/javadoc/net/canarymod/hook/world/class-use/PortalCreateHook.html]
[ci.visualillusionsent.net/job/CanaryLib/javadoc/index909e.html]
[ci.visualillusionsent.net/job/CanaryLib/javadoc/index456b.html]
[ci.visualillusionsent.net/job/CanaryLib/javadoc/net/canarymod/hook/world/class-use/PortalDestroyHook.html]
[ci.visualillusionsent.net/job/CanaryLib/javadoc/index681a.html]
[ci.visualillusionsent.net/job/CanaryLib/javadoc/indexed07.html]
[ci.visualillusionsent.net/job/CanaryLib/javadoc/net/canarymod/api/world/blocks/properties/helpers/class-use/PortalProperties.html]
[ci.visualillusionsent.net/job/CanaryLib/javadoc/index800a.html]
[ci.visualillusionsent.net/job/CanaryLib/javadoc/index3e15.html]
[ci.visualillusionsent.net/job/CanaryLib/javadoc/net/canarymod/hook/player/class-use/PortalUseHook.html]
[ci.visualillusionsent.net/job/CanaryLib/javadoc/indexacb0.html]
[ci.visualillusionsent.net/job/CanaryLib/javadoc/indexd129.html]
[ci.visualillusionsent.net/job/CanaryLib/javadoc/net/canarymod/api/world/position/class-use/Position.html]
[ci.visualillusionsent.net/job/CanaryLib/javadoc/index870b.html]
[ci.visualillusionsent.net/job/CanaryLib/javadoc/indexec9a.html]
[ci.visualillusionsent.net/job/CanaryLib/javadoc/net/canarymod/database/class-use/PositionDataAccess.html]
[ci.visualillusionsent.net/job/CanaryLib/javadoc/indexd824.html]
[ci.visualillusionsent.net/job/CanaryLib/javadoc/index1e7a.html]
[ci.visualillusionsent.net/job/CanaryLib/javadoc/net/canarymod/api/potion/class-use/Potion.html]
[ci.visualillusionsent.net/job/CanaryLib/javadoc/index5c40.html]
[ci.visualillusionsent.net/job/CanaryLib/javadoc/net/canarymod/api/potion/package-tree.html]
[ci.visualillusionsent.net/job/CanaryLib/javadoc/index1151.html]
[ci.visualillusionsent.net/job/CanaryLib/javadoc/index05f1.html]
[ci.visualillusionsent.net/job/CanaryLib/javadoc/net/canarymod/api/potion/class-use/PotionEffect.html]
[ci.visualillusionsent.net/job/CanaryLib/javadoc/indexefff.html]
[ci.visualillusionsent.net/job/CanaryLib/javadoc/indexa42e.html]
[ci.visualillusionsent.net/job/CanaryLib/javadoc/net/canarymod/hook/entity/class-use/PotionEffectAppliedHook.html]
[ci.visualillusionsent.net/job/CanaryLib/javadoc/indexc0d7.html]
[ci.visualillusionsent.net/job/CanaryLib/javadoc/index27b8.html]
[ci.visualillusionsent.net/job/CanaryLib/javadoc/net/canarymod/hook/entity/class-use/PotionEffectFinishHook.html]
[ci.visualillusionsent.net/job/CanaryLib/javadoc/indexfa78.html]
[ci.visualillusionsent.net/job/CanaryLib/javadoc/indexfcf9.html]
[ci.visualillusionsent.net/job/CanaryLib/javadoc/net/canarymod/api/potion/class-use/PotionEffectType.html]
[ci.visualillusionsent.net/job/CanaryLib/javadoc/indexf624.html]
[ci.visualillusionsent.net/job/CanaryLib/javadoc/indexc5f4.html]
[ci.visualillusionsent.net/job/CanaryLib/javadoc/net/canarymod/api/factory/class-use/PotionFactory.html]
[ci.visualillusionsent.net/job/CanaryLib/javadoc/indexeee4.html]
[ci.visualillusionsent.net/job/CanaryLib/javadoc/index5d10.html]
[ci.visualillusionsent.net/job/CanaryLib/javadoc/net/canarymod/api/inventory/helper/class-use/PotionItemHelper.html]
[ci.visualillusionsent.net/job/CanaryLib/javadoc/index58a8.html]
[ci.visualillusionsent.net/job/CanaryLib/javadoc/index27fb.html]
[ci.visualillusionsent.net/job/CanaryLib/javadoc/net/canarymod/api/potion/class-use/PotionType.html]
[ci.visualillusionsent.net/job/CanaryLib/javadoc/index6d31.html]
[ci.visualillusionsent.net/job/CanaryLib/javadoc/index2656.html]
[ci.visualillusionsent.net/job/CanaryLib/javadoc/net/canarymod/hook/player/class-use/PreConnectionHook.html]
[ci.visualillusionsent.net/job/CanaryLib/javadoc/index3d6b.html]
[ci.visualillusionsent.net/job/CanaryLib/javadoc/index3018.html]
[ci.visualillusionsent.net/job/CanaryLib/javadoc/net/canarymod/api/world/blocks/properties/helpers/class-use/PressurePlateProperties.html]
[ci.visualillusionsent.net/job/CanaryLib/javadoc/index6396.html]
[ci.visualillusionsent.net/job/CanaryLib/javadoc/indexb6a2.html]
[ci.visualillusionsent.net/job/CanaryLib/javadoc/net/canarymod/api/nbt/class-use/PrimitiveTag.html]
[ci.visualillusionsent.net/job/CanaryLib/javadoc/index6691.html]
[ci.visualillusionsent.net/job/CanaryLib/javadoc/index134c.html]
[ci.visualillusionsent.net/job/CanaryLib/javadoc/net/canarymod/plugin/class-use/Priority.html]
[ci.visualillusionsent.net/job/CanaryLib/javadoc/indexfac1.html]
[ci.visualillusionsent.net/job/CanaryLib/javadoc/indexa93e.html]
[ci.visualillusionsent.net/job/CanaryLib/javadoc/net/canarymod/api/world/blocks/properties/helpers/class-use/PrismarineProperties.html]
[ci.visualillusionsent.net/job/CanaryLib/javadoc/indexb715.html]
[ci.visualillusionsent.net/job/CanaryLib/javadoc/indexe683-2.html]
[ci.visualillusionsent.net/job/CanaryLib/javadoc/net/canarymod/api/world/blocks/properties/helpers/class-use/PrismarineProperties.Variant.html]
[ci.visualillusionsent.net/job/CanaryLib/javadoc/index1eb2.html]
[ci.visualillusionsent.net/job/CanaryLib/javadoc/index03f1.html]
[ci.visualillusionsent.net/job/CanaryLib/javadoc/net/canarymod/api/entity/class-use/Projectile.html]
[ci.visualillusionsent.net/job/CanaryLib/javadoc/index68ec.html]
[ci.visualillusionsent.net/job/CanaryLib/javadoc/indexc7a1.html]
[ci.visualillusionsent.net/job/CanaryLib/javadoc/net/canarymod/hook/entity/class-use/ProjectileHitHook.html]
[ci.visualillusionsent.net/job/CanaryLib/javadoc/index7eda.html]
[ci.visualillusionsent.net/job/CanaryLib/javadoc/index016c.html]
[ci.visualillusionsent.net/job/CanaryLib/javadoc/net/canarymod/api/world/blocks/properties/helpers/class-use/QuartzProperties.html]
[ci.visualillusionsent.net/job/CanaryLib/javadoc/index8838.html]
[ci.visualillusionsent.net/job/CanaryLib/javadoc/indexed95.html]
[ci.visualillusionsent.net/job/CanaryLib/javadoc/net/canarymod/api/world/blocks/properties/helpers/class-use/QuartzProperties.Variant.html]
[ci.visualillusionsent.net/job/CanaryLib/javadoc/index1c11.html]
[ci.visualillusionsent.net/job/CanaryLib/javadoc/index15e5.html]
[ci.visualillusionsent.net/job/CanaryLib/javadoc/net/canarymod/api/entity/living/animal/class-use/Rabbit.html]
[ci.visualillusionsent.net/job/CanaryLib/javadoc/index1520.html]
[ci.visualillusionsent.net/job/CanaryLib/javadoc/index498d.html]
[ci.visualillusionsent.net/job/CanaryLib/javadoc/net/canarymod/api/world/blocks/properties/helpers/class-use/RailPoweredProperties.html]
[ci.visualillusionsent.net/job/CanaryLib/javadoc/indexa71a.html]
[ci.visualillusionsent.net/job/CanaryLib/javadoc/index6c08.html]
[ci.visualillusionsent.net/job/CanaryLib/javadoc/net/canarymod/api/world/blocks/properties/helpers/class-use/RailProperties.html]
[ci.visualillusionsent.net/job/CanaryLib/javadoc/index63e8.html]
[ci.visualillusionsent.net/job/CanaryLib/javadoc/indexe65c.html]
[ci.visualillusionsent.net/job/CanaryLib/javadoc/net/canarymod/api/world/blocks/properties/helpers/class-use/RailProperties.Direction.html]
[ci.visualillusionsent.net/job/CanaryLib/javadoc/indexe18a.html]
[ci.visualillusionsent.net/job/CanaryLib/javadoc/index4448.html]
[ci.visualillusionsent.net/job/CanaryLib/javadoc/net/canarymod/api/entity/living/monster/class-use/RangedAttackMob.html]
[ci.visualillusionsent.net/job/CanaryLib/javadoc/index5ff7.html]
[ci.visualillusionsent.net/job/CanaryLib/javadoc/index90f8.html]
[ci.visualillusionsent.net/job/CanaryLib/javadoc/net/canarymod/api/attributes/class-use/RangedAttribute.html]
[ci.visualillusionsent.net/job/CanaryLib/javadoc/indexb051.html]
[ci.visualillusionsent.net/job/CanaryLib/javadoc/index4865.html]
[ci.visualillusionsent.net/job/CanaryLib/javadoc/net/canarymod/chat/class-use/ReceiverType.html]
[ci.visualillusionsent.net/job/CanaryLib/javadoc/index2de2.html]
[ci.visualillusionsent.net/job/CanaryLib/javadoc/indexb98a.html]
[ci.visualillusionsent.net/job/CanaryLib/javadoc/net/canarymod/api/inventory/recipes/class-use/Recipe.html]
[ci.visualillusionsent.net/job/CanaryLib/javadoc/index7627.html]
[ci.visualillusionsent.net/job/CanaryLib/javadoc/indexd342.html]
[ci.visualillusionsent.net/job/CanaryLib/javadoc/net/canarymod/api/inventory/recipes/class-use/RecipeRow.html]
[ci.visualillusionsent.net/job/CanaryLib/javadoc/index7238.html]
[ci.visualillusionsent.net/job/CanaryLib/javadoc/indexe7ca.html]
[ci.visualillusionsent.net/job/CanaryLib/javadoc/net/canarymod/api/world/blocks/properties/helpers/class-use/RedSandstoneProperties.html]
[ci.visualillusionsent.net/job/CanaryLib/javadoc/indexdd70.html]
[ci.visualillusionsent.net/job/CanaryLib/javadoc/index1ff9.html]
[ci.visualillusionsent.net/job/CanaryLib/javadoc/net/canarymod/api/world/blocks/properties/helpers/class-use/RedSandstoneProperties.Type.html]
[ci.visualillusionsent.net/job/CanaryLib/javadoc/indexada1.html]
[ci.visualillusionsent.net/job/CanaryLib/javadoc/index6448.html]
[ci.visualillusionsent.net/job/CanaryLib/javadoc/net/canarymod/hook/world/class-use/RedstoneChangeHook.html]
[ci.visualillusionsent.net/job/CanaryLib/javadoc/index3125.html]
[ci.visualillusionsent.net/job/CanaryLib/javadoc/index4947.html]
[ci.visualillusionsent.net/job/CanaryLib/javadoc/net/canarymod/api/world/blocks/properties/helpers/class-use/RedstoneComparatorProperties.html]
[ci.visualillusionsent.net/job/CanaryLib/javadoc/indexdfd8.html]
[ci.visualillusionsent.net/job/CanaryLib/javadoc/index0b00.html]
[ci.visualillusionsent.net/job/CanaryLib/javadoc/net/canarymod/api/world/blocks/properties/helpers/class-use/RedstoneComparatorProperties.Mode.html]
[ci.visualillusionsent.net/job/CanaryLib/javadoc/index807d.html]
[ci.visualillusionsent.net/job/CanaryLib/javadoc/indexb80e.html]
[ci.visualillusionsent.net/job/CanaryLib/javadoc/net/canarymod/api/world/blocks/properties/helpers/class-use/RedstoneRepeaterProperties.html]
[ci.visualillusionsent.net/job/CanaryLib/javadoc/index06ad.html]
[ci.visualillusionsent.net/job/CanaryLib/javadoc/indexd45b.html]
[ci.visualillusionsent.net/job/CanaryLib/javadoc/net/canarymod/api/world/blocks/properties/helpers/class-use/RedstoneWireProperties.html]
[ci.visualillusionsent.net/job/CanaryLib/javadoc/indexcab9.html]
[ci.visualillusionsent.net/job/CanaryLib/javadoc/indexffab.html]
[ci.visualillusionsent.net/job/CanaryLib/javadoc/net/canarymod/api/world/blocks/properties/helpers/class-use/RedstoneWireProperties.AttachPosition.html]
[ci.visualillusionsent.net/job/CanaryLib/javadoc/indexca9d.html]
[ci.visualillusionsent.net/job/CanaryLib/javadoc/index17d3.html]
[ci.visualillusionsent.net/job/CanaryLib/javadoc/net/canarymod/api/world/blocks/properties/helpers/class-use/ReedProperties.html]
[ci.visualillusionsent.net/job/CanaryLib/javadoc/indexfdba.html]
[ci.visualillusionsent.net/job/CanaryLib/javadoc/indexff81.html]
[ci.visualillusionsent.net/job/CanaryLib/javadoc/net/canarymod/channels/class-use/RegisteredChannelListener.html]
[ci.visualillusionsent.net/job/CanaryLib/javadoc/index2450.html]
[ci.visualillusionsent.net/job/CanaryLib/javadoc/index1dee.html]
[ci.visualillusionsent.net/job/CanaryLib/javadoc/net/canarymod/plugin/class-use/RegisteredPluginListener.html]
[ci.visualillusionsent.net/job/CanaryLib/javadoc/indexf440.html]
[ci.visualillusionsent.net/job/CanaryLib/javadoc/indexec9c.html]
[ci.visualillusionsent.net/job/CanaryLib/javadoc/net/canarymod/commandsys/commands/system/class-use/ReloadCommand.html]
[ci.visualillusionsent.net/job/CanaryLib/javadoc/indexd2ad.html]
[ci.visualillusionsent.net/job/CanaryLib/javadoc/index525a.html]
[ci.visualillusionsent.net/job/CanaryLib/javadoc/net/canarymod/commandsys/commands/vanilla/class-use/ReplaceItem.html]
[ci.visualillusionsent.net/job/CanaryLib/javadoc/index3643.html]
[ci.visualillusionsent.net/job/CanaryLib/javadoc/index2a67.html]
[ci.visualillusionsent.net/job/CanaryLib/javadoc/net/canarymod/commandsys/commands/system/reservelist/class-use/ReservelistAdd.html]
[ci.visualillusionsent.net/job/CanaryLib/javadoc/indexc88e.html]
[ci.visualillusionsent.net/job/CanaryLib/javadoc/net/canarymod/commandsys/commands/system/reservelist/package-tree.html]
[ci.visualillusionsent.net/job/CanaryLib/javadoc/indexfe01.html]
[ci.visualillusionsent.net/job/CanaryLib/javadoc/index623b.html]
[ci.visualillusionsent.net/job/CanaryLib/javadoc/net/canarymod/backbone/class-use/ReservelistDataAccess.html]
[ci.visualillusionsent.net/job/CanaryLib/javadoc/index179a.html]
[ci.visualillusionsent.net/job/CanaryLib/javadoc/index8a1d.html]
[ci.visualillusionsent.net/job/CanaryLib/javadoc/net/canarymod/user/class-use/ReservelistProvider.html]
[ci.visualillusionsent.net/job/CanaryLib/javadoc/index6861.html]
[ci.visualillusionsent.net/job/CanaryLib/javadoc/indexbba7.html]
[ci.visualillusionsent.net/job/CanaryLib/javadoc/net/canarymod/commandsys/commands/system/reservelist/class-use/ReservelistRemove.html]
[ci.visualillusionsent.net/job/CanaryLib/javadoc/index03a2.html]
[ci.visualillusionsent.net/job/CanaryLib/javadoc/indexdaf7.html]
[ci.visualillusionsent.net/job/CanaryLib/javadoc/net/canarymod/commandsys/commands/system/reservelist/class-use/ReservelistShow.html]
[ci.visualillusionsent.net/job/CanaryLib/javadoc/index3428.html]
[ci.visualillusionsent.net/job/CanaryLib/javadoc/index87bb.html]
[ci.visualillusionsent.net/job/CanaryLib/javadoc/net/canarymod/commandsys/commands/system/class-use/RestartServer.html]
[ci.visualillusionsent.net/job/CanaryLib/javadoc/index2553.html]
[ci.visualillusionsent.net/job/CanaryLib/javadoc/index643e.html]
[ci.visualillusionsent.net/job/CanaryLib/javadoc/net/canarymod/hook/player/class-use/ReturnFromIdleHook.html]
[ci.visualillusionsent.net/job/CanaryLib/javadoc/indexe4e9.html]
[ci.visualillusionsent.net/job/CanaryLib/javadoc/index369c.html]
[ci.visualillusionsent.net/job/CanaryLib/javadoc/net/canarymod/api/world/blocks/properties/helpers/class-use/RotatedPillarProperties.html]
[ci.visualillusionsent.net/job/CanaryLib/javadoc/indexfb6c.html]
[ci.visualillusionsent.net/job/CanaryLib/javadoc/index5adb.html]
[ci.visualillusionsent.net/job/CanaryLib/javadoc/net/canarymod/api/world/position/class-use/Rotations.html]
[ci.visualillusionsent.net/job/CanaryLib/javadoc/indexc7e4.html]
[ci.visualillusionsent.net/job/CanaryLib/javadoc/indexd15b.html]
[ci.visualillusionsent.net/job/CanaryLib/javadoc/net/canarymod/api/world/blocks/properties/helpers/class-use/SandProperties.html]
[ci.visualillusionsent.net/job/CanaryLib/javadoc/index5e5f.html]
[ci.visualillusionsent.net/job/CanaryLib/javadoc/index4fd9.html]
[ci.visualillusionsent.net/job/CanaryLib/javadoc/net/canarymod/api/world/blocks/properties/helpers/class-use/SandProperties.Variant.html]
[ci.visualillusionsent.net/job/CanaryLib/javadoc/indexf7ab.html]
[ci.visualillusionsent.net/job/CanaryLib/javadoc/index5dfb.html]
[ci.visualillusionsent.net/job/CanaryLib/javadoc/net/canarymod/api/world/blocks/properties/helpers/class-use/SandstoneProperties.html]
[ci.visualillusionsent.net/job/CanaryLib/javadoc/index0fb5.html]
[ci.visualillusionsent.net/job/CanaryLib/javadoc/index7694.html]
[ci.visualillusionsent.net/job/CanaryLib/javadoc/net/canarymod/api/world/blocks/properties/helpers/class-use/SandstoneProperties.Type.html]
[ci.visualillusionsent.net/job/CanaryLib/javadoc/indexa03d.html]
[ci.visualillusionsent.net/job/CanaryLib/javadoc/indexa127.html]
[ci.visualillusionsent.net/job/CanaryLib/javadoc/net/canarymod/api/world/blocks/properties/helpers/class-use/SaplingProperties.html]
[ci.visualillusionsent.net/job/CanaryLib/javadoc/index2ab8.html]
[ci.visualillusionsent.net/job/CanaryLib/javadoc/index8b69-2.html]
[ci.visualillusionsent.net/job/CanaryLib/javadoc/net/canarymod/commandsys/commands/vanilla/class-use/SaveAll.html]
[ci.visualillusionsent.net/job/CanaryLib/javadoc/index18c5.html]
[ci.visualillusionsent.net/job/CanaryLib/javadoc/index1fee.html]
[ci.visualillusionsent.net/job/CanaryLib/javadoc/net/canarymod/commandsys/commands/vanilla/class-use/SaveOff.html]
[ci.visualillusionsent.net/job/CanaryLib/javadoc/index395f.html]
[ci.visualillusionsent.net/job/CanaryLib/javadoc/indexbd07.html]
[ci.visualillusionsent.net/job/CanaryLib/javadoc/net/canarymod/commandsys/commands/vanilla/class-use/SaveOn.html]
[ci.visualillusionsent.net/job/CanaryLib/javadoc/index46f4.html]
[ci.visualillusionsent.net/job/CanaryLib/javadoc/index1d4a.html]
[ci.visualillusionsent.net/job/CanaryLib/javadoc/net/canarymod/api/scoreboard/class-use/Score.html]
[ci.visualillusionsent.net/job/CanaryLib/javadoc/index38d5.html]
[ci.visualillusionsent.net/job/CanaryLib/javadoc/indexe350.html]
[ci.visualillusionsent.net/job/CanaryLib/javadoc/net/canarymod/api/scoreboard/class-use/Scoreboard.html]
[ci.visualillusionsent.net/job/CanaryLib/javadoc/index09c6.html]
[ci.visualillusionsent.net/job/CanaryLib/javadoc/index6858.html]
[ci.visualillusionsent.net/job/CanaryLib/javadoc/net/canarymod/commandsys/commands/vanilla/class-use/Scoreboard.html]
[ci.visualillusionsent.net/job/CanaryLib/javadoc/index4f29.html]
[ci.visualillusionsent.net/job/CanaryLib/javadoc/index9ccf.html]
[ci.visualillusionsent.net/job/CanaryLib/javadoc/net/canarymod/api/scoreboard/class-use/ScoreboardManager.html]
[ci.visualillusionsent.net/job/CanaryLib/javadoc/indexc3ae.html]
[ci.visualillusionsent.net/job/CanaryLib/javadoc/indexd86a-2.html]
[ci.visualillusionsent.net/job/CanaryLib/javadoc/net/canarymod/api/scoreboard/class-use/ScoreDummyCriteria.html]
[ci.visualillusionsent.net/job/CanaryLib/javadoc/index8694.html]
[ci.visualillusionsent.net/job/CanaryLib/javadoc/indexb6b5.html]
[ci.visualillusionsent.net/job/CanaryLib/javadoc/net/canarymod/api/scoreboard/class-use/ScoreHealthCriteria.html]
[ci.visualillusionsent.net/job/CanaryLib/javadoc/index4600.html]
[ci.visualillusionsent.net/job/CanaryLib/javadoc/index0e9e.html]
[ci.visualillusionsent.net/job/CanaryLib/javadoc/net/canarymod/api/scoreboard/class-use/ScoreObjective.html]
[ci.visualillusionsent.net/job/CanaryLib/javadoc/indexd51c.html]
[ci.visualillusionsent.net/job/CanaryLib/javadoc/indexfb1b.html]
[ci.visualillusionsent.net/job/CanaryLib/javadoc/net/canarymod/api/scoreboard/class-use/ScoreObjectiveCriteria.html]
[ci.visualillusionsent.net/job/CanaryLib/javadoc/index018c.html]
[ci.visualillusionsent.net/job/CanaryLib/javadoc/indexe829.html]
[ci.visualillusionsent.net/job/CanaryLib/javadoc/net/canarymod/api/scoreboard/class-use/ScorePosition.html]
[ci.visualillusionsent.net/job/CanaryLib/javadoc/indexeded.html]
[ci.visualillusionsent.net/job/CanaryLib/javadoc/index373d.html]
[ci.visualillusionsent.net/job/CanaryLib/javadoc/net/canarymod/api/inventory/slot/class-use/SecondarySlotType.html]
[ci.visualillusionsent.net/job/CanaryLib/javadoc/index6d80.html]
[ci.visualillusionsent.net/job/CanaryLib/javadoc/index8f37.html]
[ci.visualillusionsent.net/job/CanaryLib/javadoc/net/canarymod/serialize/class-use/Serializer.html]
[ci.visualillusionsent.net/job/CanaryLib/javadoc/index041b.html]
[ci.visualillusionsent.net/job/CanaryLib/javadoc/net/canarymod/serialize/package-tree.html]
[ci.visualillusionsent.net/job/CanaryLib/javadoc/indexb1e6.html]
[ci.visualillusionsent.net/job/CanaryLib/javadoc/index2965.html]
[ci.visualillusionsent.net/job/CanaryLib/javadoc/net/canarymod/api/class-use/Server.html]
[ci.visualillusionsent.net/job/CanaryLib/javadoc/index710a.html]
[ci.visualillusionsent.net/job/CanaryLib/javadoc/indexd52c.html]
[ci.visualillusionsent.net/job/CanaryLib/javadoc/net/canarymod/config/class-use/ServerConfiguration.html]
[ci.visualillusionsent.net/job/CanaryLib/javadoc/index4674.html]
[ci.visualillusionsent.net/job/CanaryLib/javadoc/indexe499.html]
[ci.visualillusionsent.net/job/CanaryLib/javadoc/net/canarymod/hook/system/class-use/ServerGuiStartHook.html]
[ci.visualillusionsent.net/job/CanaryLib/javadoc/indexfe27.html]
[ci.visualillusionsent.net/job/CanaryLib/javadoc/index65f7.html]
[ci.visualillusionsent.net/job/CanaryLib/javadoc/net/canarymod/hook/system/class-use/ServerListPingHook.html]
[ci.visualillusionsent.net/job/CanaryLib/javadoc/indexaccd.html]
[ci.visualillusionsent.net/job/CanaryLib/javadoc/index76c9.html]
[ci.visualillusionsent.net/job/CanaryLib/javadoc/net/canarymod/hook/system/class-use/ServerShutdownHook.html]
[ci.visualillusionsent.net/job/CanaryLib/javadoc/index0b35.html]
[ci.visualillusionsent.net/job/CanaryLib/javadoc/index1ddf.html]
[ci.visualillusionsent.net/job/CanaryLib/javadoc/net/canarymod/tasks/class-use/ServerTask.html]
[ci.visualillusionsent.net/job/CanaryLib/javadoc/index861f.html]
[ci.visualillusionsent.net/job/CanaryLib/javadoc/net/canarymod/tasks/package-tree.html]
[ci.visualillusionsent.net/job/CanaryLib/javadoc/index7d4e.html]
[ci.visualillusionsent.net/job/CanaryLib/javadoc/index683a.html]
[ci.visualillusionsent.net/job/CanaryLib/javadoc/net/canarymod/tasks/class-use/ServerTaskManager.html]
[ci.visualillusionsent.net/job/CanaryLib/javadoc/index490a.html]
[ci.visualillusionsent.net/job/CanaryLib/javadoc/indexb5f2.html]
[ci.visualillusionsent.net/job/CanaryLib/javadoc/net/canarymod/hook/system/class-use/ServerTickHook.html]
[ci.visualillusionsent.net/job/CanaryLib/javadoc/index3af6.html]
[ci.visualillusionsent.net/job/CanaryLib/javadoc/indexe7d1.html]
[ci.visualillusionsent.net/job/CanaryLib/javadoc/net/canarymod/commandsys/commands/vanilla/class-use/SetBlock.html]
[ci.visualillusionsent.net/job/CanaryLib/javadoc/index39e8.html]
[ci.visualillusionsent.net/job/CanaryLib/javadoc/indexa936.html]
[ci.visualillusionsent.net/job/CanaryLib/javadoc/net/canarymod/commandsys/commands/warp/class-use/SetHome.html]
[ci.visualillusionsent.net/job/CanaryLib/javadoc/index9537.html]
[ci.visualillusionsent.net/job/CanaryLib/javadoc/index6f91.html]
[ci.visualillusionsent.net/job/CanaryLib/javadoc/net/canarymod/api/inventory/recipes/class-use/ShapedRecipe.html]
[ci.visualillusionsent.net/job/CanaryLib/javadoc/indexf7d8.html]
[ci.visualillusionsent.net/job/CanaryLib/javadoc/index1fd2.html]
[ci.visualillusionsent.net/job/CanaryLib/javadoc/net/canarymod/api/inventory/recipes/class-use/ShapelessRecipe.html]
[ci.visualillusionsent.net/job/CanaryLib/javadoc/index16b7.html]
[ci.visualillusionsent.net/job/CanaryLib/javadoc/indexc7d2.html]
[ci.visualillusionsent.net/job/CanaryLib/javadoc/net/canarymod/api/entity/living/animal/class-use/Sheep.html]
[ci.visualillusionsent.net/job/CanaryLib/javadoc/indexea67.html]
[ci.visualillusionsent.net/job/CanaryLib/javadoc/indexec8b.html]
[ci.visualillusionsent.net/job/CanaryLib/javadoc/net/canarymod/api/nbt/class-use/ShortTag.html]
[ci.visualillusionsent.net/job/CanaryLib/javadoc/indexcaca.html]
[ci.visualillusionsent.net/job/CanaryLib/javadoc/indexe15b.html]
[ci.visualillusionsent.net/job/CanaryLib/javadoc/net/canarymod/api/world/blocks/class-use/Sign.html]
[ci.visualillusionsent.net/job/CanaryLib/javadoc/indexe22d.html]
[ci.visualillusionsent.net/job/CanaryLib/javadoc/index345e.html]
[ci.visualillusionsent.net/job/CanaryLib/javadoc/net/canarymod/hook/player/class-use/SignChangeHook.html]
[ci.visualillusionsent.net/job/CanaryLib/javadoc/index54a7.html]
[ci.visualillusionsent.net/job/CanaryLib/javadoc/index4411.html]
[ci.visualillusionsent.net/job/CanaryLib/javadoc/net/canarymod/hook/player/class-use/SignShowHook.html]
[ci.visualillusionsent.net/job/CanaryLib/javadoc/indexa9b7.html]
[ci.visualillusionsent.net/job/CanaryLib/javadoc/indexe140.html]
[ci.visualillusionsent.net/job/CanaryLib/javadoc/net/canarymod/api/entity/living/monster/class-use/Silverfish.html]
[ci.visualillusionsent.net/job/CanaryLib/javadoc/indexb542.html]
[ci.visualillusionsent.net/job/CanaryLib/javadoc/indexbb5a.html]
[ci.visualillusionsent.net/job/CanaryLib/javadoc/net/canarymod/api/world/blocks/properties/helpers/class-use/SilverfishProperties.html]
[ci.visualillusionsent.net/job/CanaryLib/javadoc/index4ff6.html]
[ci.visualillusionsent.net/job/CanaryLib/javadoc/index12b9.html]
[ci.visualillusionsent.net/job/CanaryLib/javadoc/net/canarymod/api/world/blocks/properties/helpers/class-use/SilverfishProperties.Variant.html]
[ci.visualillusionsent.net/job/CanaryLib/javadoc/indexac0a.html]
[ci.visualillusionsent.net/job/CanaryLib/javadoc/index9456.html]
[ci.visualillusionsent.net/job/CanaryLib/javadoc/net/canarymod/api/entity/living/monster/class-use/Skeleton.html]
[ci.visualillusionsent.net/job/CanaryLib/javadoc/index3460.html]
[ci.visualillusionsent.net/job/CanaryLib/javadoc/indexdc88.html]
[ci.visualillusionsent.net/job/CanaryLib/javadoc/net/canarymod/api/world/blocks/class-use/Skull.html]
[ci.visualillusionsent.net/job/CanaryLib/javadoc/indexb7cf.html]
[ci.visualillusionsent.net/job/CanaryLib/javadoc/index8baa.html]
[ci.visualillusionsent.net/job/CanaryLib/javadoc/net/canarymod/api/inventory/helper/class-use/SkullHelper.html]
[ci.visualillusionsent.net/job/CanaryLib/javadoc/indexc9ef.html]
[ci.visualillusionsent.net/job/CanaryLib/javadoc/indexbd59.html]
[ci.visualillusionsent.net/job/CanaryLib/javadoc/net/canarymod/api/inventory/helper/class-use/SkullHelper.SkullType.html]
[ci.visualillusionsent.net/job/CanaryLib/javadoc/index8b5d.html]
[ci.visualillusionsent.net/job/CanaryLib/javadoc/indexca25.html]
[ci.visualillusionsent.net/job/CanaryLib/javadoc/net/canarymod/api/world/blocks/properties/helpers/class-use/SkullProperties.html]
[ci.visualillusionsent.net/job/CanaryLib/javadoc/indexa6c0.html]
[ci.visualillusionsent.net/job/CanaryLib/javadoc/index14a5.html]
[ci.visualillusionsent.net/job/CanaryLib/javadoc/net/canarymod/api/world/blocks/properties/helpers/class-use/SlabProperties.html]
[ci.visualillusionsent.net/job/CanaryLib/javadoc/index8788.html]
[ci.visualillusionsent.net/job/CanaryLib/javadoc/index2bf1.html]
[ci.visualillusionsent.net/job/CanaryLib/javadoc/net/canarymod/api/world/blocks/properties/helpers/class-use/SlabProperties.Half.html]
[ci.visualillusionsent.net/job/CanaryLib/javadoc/indexd11f.html]
[ci.visualillusionsent.net/job/CanaryLib/javadoc/index69f9.html]
[ci.visualillusionsent.net/job/CanaryLib/javadoc/net/canarymod/api/entity/living/monster/class-use/Slime.html]
[ci.visualillusionsent.net/job/CanaryLib/javadoc/indexdbcb.html]
[ci.visualillusionsent.net/job/CanaryLib/javadoc/index3227.html]
[ci.visualillusionsent.net/job/CanaryLib/javadoc/net/canarymod/api/entity/living/monster/class-use/Slime.Size.html]
[ci.visualillusionsent.net/job/CanaryLib/javadoc/indexb335.html]
[ci.visualillusionsent.net/job/CanaryLib/javadoc/indexa865.html]
[ci.visualillusionsent.net/job/CanaryLib/javadoc/net/canarymod/hook/entity/class-use/SlimeSplitHook.html]
[ci.visualillusionsent.net/job/CanaryLib/javadoc/index51fc.html]
[ci.visualillusionsent.net/job/CanaryLib/javadoc/indexf3b4.html]
[ci.visualillusionsent.net/job/CanaryLib/javadoc/net/canarymod/hook/player/class-use/SlotClickHook.html]
[ci.visualillusionsent.net/job/CanaryLib/javadoc/index072c.html]
[ci.visualillusionsent.net/job/CanaryLib/javadoc/indexc16e.html]
[ci.visualillusionsent.net/job/CanaryLib/javadoc/net/canarymod/api/inventory/slot/class-use/SlotType.html]
[ci.visualillusionsent.net/job/CanaryLib/javadoc/indexd2ca.html]
[ci.visualillusionsent.net/job/CanaryLib/javadoc/index6ec2.html]
[ci.visualillusionsent.net/job/CanaryLib/javadoc/net/canarymod/api/entity/class-use/SmallFireball.html]
[ci.visualillusionsent.net/job/CanaryLib/javadoc/indexe8d9.html]
[ci.visualillusionsent.net/job/CanaryLib/javadoc/index43c3.html]
[ci.visualillusionsent.net/job/CanaryLib/javadoc/net/canarymod/hook/world/class-use/SmeltBeginHook.html]
[ci.visualillusionsent.net/job/CanaryLib/javadoc/index6cb2.html]
[ci.visualillusionsent.net/job/CanaryLib/javadoc/index4c61.html]
[ci.visualillusionsent.net/job/CanaryLib/javadoc/net/canarymod/hook/world/class-use/SmeltHook.html]
[ci.visualillusionsent.net/job/CanaryLib/javadoc/indexacdc.html]
[ci.visualillusionsent.net/job/CanaryLib/javadoc/index23c3.html]
[ci.visualillusionsent.net/job/CanaryLib/javadoc/net/canarymod/api/inventory/recipes/class-use/SmeltRecipe.html]
[ci.visualillusionsent.net/job/CanaryLib/javadoc/index5f40.html]
[ci.visualillusionsent.net/job/CanaryLib/javadoc/index255d.html]
[ci.visualillusionsent.net/job/CanaryLib/javadoc/net/canarymod/api/entity/throwable/class-use/Snowball.html]
[ci.visualillusionsent.net/job/CanaryLib/javadoc/index923d.html]
[ci.visualillusionsent.net/job/CanaryLib/javadoc/indexbeff.html]
[ci.visualillusionsent.net/job/CanaryLib/javadoc/net/canarymod/api/entity/living/class-use/Snowman.html]
[ci.visualillusionsent.net/job/CanaryLib/javadoc/index0157.html]
[ci.visualillusionsent.net/job/CanaryLib/javadoc/index95bf.html]
[ci.visualillusionsent.net/job/CanaryLib/javadoc/net/canarymod/api/world/blocks/properties/helpers/class-use/SnowProperties.html]
[ci.visualillusionsent.net/job/CanaryLib/javadoc/index9d1f.html]
[ci.visualillusionsent.net/job/CanaryLib/javadoc/indexdff4.html]
[ci.visualillusionsent.net/job/CanaryLib/javadoc/net/canarymod/api/world/effects/class-use/SoundEffect.html]
[ci.visualillusionsent.net/job/CanaryLib/javadoc/index69bd.html]
[ci.visualillusionsent.net/job/CanaryLib/javadoc/index1732.html]
[ci.visualillusionsent.net/job/CanaryLib/javadoc/net/canarymod/api/world/effects/class-use/SoundEffect.Type.html]
[ci.visualillusionsent.net/job/CanaryLib/javadoc/indexfc1d.html]
[ci.visualillusionsent.net/job/CanaryLib/javadoc/index21b9.html]
[ci.visualillusionsent.net/job/CanaryLib/javadoc/net/canarymod/commandsys/commands/warp/class-use/SpawnCommand.html]
[ci.visualillusionsent.net/job/CanaryLib/javadoc/index9324.html]
[ci.visualillusionsent.net/job/CanaryLib/javadoc/index61d9.html]
[ci.visualillusionsent.net/job/CanaryLib/javadoc/net/canarymod/commandsys/commands/vanilla/class-use/SpawnPoint.html]
[ci.visualillusionsent.net/job/CanaryLib/javadoc/index094e.html]
[ci.visualillusionsent.net/job/CanaryLib/javadoc/index61d2.html]
[ci.visualillusionsent.net/job/CanaryLib/javadoc/net/canarymod/api/entity/living/monster/class-use/Spider.html]
[ci.visualillusionsent.net/job/CanaryLib/javadoc/indexe51f.html]
[ci.visualillusionsent.net/job/CanaryLib/javadoc/indexff26.html]
[ci.visualillusionsent.net/job/CanaryLib/javadoc/net/canarymod/api/world/blocks/properties/helpers/class-use/SpongeProperties.html]
[ci.visualillusionsent.net/job/CanaryLib/javadoc/index5628.html]
[ci.visualillusionsent.net/job/CanaryLib/javadoc/indexc598.html]
[ci.visualillusionsent.net/job/CanaryLib/javadoc/net/canarymod/commandsys/commands/vanilla/class-use/SpreadPlayers.html]
[ci.visualillusionsent.net/job/CanaryLib/javadoc/index4a29.html]
[ci.visualillusionsent.net/job/CanaryLib/javadoc/index5129.html]
[ci.visualillusionsent.net/job/CanaryLib/javadoc/net/canarymod/database/sqlite/class-use/SQLiteDatabase.html]
[ci.visualillusionsent.net/job/CanaryLib/javadoc/index87b3-2.html]
[ci.visualillusionsent.net/job/CanaryLib/javadoc/net/canarymod/database/sqlite/package-tree.html]
[ci.visualillusionsent.net/job/CanaryLib/javadoc/index9a8b.html]
[ci.visualillusionsent.net/job/CanaryLib/javadoc/index893e.html]
[ci.visualillusionsent.net/job/CanaryLib/javadoc/net/canarymod/database/class-use/SQLType.html]
[ci.visualillusionsent.net/job/CanaryLib/javadoc/indexf16f.html]
[ci.visualillusionsent.net/job/CanaryLib/javadoc/indexcdaa.html]
[ci.visualillusionsent.net/job/CanaryLib/javadoc/net/canarymod/api/entity/living/animal/class-use/Squid.html]
[ci.visualillusionsent.net/job/CanaryLib/javadoc/indexad5c.html]
[ci.visualillusionsent.net/job/CanaryLib/javadoc/indexa7b1.html]
[ci.visualillusionsent.net/job/CanaryLib/javadoc/net/canarymod/api/world/blocks/properties/helpers/class-use/StainedGlassPaneProperties.html]
[ci.visualillusionsent.net/job/CanaryLib/javadoc/indexf64e.html]
[ci.visualillusionsent.net/job/CanaryLib/javadoc/index359e.html]
[ci.visualillusionsent.net/job/CanaryLib/javadoc/net/canarymod/api/world/blocks/properties/helpers/class-use/StainedGlassProperties.html]
[ci.visualillusionsent.net/job/CanaryLib/javadoc/indexe315.html]
[ci.visualillusionsent.net/job/CanaryLib/javadoc/index9f22.html]
[ci.visualillusionsent.net/job/CanaryLib/javadoc/net/canarymod/api/world/blocks/properties/helpers/class-use/StairsProperties.html]
[ci.visualillusionsent.net/job/CanaryLib/javadoc/index10f3.html]
[ci.visualillusionsent.net/job/CanaryLib/javadoc/indexbbc9.html]
[ci.visualillusionsent.net/job/CanaryLib/javadoc/net/canarymod/api/world/blocks/properties/helpers/class-use/StairsProperties.Half.html]
[ci.visualillusionsent.net/job/CanaryLib/javadoc/index51ef.html]
[ci.visualillusionsent.net/job/CanaryLib/javadoc/indexe735.html]
[ci.visualillusionsent.net/job/CanaryLib/javadoc/net/canarymod/api/world/blocks/properties/helpers/class-use/StairsProperties.Shape.html]
[ci.visualillusionsent.net/job/CanaryLib/javadoc/index3fb1.html]
[ci.visualillusionsent.net/job/CanaryLib/javadoc/indexc8a1.html]
[ci.visualillusionsent.net/job/CanaryLib/javadoc/net/canarymod/api/world/blocks/properties/helpers/class-use/StandingSignProperties.html]
[ci.visualillusionsent.net/job/CanaryLib/javadoc/indexa137.html]
[ci.visualillusionsent.net/job/CanaryLib/javadoc/index0c69.html]
[ci.visualillusionsent.net/job/CanaryLib/javadoc/net/canarymod/api/statistics/class-use/Stat.html]
[ci.visualillusionsent.net/job/CanaryLib/javadoc/index945b.html]
[ci.visualillusionsent.net/job/CanaryLib/javadoc/index34b2.html]
[ci.visualillusionsent.net/job/CanaryLib/javadoc/net/canarymod/hook/player/class-use/StatGainedHook.html]
[ci.visualillusionsent.net/job/CanaryLib/javadoc/index7ceb.html]
[ci.visualillusionsent.net/job/CanaryLib/javadoc/indexda80.html]
[ci.visualillusionsent.net/job/CanaryLib/javadoc/net/canarymod/api/statistics/class-use/Statistics.html]
[ci.visualillusionsent.net/job/CanaryLib/javadoc/index42fe.html]
[ci.visualillusionsent.net/job/CanaryLib/javadoc/index895c.html]
[ci.visualillusionsent.net/job/CanaryLib/javadoc/net/canarymod/api/factory/class-use/StatisticsFactory.html]
[ci.visualillusionsent.net/job/CanaryLib/javadoc/index174e.html]
[ci.visualillusionsent.net/job/CanaryLib/javadoc/index970d.html]
[ci.visualillusionsent.net/job/CanaryLib/javadoc/net/canarymod/commandsys/commands/vanilla/class-use/Stats.html]
[ci.visualillusionsent.net/job/CanaryLib/javadoc/indexbd4f.html]
[ci.visualillusionsent.net/job/CanaryLib/javadoc/indexaa79.html]
[ci.visualillusionsent.net/job/CanaryLib/javadoc/net/canarymod/api/world/blocks/properties/helpers/class-use/StemProperties.html]
[ci.visualillusionsent.net/job/CanaryLib/javadoc/index854e.html]
[ci.visualillusionsent.net/job/CanaryLib/javadoc/indexc445.html]
[ci.visualillusionsent.net/job/CanaryLib/javadoc/net/canarymod/api/world/blocks/properties/helpers/class-use/StoneBrickProperties.html]
[ci.visualillusionsent.net/job/CanaryLib/javadoc/index0e7c.html]
[ci.visualillusionsent.net/job/CanaryLib/javadoc/index7561.html]
[ci.visualillusionsent.net/job/CanaryLib/javadoc/net/canarymod/api/world/blocks/properties/helpers/class-use/StoneBrickProperties.Variant.html]
[ci.visualillusionsent.net/job/CanaryLib/javadoc/indexe6a0.html]
[ci.visualillusionsent.net/job/CanaryLib/javadoc/indexc552.html]
[ci.visualillusionsent.net/job/CanaryLib/javadoc/net/canarymod/api/world/blocks/properties/helpers/class-use/StoneProperties.html]
[ci.visualillusionsent.net/job/CanaryLib/javadoc/index720f.html]
[ci.visualillusionsent.net/job/CanaryLib/javadoc/index41a7.html]
[ci.visualillusionsent.net/job/CanaryLib/javadoc/net/canarymod/api/world/blocks/properties/helpers/class-use/StoneProperties.Variant.html]
[ci.visualillusionsent.net/job/CanaryLib/javadoc/index2a1d.html]
[ci.visualillusionsent.net/job/CanaryLib/javadoc/index2ffe.html]
[ci.visualillusionsent.net/job/CanaryLib/javadoc/net/canarymod/api/world/blocks/properties/helpers/class-use/StoneSlabNewProperties.html]
[ci.visualillusionsent.net/job/CanaryLib/javadoc/index3217.html]
[ci.visualillusionsent.net/job/CanaryLib/javadoc/index2cef.html]
[ci.visualillusionsent.net/job/CanaryLib/javadoc/net/canarymod/api/world/blocks/properties/helpers/class-use/StoneSlabNewProperties.Variant.html]
[ci.visualillusionsent.net/job/CanaryLib/javadoc/indexf438.html]
[ci.visualillusionsent.net/job/CanaryLib/javadoc/index95ee.html]
[ci.visualillusionsent.net/job/CanaryLib/javadoc/net/canarymod/api/world/blocks/properties/helpers/class-use/StoneSlabProperties.html]
[ci.visualillusionsent.net/job/CanaryLib/javadoc/index6e9e.html]
[ci.visualillusionsent.net/job/CanaryLib/javadoc/indexb529.html]
[ci.visualillusionsent.net/job/CanaryLib/javadoc/net/canarymod/api/world/blocks/properties/helpers/class-use/StoneSlabProperties.Variant.html]
[ci.visualillusionsent.net/job/CanaryLib/javadoc/indexedae.html]
[ci.visualillusionsent.net/job/CanaryLib/javadoc/index0f5f.html]
[ci.visualillusionsent.net/job/CanaryLib/javadoc/net/canarymod/commandsys/commands/system/class-use/StopServer.html]
[ci.visualillusionsent.net/job/CanaryLib/javadoc/index9ece.html]
[ci.visualillusionsent.net/job/CanaryLib/javadoc/indexb961.html]
[ci.visualillusionsent.net/job/CanaryLib/javadoc/net/canarymod/api/nbt/class-use/StringTag.html]
[ci.visualillusionsent.net/job/CanaryLib/javadoc/index4081.html]
[ci.visualillusionsent.net/job/CanaryLib/javadoc/indexb526.html]
[ci.visualillusionsent.net/job/CanaryLib/javadoc/net/canarymod/commandsys/commands/vanilla/class-use/Summon.html]
[ci.visualillusionsent.net/job/CanaryLib/javadoc/index4f1e.html]
[ci.visualillusionsent.net/job/CanaryLib/javadoc/index5a5c.html]
[ci.visualillusionsent.net/job/CanaryLib/javadoc/net/canarymod/commandsys/commands/system/informational/class-use/SystemInformation.html]
[ci.visualillusionsent.net/job/CanaryLib/javadoc/index69f1.html]
[ci.visualillusionsent.net/job/CanaryLib/javadoc/indexc2e4.html]
[ci.visualillusionsent.net/job/CanaryLib/javadoc/net/canarymod/commandsys/class-use/TabComplete.html]
[ci.visualillusionsent.net/job/CanaryLib/javadoc/index1728.html]
[ci.visualillusionsent.net/job/CanaryLib/javadoc/indexfee1.html]
[ci.visualillusionsent.net/job/CanaryLib/javadoc/net/canarymod/commandsys/class-use/TabCompleteDispatch.html]
[ci.visualillusionsent.net/job/CanaryLib/javadoc/index9b3a.html]
[ci.visualillusionsent.net/job/CanaryLib/javadoc/indexc706.html]
[ci.visualillusionsent.net/job/CanaryLib/javadoc/net/canarymod/commandsys/class-use/TabCompleteException.html]
[ci.visualillusionsent.net/job/CanaryLib/javadoc/indexdb01.html]
[ci.visualillusionsent.net/job/CanaryLib/javadoc/index7407.html]
[ci.visualillusionsent.net/job/CanaryLib/javadoc/net/canarymod/commandsys/class-use/TabCompleteHelper.html]
[ci.visualillusionsent.net/job/CanaryLib/javadoc/index33d3.html]
[ci.visualillusionsent.net/job/CanaryLib/javadoc/indexbc8d.html]
[ci.visualillusionsent.net/job/CanaryLib/javadoc/net/canarymod/api/world/blocks/properties/helpers/class-use/TallGrassProperties.html]
[ci.visualillusionsent.net/job/CanaryLib/javadoc/indexb4fe.html]
[ci.visualillusionsent.net/job/CanaryLib/javadoc/indexb66e.html]
[ci.visualillusionsent.net/job/CanaryLib/javadoc/net/canarymod/api/world/blocks/properties/helpers/class-use/TallGrassProperties.Variant.html]
[ci.visualillusionsent.net/job/CanaryLib/javadoc/index1bec.html]
[ci.visualillusionsent.net/job/CanaryLib/javadoc/index81f9.html]
[ci.visualillusionsent.net/job/CanaryLib/javadoc/net/canarymod/api/entity/living/animal/class-use/Tameable.html]
[ci.visualillusionsent.net/job/CanaryLib/javadoc/indexa51a.html]
[ci.visualillusionsent.net/job/CanaryLib/javadoc/index3bf6.html]
[ci.visualillusionsent.net/job/CanaryLib/javadoc/net/canarymod/tasks/class-use/TaskOwner.html]
[ci.visualillusionsent.net/job/CanaryLib/javadoc/index7ea1.html]
[ci.visualillusionsent.net/job/CanaryLib/javadoc/index5621.html]
[ci.visualillusionsent.net/job/CanaryLib/javadoc/net/canarymod/api/scoreboard/class-use/Team.html]
[ci.visualillusionsent.net/job/CanaryLib/javadoc/indexb7e5.html]
[ci.visualillusionsent.net/job/CanaryLib/javadoc/indexad5d.html]
[ci.visualillusionsent.net/job/CanaryLib/javadoc/net/canarymod/commandsys/commands/vanilla/class-use/Teleport.html]
[ci.visualillusionsent.net/job/CanaryLib/javadoc/index04b8.html]
[ci.visualillusionsent.net/job/CanaryLib/javadoc/index759d.html]
[ci.visualillusionsent.net/job/CanaryLib/javadoc/net/canarymod/hook/player/class-use/TeleportHook.html]
[ci.visualillusionsent.net/job/CanaryLib/javadoc/index9ac3.html]
[ci.visualillusionsent.net/job/CanaryLib/javadoc/indexac4c.html]
[ci.visualillusionsent.net/job/CanaryLib/javadoc/net/canarymod/hook/player/class-use/TeleportHook.TeleportCause.html]
[ci.visualillusionsent.net/job/CanaryLib/javadoc/indexd715.html]
[ci.visualillusionsent.net/job/CanaryLib/javadoc/index63ca.html]
[ci.visualillusionsent.net/job/CanaryLib/javadoc/net/canarymod/commandsys/commands/vanilla/class-use/TestFor.html]
[ci.visualillusionsent.net/job/CanaryLib/javadoc/indexb091.html]
[ci.visualillusionsent.net/job/CanaryLib/javadoc/indexba34.html]
[ci.visualillusionsent.net/job/CanaryLib/javadoc/net/canarymod/commandsys/commands/vanilla/class-use/TestForBlock.html]
[ci.visualillusionsent.net/job/CanaryLib/javadoc/indexbed5.html]
[ci.visualillusionsent.net/job/CanaryLib/javadoc/index1019.html]
[ci.visualillusionsent.net/job/CanaryLib/javadoc/net/canarymod/commandsys/commands/vanilla/class-use/TestForBlocks.html]
[ci.visualillusionsent.net/job/CanaryLib/javadoc/index1fd5.html]
[ci.visualillusionsent.net/job/CanaryLib/javadoc/index73f2.html]
[ci.visualillusionsent.net/job/CanaryLib/javadoc/net/canarymod/chat/class-use/TextFormat.html]
[ci.visualillusionsent.net/job/CanaryLib/javadoc/index5739.html]
[ci.visualillusionsent.net/job/CanaryLib/javadoc/indexada3.html]
[ci.visualillusionsent.net/job/CanaryLib/javadoc/net/canarymod/api/world/blocks/class-use/TileEntity.html]
[ci.visualillusionsent.net/job/CanaryLib/javadoc/index6c3d.html]
[ci.visualillusionsent.net/job/CanaryLib/javadoc/index33e3.html]
[ci.visualillusionsent.net/job/CanaryLib/javadoc/net/canarymod/commandsys/commands/vanilla/class-use/Time.html]
[ci.visualillusionsent.net/job/CanaryLib/javadoc/indexa763.html]
[ci.visualillusionsent.net/job/CanaryLib/javadoc/index394f.html]
[ci.visualillusionsent.net/job/CanaryLib/javadoc/net/canarymod/hook/world/class-use/TimeChangeHook.html]
[ci.visualillusionsent.net/job/CanaryLib/javadoc/index6d0f.html]
[ci.visualillusionsent.net/job/CanaryLib/javadoc/indexc2ba.html]
[ci.visualillusionsent.net/job/CanaryLib/javadoc/net/canarymod/commandsys/commands/vanilla/class-use/Title.html]
[ci.visualillusionsent.net/job/CanaryLib/javadoc/indexfc23.html]
[ci.visualillusionsent.net/job/CanaryLib/javadoc/index6108.html]
[ci.visualillusionsent.net/job/CanaryLib/javadoc/net/canarymod/hook/world/class-use/TNTActivateHook.html]
[ci.visualillusionsent.net/job/CanaryLib/javadoc/indexe277.html]
[ci.visualillusionsent.net/job/CanaryLib/javadoc/indexf20b.html]
[ci.visualillusionsent.net/job/CanaryLib/javadoc/net/canarymod/hook/world/class-use/TNTActivateHook.ActivationCause.html]
[ci.visualillusionsent.net/job/CanaryLib/javadoc/indexb9da.html]
[ci.visualillusionsent.net/job/CanaryLib/javadoc/indexa151.html]
[ci.visualillusionsent.net/job/CanaryLib/javadoc/net/canarymod/api/entity/vehicle/class-use/TNTMinecart.html]
[ci.visualillusionsent.net/job/CanaryLib/javadoc/index14f5.html]
[ci.visualillusionsent.net/job/CanaryLib/javadoc/indexee90.html]
[ci.visualillusionsent.net/job/CanaryLib/javadoc/net/canarymod/api/entity/class-use/TNTPrimed.html]
[ci.visualillusionsent.net/job/CanaryLib/javadoc/index8d76.html]
[ci.visualillusionsent.net/job/CanaryLib/javadoc/indexc8f8.html]
[ci.visualillusionsent.net/job/CanaryLib/javadoc/net/canarymod/api/world/blocks/properties/helpers/class-use/TNTProperties.html]
[ci.visualillusionsent.net/job/CanaryLib/javadoc/index3895.html]
[ci.visualillusionsent.net/job/CanaryLib/javadoc/indexd74c.html]
[ci.visualillusionsent.net/job/CanaryLib/javadoc/net/canarymod/commandsys/commands/vanilla/class-use/ToggleDownfall.html]
[ci.visualillusionsent.net/job/CanaryLib/javadoc/index2cbf.html]
[ci.visualillusionsent.net/job/CanaryLib/javadoc/index9af1.html]
[ci.visualillusionsent.net/job/CanaryLib/javadoc/net/canarymod/class-use/ToolBox.html]
[ci.visualillusionsent.net/job/CanaryLib/javadoc/index27dc.html]
[ci.visualillusionsent.net/job/CanaryLib/javadoc/index16df.html]
[ci.visualillusionsent.net/job/CanaryLib/javadoc/net/canarymod/hook/player/class-use/ToolBrokenHook.html]
[ci.visualillusionsent.net/job/CanaryLib/javadoc/indexcf11.html]
[ci.visualillusionsent.net/job/CanaryLib/javadoc/index5bca.html]
[ci.visualillusionsent.net/job/CanaryLib/javadoc/net/canarymod/api/world/blocks/properties/helpers/class-use/TorchProperties.html]
[ci.visualillusionsent.net/job/CanaryLib/javadoc/index2a6b.html]
[ci.visualillusionsent.net/job/CanaryLib/javadoc/indexf5a7.html]
[ci.visualillusionsent.net/job/CanaryLib/javadoc/net/canarymod/class-use/Translator.html]
[ci.visualillusionsent.net/job/CanaryLib/javadoc/index13ca.html]
[ci.visualillusionsent.net/job/CanaryLib/javadoc/indexc273.html]
[ci.visualillusionsent.net/job/CanaryLib/javadoc/net/canarymod/api/world/blocks/properties/helpers/class-use/TrapDoorProperties.html]
[ci.visualillusionsent.net/job/CanaryLib/javadoc/index8301.html]
[ci.visualillusionsent.net/job/CanaryLib/javadoc/indexfcc8.html]
[ci.visualillusionsent.net/job/CanaryLib/javadoc/net/canarymod/api/world/blocks/properties/helpers/class-use/TrapDoorProperties.Half.html]
[ci.visualillusionsent.net/job/CanaryLib/javadoc/indexb1ca.html]
[ci.visualillusionsent.net/job/CanaryLib/javadoc/index167b.html]
[ci.visualillusionsent.net/job/CanaryLib/javadoc/net/canarymod/hook/world/class-use/TreeGrowHook.html]
[ci.visualillusionsent.net/job/CanaryLib/javadoc/index6430.html]
[ci.visualillusionsent.net/job/CanaryLib/javadoc/index9001.html]
[ci.visualillusionsent.net/job/CanaryLib/javadoc/net/canarymod/api/world/class-use/TreeType.html]
[ci.visualillusionsent.net/job/CanaryLib/javadoc/index6378.html]
[ci.visualillusionsent.net/job/CanaryLib/javadoc/index9b7f.html]
[ci.visualillusionsent.net/job/CanaryLib/javadoc/net/canarymod/commandsys/commands/vanilla/class-use/Trigger.html]
[ci.visualillusionsent.net/job/CanaryLib/javadoc/index5a38.html]
[ci.visualillusionsent.net/job/CanaryLib/javadoc/index8ad2.html]
[ci.visualillusionsent.net/job/CanaryLib/javadoc/net/canarymod/api/world/blocks/properties/helpers/class-use/TripwireHookProperties.html]
[ci.visualillusionsent.net/job/CanaryLib/javadoc/index878b.html]
[ci.visualillusionsent.net/job/CanaryLib/javadoc/index5cc0.html]
[ci.visualillusionsent.net/job/CanaryLib/javadoc/net/canarymod/api/world/blocks/properties/helpers/class-use/TripwireProperties.html]
[ci.visualillusionsent.net/job/CanaryLib/javadoc/index364c.html]
[ci.visualillusionsent.net/job/CanaryLib/javadoc/index31e7.html]
[ci.visualillusionsent.net/job/CanaryLib/javadoc/net/canarymod/commandsys/commands/system/bans/class-use/UnbanCommand.html]
[ci.visualillusionsent.net/job/CanaryLib/javadoc/indexb0a4.html]
[ci.visualillusionsent.net/job/CanaryLib/javadoc/index894e.html]
[ci.visualillusionsent.net/job/CanaryLib/javadoc/net/canarymod/api/world/class-use/UnknownWorldException.html]
[ci.visualillusionsent.net/job/CanaryLib/javadoc/index8359.html]
[ci.visualillusionsent.net/job/CanaryLib/javadoc/index7acb.html]
[ci.visualillusionsent.net/job/CanaryLib/javadoc/net/canarymod/commandsys/commands/world/class-use/UnloadWorldCommand.html]
[ci.visualillusionsent.net/job/CanaryLib/javadoc/index9f1b.html]
[ci.visualillusionsent.net/job/CanaryLib/javadoc/indexccd0.html]
[ci.visualillusionsent.net/job/CanaryLib/javadoc/net/canarymod/hook/system/class-use/UnloadWorldHook.html]
[ci.visualillusionsent.net/job/CanaryLib/javadoc/index9339.html]
[ci.visualillusionsent.net/job/CanaryLib/javadoc/index4229.html]
[ci.visualillusionsent.net/job/CanaryLib/javadoc/net/canarymod/api/entity/living/humanoid/npc/ai/class-use/Update.html]
[ci.visualillusionsent.net/job/CanaryLib/javadoc/index9329.html]
[ci.visualillusionsent.net/job/CanaryLib/javadoc/index0aa9.html]
[ci.visualillusionsent.net/job/CanaryLib/javadoc/net/canarymod/commandsys/commands/system/informational/class-use/Uptime.html]
[ci.visualillusionsent.net/job/CanaryLib/javadoc/indexcd48.html]
[ci.visualillusionsent.net/job/CanaryLib/javadoc/index5f93.html]
[ci.visualillusionsent.net/job/CanaryLib/javadoc/net/canarymod/user/class-use/UserAndGroupsProvider.html]
[ci.visualillusionsent.net/job/CanaryLib/javadoc/index10a5.html]
[ci.visualillusionsent.net/job/CanaryLib/javadoc/indexe15e.html]
[ci.visualillusionsent.net/job/CanaryLib/javadoc/net/canarymod/api/world/blocks/class-use/VanillaBlock.html]
[ci.visualillusionsent.net/job/CanaryLib/javadoc/indexdd23.html]
[ci.visualillusionsent.net/job/CanaryLib/javadoc/index35d2.html]
[ci.visualillusionsent.net/job/CanaryLib/javadoc/net/canarymod/api/world/position/class-use/Vector3D.html]
[ci.visualillusionsent.net/job/CanaryLib/javadoc/indexe831.html]
[ci.visualillusionsent.net/job/CanaryLib/javadoc/index26eb.html]
[ci.visualillusionsent.net/job/CanaryLib/javadoc/net/canarymod/api/entity/vehicle/class-use/Vehicle.html]
[ci.visualillusionsent.net/job/CanaryLib/javadoc/index08aa.html]
[ci.visualillusionsent.net/job/CanaryLib/javadoc/indexa215.html]
[ci.visualillusionsent.net/job/CanaryLib/javadoc/net/canarymod/hook/entity/class-use/VehicleCollisionHook.html]
[ci.visualillusionsent.net/job/CanaryLib/javadoc/indexf9fa.html]
[ci.visualillusionsent.net/job/CanaryLib/javadoc/indexe04b.html]
[ci.visualillusionsent.net/job/CanaryLib/javadoc/net/canarymod/hook/entity/class-use/VehicleDamageHook.html]
[ci.visualillusionsent.net/job/CanaryLib/javadoc/indexb917.html]
[ci.visualillusionsent.net/job/CanaryLib/javadoc/index2094.html]
[ci.visualillusionsent.net/job/CanaryLib/javadoc/net/canarymod/hook/entity/class-use/VehicleDestroyHook.html]
[ci.visualillusionsent.net/job/CanaryLib/javadoc/index3c0a.html]
[ci.visualillusionsent.net/job/CanaryLib/javadoc/index11fd.html]
[ci.visualillusionsent.net/job/CanaryLib/javadoc/net/canarymod/hook/entity/class-use/VehicleEnterHook.html]
[ci.visualillusionsent.net/job/CanaryLib/javadoc/index6fb1.html]
[ci.visualillusionsent.net/job/CanaryLib/javadoc/index494d.html]
[ci.visualillusionsent.net/job/CanaryLib/javadoc/net/canarymod/hook/entity/class-use/VehicleExitHook.html]
[ci.visualillusionsent.net/job/CanaryLib/javadoc/index845d.html]
[ci.visualillusionsent.net/job/CanaryLib/javadoc/index87ff.html]
[ci.visualillusionsent.net/job/CanaryLib/javadoc/net/canarymod/hook/entity/class-use/VehicleMoveHook.html]
[ci.visualillusionsent.net/job/CanaryLib/javadoc/index2ee0.html]
[ci.visualillusionsent.net/job/CanaryLib/javadoc/index3dcf.html]
[ci.visualillusionsent.net/job/CanaryLib/javadoc/net/canarymod/api/world/class-use/Village.html]
[ci.visualillusionsent.net/job/CanaryLib/javadoc/indexcf10.html]
[ci.visualillusionsent.net/job/CanaryLib/javadoc/index7d37.html]
[ci.visualillusionsent.net/job/CanaryLib/javadoc/net/canarymod/api/entity/living/humanoid/class-use/Villager.html]
[ci.visualillusionsent.net/job/CanaryLib/javadoc/indexe1b8.html]
[ci.visualillusionsent.net/job/CanaryLib/javadoc/index01c5.html]
[ci.visualillusionsent.net/job/CanaryLib/javadoc/net/canarymod/api/entity/living/humanoid/class-use/Villager.Profession.html]
[ci.visualillusionsent.net/job/CanaryLib/javadoc/indexee06.html]
[ci.visualillusionsent.net/job/CanaryLib/javadoc/index3ce2.html]
[ci.visualillusionsent.net/job/CanaryLib/javadoc/net/canarymod/api/inventory/class-use/VillagerInventory.html]
[ci.visualillusionsent.net/job/CanaryLib/javadoc/index47fc.html]
[ci.visualillusionsent.net/job/CanaryLib/javadoc/index9fdd.html]
[ci.visualillusionsent.net/job/CanaryLib/javadoc/net/canarymod/api/class-use/VillagerTrade.html]
[ci.visualillusionsent.net/job/CanaryLib/javadoc/index4518.html]
[ci.visualillusionsent.net/job/CanaryLib/javadoc/index34a8.html]
[ci.visualillusionsent.net/job/CanaryLib/javadoc/net/canarymod/hook/player/class-use/VillagerTradeHook.html]
[ci.visualillusionsent.net/job/CanaryLib/javadoc/indexd232.html]
[ci.visualillusionsent.net/job/CanaryLib/javadoc/index7da8.html]
[ci.visualillusionsent.net/job/CanaryLib/javadoc/net/canarymod/hook/entity/class-use/VillagerTradeUnlockHook.html]
[ci.visualillusionsent.net/job/CanaryLib/javadoc/index9c1e.html]
[ci.visualillusionsent.net/job/CanaryLib/javadoc/indexc180.html]
[ci.visualillusionsent.net/job/CanaryLib/javadoc/net/canarymod/api/world/blocks/properties/helpers/class-use/VineProperties.html]
[ci.visualillusionsent.net/job/CanaryLib/javadoc/indexff64.html]
[ci.visualillusionsent.net/job/CanaryLib/javadoc/indexa765.html]
[ci.visualillusionsent.net/job/CanaryLib/javadoc/net/canarymod/api/world/blocks/properties/helpers/class-use/WallProperties.html]
[ci.visualillusionsent.net/job/CanaryLib/javadoc/indexb5d0.html]
[ci.visualillusionsent.net/job/CanaryLib/javadoc/index1b00.html]
[ci.visualillusionsent.net/job/CanaryLib/javadoc/net/canarymod/api/world/blocks/properties/helpers/class-use/WallProperties.Variant.html]
[ci.visualillusionsent.net/job/CanaryLib/javadoc/indexd8ee.html]
[ci.visualillusionsent.net/job/CanaryLib/javadoc/index19f2.html]
[ci.visualillusionsent.net/job/CanaryLib/javadoc/net/canarymod/api/world/blocks/properties/helpers/class-use/WallSignProperties.html]
[ci.visualillusionsent.net/job/CanaryLib/javadoc/indexf1f5.html]
[ci.visualillusionsent.net/job/CanaryLib/javadoc/indexf6b2.html]
[ci.visualillusionsent.net/job/CanaryLib/javadoc/net/canarymod/warp/class-use/Warp.html]
[ci.visualillusionsent.net/job/CanaryLib/javadoc/index4b62.html]
[ci.visualillusionsent.net/job/CanaryLib/javadoc/net/canarymod/warp/package-tree.html]
[ci.visualillusionsent.net/job/CanaryLib/javadoc/index01e8.html]
[ci.visualillusionsent.net/job/CanaryLib/javadoc/index7c15.html]
[ci.visualillusionsent.net/job/CanaryLib/javadoc/net/canarymod/backbone/class-use/WarpDataAccess.html]
[ci.visualillusionsent.net/job/CanaryLib/javadoc/index90db.html]
[ci.visualillusionsent.net/job/CanaryLib/javadoc/index9f05.html]
[ci.visualillusionsent.net/job/CanaryLib/javadoc/net/canarymod/commandsys/commands/warp/class-use/WarpList.html]
[ci.visualillusionsent.net/job/CanaryLib/javadoc/index680b.html]
[ci.visualillusionsent.net/job/CanaryLib/javadoc/index01c8.html]
[ci.visualillusionsent.net/job/CanaryLib/javadoc/net/canarymod/warp/class-use/WarpProvider.html]
[ci.visualillusionsent.net/job/CanaryLib/javadoc/index5ec3.html]
[ci.visualillusionsent.net/job/CanaryLib/javadoc/indexb59e.html]
[ci.visualillusionsent.net/job/CanaryLib/javadoc/net/canarymod/commandsys/commands/warp/class-use/WarpRemove.html]
[ci.visualillusionsent.net/job/CanaryLib/javadoc/index9abc.html]
[ci.visualillusionsent.net/job/CanaryLib/javadoc/index3eea.html]
[ci.visualillusionsent.net/job/CanaryLib/javadoc/net/canarymod/commandsys/commands/warp/class-use/WarpSet.html]
[ci.visualillusionsent.net/job/CanaryLib/javadoc/index4c83.html]
[ci.visualillusionsent.net/job/CanaryLib/javadoc/index8123.html]
[ci.visualillusionsent.net/job/CanaryLib/javadoc/net/canarymod/commandsys/commands/warp/class-use/WarpUse.html]
[ci.visualillusionsent.net/job/CanaryLib/javadoc/index0031.html]
[ci.visualillusionsent.net/job/CanaryLib/javadoc/index422b.html]
[ci.visualillusionsent.net/job/CanaryLib/javadoc/net/canarymod/commandsys/commands/vanilla/class-use/Weather.html]
[ci.visualillusionsent.net/job/CanaryLib/javadoc/indexb2af.html]
[ci.visualillusionsent.net/job/CanaryLib/javadoc/index6a08.html]
[ci.visualillusionsent.net/job/CanaryLib/javadoc/net/canarymod/hook/world/class-use/WeatherChangeHook.html]
[ci.visualillusionsent.net/job/CanaryLib/javadoc/index0728.html]
[ci.visualillusionsent.net/job/CanaryLib/javadoc/indexdb6b.html]
[ci.visualillusionsent.net/job/CanaryLib/javadoc/net/canarymod/api/entity/effect/class-use/WeatherEffect.html]
[ci.visualillusionsent.net/job/CanaryLib/javadoc/index0c27.html]
[ci.visualillusionsent.net/job/CanaryLib/javadoc/index66fb.html]
[ci.visualillusionsent.net/job/CanaryLib/javadoc/net/canarymod/api/world/blocks/properties/helpers/class-use/WeightedPressurePlateProperties.html]
[ci.visualillusionsent.net/job/CanaryLib/javadoc/indexc0dc.html]
[ci.visualillusionsent.net/job/CanaryLib/javadoc/index2875.html]
[ci.visualillusionsent.net/job/CanaryLib/javadoc/net/canarymod/commandsys/commands/system/whitelist/class-use/WhitelistAdd.html]
[ci.visualillusionsent.net/job/CanaryLib/javadoc/index14db.html]
[ci.visualillusionsent.net/job/CanaryLib/javadoc/net/canarymod/commandsys/commands/system/whitelist/package-tree.html]
[ci.visualillusionsent.net/job/CanaryLib/javadoc/indexd491.html]
[ci.visualillusionsent.net/job/CanaryLib/javadoc/index2513.html]
[ci.visualillusionsent.net/job/CanaryLib/javadoc/net/canarymod/backbone/class-use/WhitelistDataAccess.html]
[ci.visualillusionsent.net/job/CanaryLib/javadoc/index71c2.html]
[ci.visualillusionsent.net/job/CanaryLib/javadoc/index43f6.html]
[ci.visualillusionsent.net/job/CanaryLib/javadoc/net/canarymod/commandsys/commands/system/whitelist/class-use/WhitelistDisable.html]
[ci.visualillusionsent.net/job/CanaryLib/javadoc/index3aa8.html]
[ci.visualillusionsent.net/job/CanaryLib/javadoc/index05f7.html]
[ci.visualillusionsent.net/job/CanaryLib/javadoc/net/canarymod/commandsys/commands/system/whitelist/class-use/WhitelistEnable.html]
[ci.visualillusionsent.net/job/CanaryLib/javadoc/indexd1a2.html]
[ci.visualillusionsent.net/job/CanaryLib/javadoc/index2c67.html]
[ci.visualillusionsent.net/job/CanaryLib/javadoc/net/canarymod/user/class-use/WhitelistProvider.html]
[ci.visualillusionsent.net/job/CanaryLib/javadoc/indexec6b.html]
[ci.visualillusionsent.net/job/CanaryLib/javadoc/index856c.html]
[ci.visualillusionsent.net/job/CanaryLib/javadoc/net/canarymod/commandsys/commands/system/whitelist/class-use/WhitelistReload.html]
[ci.visualillusionsent.net/job/CanaryLib/javadoc/index575a.html]
[ci.visualillusionsent.net/job/CanaryLib/javadoc/index4f2a.html]
[ci.visualillusionsent.net/job/CanaryLib/javadoc/net/canarymod/commandsys/commands/system/whitelist/class-use/WhitelistRemove.html]
[ci.visualillusionsent.net/job/CanaryLib/javadoc/indexf4df.html]
[ci.visualillusionsent.net/job/CanaryLib/javadoc/index4ec4.html]
[ci.visualillusionsent.net/job/CanaryLib/javadoc/net/canarymod/commandsys/commands/system/whitelist/class-use/WhitelistShow.html]
[ci.visualillusionsent.net/job/CanaryLib/javadoc/index63b6.html]
[ci.visualillusionsent.net/job/CanaryLib/javadoc/index71be.html]
[ci.visualillusionsent.net/job/CanaryLib/javadoc/net/canarymod/api/entity/living/monster/class-use/Witch.html]
[ci.visualillusionsent.net/job/CanaryLib/javadoc/index263b.html]
[ci.visualillusionsent.net/job/CanaryLib/javadoc/indexadfd.html]
[ci.visualillusionsent.net/job/CanaryLib/javadoc/net/canarymod/api/entity/living/monster/class-use/Wither.html]
[ci.visualillusionsent.net/job/CanaryLib/javadoc/index151f.html]
[ci.visualillusionsent.net/job/CanaryLib/javadoc/index410d.html]
[ci.visualillusionsent.net/job/CanaryLib/javadoc/net/canarymod/api/entity/class-use/WitherSkull.html]
[ci.visualillusionsent.net/job/CanaryLib/javadoc/index08c8.html]
[ci.visualillusionsent.net/job/CanaryLib/javadoc/indexd15f.html]
[ci.visualillusionsent.net/job/CanaryLib/javadoc/net/canarymod/api/entity/living/animal/class-use/Wolf.html]
[ci.visualillusionsent.net/job/CanaryLib/javadoc/index1fc7.html]
[ci.visualillusionsent.net/job/CanaryLib/javadoc/indexf9cf-2.html]
[ci.visualillusionsent.net/job/CanaryLib/javadoc/net/canarymod/api/world/blocks/properties/helpers/class-use/WoodProperties.html]
[ci.visualillusionsent.net/job/CanaryLib/javadoc/indexa9ac.html]
[ci.visualillusionsent.net/job/CanaryLib/javadoc/index6c86.html]
[ci.visualillusionsent.net/job/CanaryLib/javadoc/net/canarymod/api/world/blocks/properties/helpers/class-use/WoodProperties.Variant.html]
[ci.visualillusionsent.net/job/CanaryLib/javadoc/indexa7d7.html]
[ci.visualillusionsent.net/job/CanaryLib/javadoc/index97ce.html]
[ci.visualillusionsent.net/job/CanaryLib/javadoc/net/canarymod/api/world/blocks/properties/helpers/class-use/WoodSlabProperties.html]
[ci.visualillusionsent.net/job/CanaryLib/javadoc/indexf1a6.html]
[ci.visualillusionsent.net/job/CanaryLib/javadoc/indexc25c.html]
[ci.visualillusionsent.net/job/CanaryLib/javadoc/net/canarymod/api/world/blocks/class-use/Workbench.html]
[ci.visualillusionsent.net/job/CanaryLib/javadoc/index58b6.html]
[ci.visualillusionsent.net/job/CanaryLib/javadoc/index0bbb.html]
[ci.visualillusionsent.net/job/CanaryLib/javadoc/net/canarymod/api/world/class-use/World.html]
[ci.visualillusionsent.net/job/CanaryLib/javadoc/indexd86a.html]
[ci.visualillusionsent.net/job/CanaryLib/javadoc/index002d.html]
[ci.visualillusionsent.net/job/CanaryLib/javadoc/net/canarymod/api/world/class-use/World.Difficulty.html]
[ci.visualillusionsent.net/job/CanaryLib/javadoc/index03e6.html]
[ci.visualillusionsent.net/job/CanaryLib/javadoc/index60a2.html]
[ci.visualillusionsent.net/job/CanaryLib/javadoc/net/canarymod/commandsys/commands/vanilla/class-use/WorldBorder.html]
[ci.visualillusionsent.net/job/CanaryLib/javadoc/index3686.html]
[ci.visualillusionsent.net/job/CanaryLib/javadoc/index9bba.html]
[ci.visualillusionsent.net/job/CanaryLib/javadoc/net/canarymod/config/class-use/WorldConfiguration.html]
[ci.visualillusionsent.net/job/CanaryLib/javadoc/indexfbb3.html]
[ci.visualillusionsent.net/job/CanaryLib/javadoc/index0317.html]
[ci.visualillusionsent.net/job/CanaryLib/javadoc/net/canarymod/commandsys/commands/world/class-use/WorldInfoCommand.html]
[ci.visualillusionsent.net/job/CanaryLib/javadoc/index8b69.html]
[ci.visualillusionsent.net/job/CanaryLib/javadoc/indexfac0-2.html]
[ci.visualillusionsent.net/job/CanaryLib/javadoc/net/canarymod/api/world/class-use/WorldManager.html]
[ci.visualillusionsent.net/job/CanaryLib/javadoc/index0dcd.html]
[ci.visualillusionsent.net/job/CanaryLib/javadoc/index575d.html]
[ci.visualillusionsent.net/job/CanaryLib/javadoc/net/canarymod/api/world/class-use/WorldType.html]
[ci.visualillusionsent.net/job/CanaryLib/javadoc/indexdbf6.html]
[ci.visualillusionsent.net/job/CanaryLib/javadoc/index24db.html]
[ci.visualillusionsent.net/job/CanaryLib/javadoc/net/canarymod/database/xml/class-use/XmlDatabase.html]
[ci.visualillusionsent.net/job/CanaryLib/javadoc/index712a.html]
[ci.visualillusionsent.net/job/CanaryLib/javadoc/net/canarymod/database/xml/package-tree.html]
[ci.visualillusionsent.net/job/CanaryLib/javadoc/index596f.html]
[ci.visualillusionsent.net/job/CanaryLib/javadoc/index2c01.html]
[ci.visualillusionsent.net/job/CanaryLib/javadoc/net/canarymod/commandsys/commands/vanilla/class-use/XP.html]
[ci.visualillusionsent.net/job/CanaryLib/javadoc/index82aa.html]
[ci.visualillusionsent.net/job/CanaryLib/javadoc/indexed62.html]
[ci.visualillusionsent.net/job/CanaryLib/javadoc/net/canarymod/api/entity/throwable/class-use/XPBottle.html]
[ci.visualillusionsent.net/job/CanaryLib/javadoc/indexcc13.html]
[ci.visualillusionsent.net/job/CanaryLib/javadoc/indexb954.html]
[ci.visualillusionsent.net/job/CanaryLib/javadoc/net/canarymod/api/entity/class-use/XPOrb.html]
[ci.visualillusionsent.net/job/CanaryLib/javadoc/index6481.html]
[ci.visualillusionsent.net/job/CanaryLib/javadoc/index7c7c.html]
[ci.visualillusionsent.net/job/CanaryLib/javadoc/net/canarymod/api/entity/living/monster/class-use/Zombie.html]
[ci.visualillusionsent.net/job/CanaryLib/javadoc/index9799.html]
[ci.visualillusionsent.net/job/CanaryLib/javadoc/index7ed1.html]
[ci.visualillusionsent.net/job/CanaryLib/javadoc/net/canarymod/api/attributes/class-use/ZombieAttribute.html]
[ci.visualillusionsent.net/job/CanaryLib/javadoc/index7871.html]
[ci.visualillusionsent.net/job/CanaryLib/javadoc/indexcaf2.html]
[ci.visualillusionsent.net/job/CanaryLib/javadoc/index94a5.html]
[ci.visualillusionsent.net/job/CanaryLib/javadoc/indexfcc0.html]
[ci.visualillusionsent.net/job/CanaryLib/javadoc/indexb46a.html]
[ci.visualillusionsent.net/job/CanaryLib/javadoc/index4710.html]
[ci.visualillusionsent.net/job/CanaryLib/javadoc/net/canarymod/package-use.html]
[ci.visualillusionsent.net/job/CanaryLib/javadoc/index099f-2.html]
[ci.visualillusionsent.net/job/CanaryLib/javadoc/index9b78.html]
[ci.visualillusionsent.net/job/CanaryLib/javadoc/net/canarymod/api/package-use.html]
[ci.visualillusionsent.net/job/CanaryLib/javadoc/indexf019.html]
[ci.visualillusionsent.net/job/CanaryLib/javadoc/indexf46e.html]
[ci.visualillusionsent.net/job/CanaryLib/javadoc/net/canarymod/api/ai/package-use.html]
[ci.visualillusionsent.net/job/CanaryLib/javadoc/indexfd03.html]
[ci.visualillusionsent.net/job/CanaryLib/javadoc/index6b5a.html]
[ci.visualillusionsent.net/job/CanaryLib/javadoc/net/canarymod/api/attributes/package-use.html]
[ci.visualillusionsent.net/job/CanaryLib/javadoc/indexd704.html]
[ci.visualillusionsent.net/job/CanaryLib/javadoc/index10e4.html]
[ci.visualillusionsent.net/job/CanaryLib/javadoc/net/canarymod/api/chat/package-use.html]
[ci.visualillusionsent.net/job/CanaryLib/javadoc/index19b1.html]
[ci.visualillusionsent.net/job/CanaryLib/javadoc/indexeb09.html]
[ci.visualillusionsent.net/job/CanaryLib/javadoc/net/canarymod/api/entity/package-use.html]
[ci.visualillusionsent.net/job/CanaryLib/javadoc/index24ec.html]
[ci.visualillusionsent.net/job/CanaryLib/javadoc/index203a.html]
[ci.visualillusionsent.net/job/CanaryLib/javadoc/net/canarymod/api/entity/effect/package-use.html]
[ci.visualillusionsent.net/job/CanaryLib/javadoc/index0ee1.html]
[ci.visualillusionsent.net/job/CanaryLib/javadoc/index0cba.html]
[ci.visualillusionsent.net/job/CanaryLib/javadoc/net/canarymod/api/entity/hanging/package-use.html]
[ci.visualillusionsent.net/job/CanaryLib/javadoc/index1cb1.html]
[ci.visualillusionsent.net/job/CanaryLib/javadoc/index337e.html]
[ci.visualillusionsent.net/job/CanaryLib/javadoc/net/canarymod/api/entity/living/package-use.html]
[ci.visualillusionsent.net/job/CanaryLib/javadoc/index8d52.html]
[ci.visualillusionsent.net/job/CanaryLib/javadoc/index088b.html]
[ci.visualillusionsent.net/job/CanaryLib/javadoc/net/canarymod/api/entity/living/animal/package-use.html]
[ci.visualillusionsent.net/job/CanaryLib/javadoc/index1268.html]
[ci.visualillusionsent.net/job/CanaryLib/javadoc/index0511.html]
[ci.visualillusionsent.net/job/CanaryLib/javadoc/net/canarymod/api/entity/living/humanoid/package-use.html]
[ci.visualillusionsent.net/job/CanaryLib/javadoc/index0693.html]
[ci.visualillusionsent.net/job/CanaryLib/javadoc/indexf24e.html]
[ci.visualillusionsent.net/job/CanaryLib/javadoc/net/canarymod/api/entity/living/humanoid/npc/package-use.html]
[ci.visualillusionsent.net/job/CanaryLib/javadoc/index0ead.html]
[ci.visualillusionsent.net/job/CanaryLib/javadoc/index1f5e.html]
[ci.visualillusionsent.net/job/CanaryLib/javadoc/net/canarymod/api/entity/living/humanoid/npc/ai/package-use.html]
[ci.visualillusionsent.net/job/CanaryLib/javadoc/index3c07.html]
[ci.visualillusionsent.net/job/CanaryLib/javadoc/index0532.html]
[ci.visualillusionsent.net/job/CanaryLib/javadoc/net/canarymod/api/entity/living/monster/package-use.html]
[ci.visualillusionsent.net/job/CanaryLib/javadoc/indexe0de.html]
[ci.visualillusionsent.net/job/CanaryLib/javadoc/indexb033.html]
[ci.visualillusionsent.net/job/CanaryLib/javadoc/net/canarymod/api/entity/throwable/package-use.html]
[ci.visualillusionsent.net/job/CanaryLib/javadoc/index78f4.html]
[ci.visualillusionsent.net/job/CanaryLib/javadoc/indexb2eb.html]
[ci.visualillusionsent.net/job/CanaryLib/javadoc/net/canarymod/api/entity/vehicle/package-use.html]
[ci.visualillusionsent.net/job/CanaryLib/javadoc/indexe950.html]
[ci.visualillusionsent.net/job/CanaryLib/javadoc/index3f98.html]
[ci.visualillusionsent.net/job/CanaryLib/javadoc/net/canarymod/api/factory/package-use.html]
[ci.visualillusionsent.net/job/CanaryLib/javadoc/index6fd8.html]
[ci.visualillusionsent.net/job/CanaryLib/javadoc/indexbeca.html]
[ci.visualillusionsent.net/job/CanaryLib/javadoc/net/canarymod/api/gui/package-use.html]
[ci.visualillusionsent.net/job/CanaryLib/javadoc/index038f.html]
[ci.visualillusionsent.net/job/CanaryLib/javadoc/index1fea.html]
[ci.visualillusionsent.net/job/CanaryLib/javadoc/net/canarymod/api/inventory/package-use.html]
[ci.visualillusionsent.net/job/CanaryLib/javadoc/indexcdc8.html]
[ci.visualillusionsent.net/job/CanaryLib/javadoc/index8b81.html]
[ci.visualillusionsent.net/job/CanaryLib/javadoc/net/canarymod/api/inventory/helper/package-use.html]
[ci.visualillusionsent.net/job/CanaryLib/javadoc/index1da2.html]
[ci.visualillusionsent.net/job/CanaryLib/javadoc/index0879.html]
[ci.visualillusionsent.net/job/CanaryLib/javadoc/net/canarymod/api/inventory/recipes/package-use.html]
[ci.visualillusionsent.net/job/CanaryLib/javadoc/index2fd6.html]
[ci.visualillusionsent.net/job/CanaryLib/javadoc/index2782.html]
[ci.visualillusionsent.net/job/CanaryLib/javadoc/net/canarymod/api/inventory/slot/package-use.html]
[ci.visualillusionsent.net/job/CanaryLib/javadoc/index3795.html]
[ci.visualillusionsent.net/job/CanaryLib/javadoc/indexd4be.html]
[ci.visualillusionsent.net/job/CanaryLib/javadoc/net/canarymod/api/nbt/package-use.html]
[ci.visualillusionsent.net/job/CanaryLib/javadoc/index315f.html]
[ci.visualillusionsent.net/job/CanaryLib/javadoc/indexbdbf.html]
[ci.visualillusionsent.net/job/CanaryLib/javadoc/net/canarymod/api/packet/package-use.html]
[ci.visualillusionsent.net/job/CanaryLib/javadoc/index3753.html]
[ci.visualillusionsent.net/job/CanaryLib/javadoc/index9d8b.html]
[ci.visualillusionsent.net/job/CanaryLib/javadoc/net/canarymod/api/potion/package-use.html]
[ci.visualillusionsent.net/job/CanaryLib/javadoc/index6c06.html]
[ci.visualillusionsent.net/job/CanaryLib/javadoc/index528e.html]
[ci.visualillusionsent.net/job/CanaryLib/javadoc/net/canarymod/api/scoreboard/package-use.html]
[ci.visualillusionsent.net/job/CanaryLib/javadoc/index2ad0.html]
[ci.visualillusionsent.net/job/CanaryLib/javadoc/index2dc4.html]
[ci.visualillusionsent.net/job/CanaryLib/javadoc/net/canarymod/api/statistics/package-use.html]
[ci.visualillusionsent.net/job/CanaryLib/javadoc/index23c5.html]
[ci.visualillusionsent.net/job/CanaryLib/javadoc/index55e1.html]
[ci.visualillusionsent.net/job/CanaryLib/javadoc/net/canarymod/api/world/package-use.html]
[ci.visualillusionsent.net/job/CanaryLib/javadoc/indexfb3d.html]
[ci.visualillusionsent.net/job/CanaryLib/javadoc/indexcfb3.html]
[ci.visualillusionsent.net/job/CanaryLib/javadoc/net/canarymod/api/world/blocks/package-use.html]
[ci.visualillusionsent.net/job/CanaryLib/javadoc/indexdb88.html]
[ci.visualillusionsent.net/job/CanaryLib/javadoc/indexfa12.html]
[ci.visualillusionsent.net/job/CanaryLib/javadoc/net/canarymod/api/world/blocks/properties/package-use.html]
[ci.visualillusionsent.net/job/CanaryLib/javadoc/indexddbe.html]
[ci.visualillusionsent.net/job/CanaryLib/javadoc/indexdb29.html]
[ci.visualillusionsent.net/job/CanaryLib/javadoc/net/canarymod/api/world/blocks/properties/helpers/package-use.html]
[ci.visualillusionsent.net/job/CanaryLib/javadoc/index4aeb.html]
[ci.visualillusionsent.net/job/CanaryLib/javadoc/indexc289.html]
[ci.visualillusionsent.net/job/CanaryLib/javadoc/net/canarymod/api/world/effects/package-use.html]
[ci.visualillusionsent.net/job/CanaryLib/javadoc/indexdba8.html]
[ci.visualillusionsent.net/job/CanaryLib/javadoc/index8a27.html]
[ci.visualillusionsent.net/job/CanaryLib/javadoc/net/canarymod/api/world/position/package-use.html]
[ci.visualillusionsent.net/job/CanaryLib/javadoc/indexe6c2.html]
[ci.visualillusionsent.net/job/CanaryLib/javadoc/index3b9b.html]
[ci.visualillusionsent.net/job/CanaryLib/javadoc/net/canarymod/backbone/package-use.html]
[ci.visualillusionsent.net/job/CanaryLib/javadoc/index48d0.html]
[ci.visualillusionsent.net/job/CanaryLib/javadoc/index74b6.html]
[ci.visualillusionsent.net/job/CanaryLib/javadoc/net/canarymod/bansystem/package-use.html]
[ci.visualillusionsent.net/job/CanaryLib/javadoc/index49e6.html]
[ci.visualillusionsent.net/job/CanaryLib/javadoc/indexb3cf.html]
[ci.visualillusionsent.net/job/CanaryLib/javadoc/net/canarymod/channels/package-use.html]
[ci.visualillusionsent.net/job/CanaryLib/javadoc/index9c72.html]
[ci.visualillusionsent.net/job/CanaryLib/javadoc/index939c.html]
[ci.visualillusionsent.net/job/CanaryLib/javadoc/net/canarymod/chat/package-use.html]
[ci.visualillusionsent.net/job/CanaryLib/javadoc/index19e6.html]
[ci.visualillusionsent.net/job/CanaryLib/javadoc/index7e7e.html]
[ci.visualillusionsent.net/job/CanaryLib/javadoc/net/canarymod/commandsys/package-use.html]
[ci.visualillusionsent.net/job/CanaryLib/javadoc/indexd0a3.html]
[ci.visualillusionsent.net/job/CanaryLib/javadoc/index09a3.html]
[ci.visualillusionsent.net/job/CanaryLib/javadoc/net/canarymod/commandsys/commands/groupmod/package-use.html]
[ci.visualillusionsent.net/job/CanaryLib/javadoc/indexb066.html]
[ci.visualillusionsent.net/job/CanaryLib/javadoc/index6075.html]
[ci.visualillusionsent.net/job/CanaryLib/javadoc/net/canarymod/commandsys/commands/player/package-use.html]
[ci.visualillusionsent.net/job/CanaryLib/javadoc/index8473.html]
[ci.visualillusionsent.net/job/CanaryLib/javadoc/index6437.html]
[ci.visualillusionsent.net/job/CanaryLib/javadoc/net/canarymod/commandsys/commands/playermod/package-use.html]
[ci.visualillusionsent.net/job/CanaryLib/javadoc/indexd77b.html]
[ci.visualillusionsent.net/job/CanaryLib/javadoc/indexe1f0.html]
[ci.visualillusionsent.net/job/CanaryLib/javadoc/net/canarymod/commandsys/commands/system/package-use.html]
[ci.visualillusionsent.net/job/CanaryLib/javadoc/index9ac9.html]
[ci.visualillusionsent.net/job/CanaryLib/javadoc/indexfaa3-2.html]
[ci.visualillusionsent.net/job/CanaryLib/javadoc/net/canarymod/commandsys/commands/system/bans/package-use.html]
[ci.visualillusionsent.net/job/CanaryLib/javadoc/index42f7.html]
[ci.visualillusionsent.net/job/CanaryLib/javadoc/index8d47.html]
[ci.visualillusionsent.net/job/CanaryLib/javadoc/net/canarymod/commandsys/commands/system/informational/package-use.html]
[ci.visualillusionsent.net/job/CanaryLib/javadoc/index2223.html]
[ci.visualillusionsent.net/job/CanaryLib/javadoc/indexba4e.html]
[ci.visualillusionsent.net/job/CanaryLib/javadoc/net/canarymod/commandsys/commands/system/kits/package-use.html]
[ci.visualillusionsent.net/job/CanaryLib/javadoc/indexbe84.html]
[ci.visualillusionsent.net/job/CanaryLib/javadoc/index35e6.html]
[ci.visualillusionsent.net/job/CanaryLib/javadoc/net/canarymod/commandsys/commands/system/operator/package-use.html]
[ci.visualillusionsent.net/job/CanaryLib/javadoc/indexe8c8.html]
[ci.visualillusionsent.net/job/CanaryLib/javadoc/indexf83f.html]
[ci.visualillusionsent.net/job/CanaryLib/javadoc/net/canarymod/commandsys/commands/system/reservelist/package-use.html]
[ci.visualillusionsent.net/job/CanaryLib/javadoc/index29e2.html]
[ci.visualillusionsent.net/job/CanaryLib/javadoc/index89ac.html]
[ci.visualillusionsent.net/job/CanaryLib/javadoc/net/canarymod/commandsys/commands/system/whitelist/package-use.html]
[ci.visualillusionsent.net/job/CanaryLib/javadoc/indexe24d.html]
[ci.visualillusionsent.net/job/CanaryLib/javadoc/index525c.html]
[ci.visualillusionsent.net/job/CanaryLib/javadoc/net/canarymod/commandsys/commands/vanilla/package-use.html]
[ci.visualillusionsent.net/job/CanaryLib/javadoc/indexd2c8.html]
[ci.visualillusionsent.net/job/CanaryLib/javadoc/index084f.html]
[ci.visualillusionsent.net/job/CanaryLib/javadoc/net/canarymod/commandsys/commands/warp/package-use.html]
[ci.visualillusionsent.net/job/CanaryLib/javadoc/index9908.html]
[ci.visualillusionsent.net/job/CanaryLib/javadoc/index0e5e.html]
[ci.visualillusionsent.net/job/CanaryLib/javadoc/net/canarymod/commandsys/commands/world/package-use.html]
[ci.visualillusionsent.net/job/CanaryLib/javadoc/index7c93.html]
[ci.visualillusionsent.net/job/CanaryLib/javadoc/indexb4ce.html]
[ci.visualillusionsent.net/job/CanaryLib/javadoc/net/canarymod/config/package-use.html]
[ci.visualillusionsent.net/job/CanaryLib/javadoc/index4e64.html]
[ci.visualillusionsent.net/job/CanaryLib/javadoc/indexf244.html]
[ci.visualillusionsent.net/job/CanaryLib/javadoc/net/canarymod/converter/package-use.html]
[ci.visualillusionsent.net/job/CanaryLib/javadoc/indexd29c.html]
[ci.visualillusionsent.net/job/CanaryLib/javadoc/indexec09.html]
[ci.visualillusionsent.net/job/CanaryLib/javadoc/net/canarymod/database/package-use.html]
[ci.visualillusionsent.net/job/CanaryLib/javadoc/index805c.html]
[ci.visualillusionsent.net/job/CanaryLib/javadoc/indexca73.html]
[ci.visualillusionsent.net/job/CanaryLib/javadoc/net/canarymod/database/exceptions/package-use.html]
[ci.visualillusionsent.net/job/CanaryLib/javadoc/indexd8e1.html]
[ci.visualillusionsent.net/job/CanaryLib/javadoc/indexdff3.html]
[ci.visualillusionsent.net/job/CanaryLib/javadoc/net/canarymod/database/mysql/package-use.html]
[ci.visualillusionsent.net/job/CanaryLib/javadoc/indexd515.html]
[ci.visualillusionsent.net/job/CanaryLib/javadoc/indexc4f9.html]
[ci.visualillusionsent.net/job/CanaryLib/javadoc/net/canarymod/database/sqlite/package-use.html]
[ci.visualillusionsent.net/job/CanaryLib/javadoc/index7072.html]
[ci.visualillusionsent.net/job/CanaryLib/javadoc/indexa69a.html]
[ci.visualillusionsent.net/job/CanaryLib/javadoc/net/canarymod/database/xml/package-use.html]
[ci.visualillusionsent.net/job/CanaryLib/javadoc/index8164.html]
[ci.visualillusionsent.net/job/CanaryLib/javadoc/indexb602.html]
[ci.visualillusionsent.net/job/CanaryLib/javadoc/net/canarymod/exceptions/package-use.html]
[ci.visualillusionsent.net/job/CanaryLib/javadoc/indexa367.html]
[ci.visualillusionsent.net/job/CanaryLib/javadoc/indexdfd8-2.html]
[ci.visualillusionsent.net/job/CanaryLib/javadoc/net/canarymod/help/package-use.html]
[ci.visualillusionsent.net/job/CanaryLib/javadoc/index3b5f.html]
[ci.visualillusionsent.net/job/CanaryLib/javadoc/indexcf45.html]
[ci.visualillusionsent.net/job/CanaryLib/javadoc/net/canarymod/hook/package-use.html]
[ci.visualillusionsent.net/job/CanaryLib/javadoc/indexe1da.html]
[ci.visualillusionsent.net/job/CanaryLib/javadoc/index537a.html]
[ci.visualillusionsent.net/job/CanaryLib/javadoc/net/canarymod/hook/command/package-use.html]
[ci.visualillusionsent.net/job/CanaryLib/javadoc/index4180.html]
[ci.visualillusionsent.net/job/CanaryLib/javadoc/index6ed2.html]
[ci.visualillusionsent.net/job/CanaryLib/javadoc/net/canarymod/hook/entity/package-use.html]
[ci.visualillusionsent.net/job/CanaryLib/javadoc/indexb5c4.html]
[ci.visualillusionsent.net/job/CanaryLib/javadoc/indexe925.html]
[ci.visualillusionsent.net/job/CanaryLib/javadoc/net/canarymod/hook/player/package-use.html]
[ci.visualillusionsent.net/job/CanaryLib/javadoc/indexfe2f.html]
[ci.visualillusionsent.net/job/CanaryLib/javadoc/index2942.html]
[ci.visualillusionsent.net/job/CanaryLib/javadoc/net/canarymod/hook/system/package-use.html]
[ci.visualillusionsent.net/job/CanaryLib/javadoc/indexfb56.html]
[ci.visualillusionsent.net/job/CanaryLib/javadoc/index4c54.html]
[ci.visualillusionsent.net/job/CanaryLib/javadoc/net/canarymod/hook/world/package-use.html]
[ci.visualillusionsent.net/job/CanaryLib/javadoc/index91ef.html]
[ci.visualillusionsent.net/job/CanaryLib/javadoc/index6e12.html]
[ci.visualillusionsent.net/job/CanaryLib/javadoc/net/canarymod/kit/package-use.html]
[ci.visualillusionsent.net/job/CanaryLib/javadoc/index1932.html]
[ci.visualillusionsent.net/job/CanaryLib/javadoc/index02a1.html]
[ci.visualillusionsent.net/job/CanaryLib/javadoc/net/canarymod/logger/package-use.html]
[ci.visualillusionsent.net/job/CanaryLib/javadoc/index4419.html]
[ci.visualillusionsent.net/job/CanaryLib/javadoc/index70bb.html]
[ci.visualillusionsent.net/job/CanaryLib/javadoc/net/canarymod/metrics/package-use.html]
[ci.visualillusionsent.net/job/CanaryLib/javadoc/index823c.html]
[ci.visualillusionsent.net/job/CanaryLib/javadoc/index91ea.html]
[ci.visualillusionsent.net/job/CanaryLib/javadoc/net/canarymod/motd/package-use.html]
[ci.visualillusionsent.net/job/CanaryLib/javadoc/index34d1.html]
[ci.visualillusionsent.net/job/CanaryLib/javadoc/indexa253.html]
[ci.visualillusionsent.net/job/CanaryLib/javadoc/net/canarymod/permissionsystem/package-use.html]
[ci.visualillusionsent.net/job/CanaryLib/javadoc/index9593.html]
[ci.visualillusionsent.net/job/CanaryLib/javadoc/index2e35-2.html]
[ci.visualillusionsent.net/job/CanaryLib/javadoc/net/canarymod/plugin/package-use.html]
[ci.visualillusionsent.net/job/CanaryLib/javadoc/index6a90.html]
[ci.visualillusionsent.net/job/CanaryLib/javadoc/indexa14f.html]
[ci.visualillusionsent.net/job/CanaryLib/javadoc/net/canarymod/plugin/dependencies/package-use.html]
[ci.visualillusionsent.net/job/CanaryLib/javadoc/indexdbd2.html]
[ci.visualillusionsent.net/job/CanaryLib/javadoc/index5473.html]
[ci.visualillusionsent.net/job/CanaryLib/javadoc/net/canarymod/plugin/lifecycle/package-use.html]
[ci.visualillusionsent.net/job/CanaryLib/javadoc/index1998.html]
[ci.visualillusionsent.net/job/CanaryLib/javadoc/index738c.html]
[ci.visualillusionsent.net/job/CanaryLib/javadoc/net/canarymod/serialize/package-use.html]
[ci.visualillusionsent.net/job/CanaryLib/javadoc/index405f.html]
[ci.visualillusionsent.net/job/CanaryLib/javadoc/index5aef.html]
[ci.visualillusionsent.net/job/CanaryLib/javadoc/net/canarymod/tasks/package-use.html]
[ci.visualillusionsent.net/job/CanaryLib/javadoc/index40d5.html]
[ci.visualillusionsent.net/job/CanaryLib/javadoc/index3a19.html]
[ci.visualillusionsent.net/job/CanaryLib/javadoc/net/canarymod/user/package-use.html]
[ci.visualillusionsent.net/job/CanaryLib/javadoc/index8d21.html]
[ci.visualillusionsent.net/job/CanaryLib/javadoc/index878b-3.html]
[ci.visualillusionsent.net/job/CanaryLib/javadoc/net/canarymod/util/package-use.html]
[ci.visualillusionsent.net/job/CanaryLib/javadoc/index274a.html]
[ci.visualillusionsent.net/job/CanaryLib/javadoc/index9238.html]
[ci.visualillusionsent.net/job/CanaryLib/javadoc/net/canarymod/warp/package-use.html]
[ci.visualillusionsent.net/job/CanaryLib/javadoc/index0b3a.html]
[ci.visualillusionsent.net/job/CanaryLib/javadoc/indexb4dd.html]
[ci.visualillusionsent.net/job/CanaryLib/javadoc/index8e2e.html]
[ci.visualillusionsent.net/job/CanaryLib/javadoc/indexb574.html]
[ci.visualillusionsent.net/job/CanaryLib/javadoc/indexbb34.html]
[ci.visualillusionsent.net/job/CanaryLib/javadoc/index7004.html]
[ci.visualillusionsent.net/job/CanaryLib/javadoc/index99ac.html]
[ci.visualillusionsent.net/job/CanaryLib/javadoc/index81a8.html]
[ci.visualillusionsent.net/job/CanaryLib/javadoc/indexe807.html]
[ci.visualillusionsent.net/job/CanaryLib/javadoc/index741d.html]
[ci.visualillusionsent.net/job/CanaryLib/javadoc/index1cf8.html]
[ci.visualillusionsent.net/job/CanaryLib/javadoc/indexcb38.html]
[ci.visualillusionsent.net/job/CanaryLib/javadoc/index72ba.html]
[ci.visualillusionsent.net/job/CanaryLib/javadoc/index7af2.html]
[ci.visualillusionsent.net/job/CanaryLib/javadoc/indexce28.html]
[ci.visualillusionsent.net/job/CanaryLib/javadoc/indexee7c.html]
[ci.visualillusionsent.net/job/CanaryLib/javadoc/index5e0f.html]
[ci.visualillusionsent.net/job/CanaryLib/javadoc/indexfe9e.html]
[ci.visualillusionsent.net/job/CanaryLib/javadoc/index70cf.html]
[ci.visualillusionsent.net/job/CanaryLib/javadoc/indexde98.html]
[ci.visualillusionsent.net/job/CanaryLib/javadoc/indexcc28.html]
[ci.visualillusionsent.net/job/CanaryLib/javadoc/index2192.html]
[ci.visualillusionsent.net/job/CanaryLib/javadoc/indexe4b4.html]
[ci.visualillusionsent.net/job/CanaryLib/javadoc/index453e.html]
[ci.visualillusionsent.net/job/CanaryLib/javadoc/indexa32c.html]
[ci.visualillusionsent.net/job/CanaryLib/javadoc/indexe85e.html]
[ci.visualillusionsent.net/job/CanaryLib/javadoc/indexa293.html]
[ci.visualillusionsent.net/job/CanaryLib/javadoc/indexf149.html]
[ci.visualillusionsent.net/job/CanaryLib/javadoc/index59c3.html]
[ci.visualillusionsent.net/job/CanaryLib/javadoc/index71b9.html]
[ci.visualillusionsent.net/job/CanaryLib/javadoc/indexfd2a.html]
[ci.visualillusionsent.net/job/CanaryLib/javadoc/indexf99f.html]
[ci.visualillusionsent.net/job/CanaryLib/javadoc/indexef8e.html]
[ci.visualillusionsent.net/job/CanaryLib/javadoc/index5e42.html]
[ci.visualillusionsent.net/job/CanaryLib/javadoc/index601d.html]
[ci.visualillusionsent.net/job/CanaryLib/javadoc/indexecab.html]
[ci.visualillusionsent.net/job/CanaryLib/javadoc/index7db4.html]
[ci.visualillusionsent.net/job/CanaryLib/javadoc/index4cfb.html]
[ci.visualillusionsent.net/job/CanaryLib/javadoc/indexb1b1.html]
[ci.visualillusionsent.net/job/CanaryLib/javadoc/index102f.html]
[ci.visualillusionsent.net/job/CanaryLib/javadoc/index3207.html]
[ci.visualillusionsent.net/job/CanaryLib/javadoc/index9931.html]
[ci.visualillusionsent.net/job/CanaryLib/javadoc/index9623.html]
[ci.visualillusionsent.net/job/CanaryLib/javadoc/index74a4.html]
[ci.visualillusionsent.net/job/CanaryLib/javadoc/index919c.html]
[ci.visualillusionsent.net/job/CanaryLib/javadoc/index5043.html]
[ci.visualillusionsent.net/job/CanaryLib/javadoc/index0287.html]
[ci.visualillusionsent.net/job/CanaryLib/javadoc/indexa545.html]
[ci.visualillusionsent.net/job/CanaryLib/javadoc/indexdcc1.html]
[ci.visualillusionsent.net/job/CanaryLib/javadoc/indexadab.html]
[ci.visualillusionsent.net/job/CanaryLib/javadoc/indexc925.html]
[ci.visualillusionsent.net/job/CanaryLib/javadoc/index6d7b.html]
[ci.visualillusionsent.net/job/CanaryLib/javadoc/indexbb16.html]
[ci.visualillusionsent.net/job/CanaryLib/javadoc/index0578.html]
[ci.visualillusionsent.net/job/CanaryLib/javadoc/index59e5.html]
[ci.visualillusionsent.net/job/CanaryLib/javadoc/index53c5.html]
[ci.visualillusionsent.net/job/CanaryLib/javadoc/indexa4f6.html]
[ci.visualillusionsent.net/job/CanaryLib/javadoc/index83d5.html]
[ci.visualillusionsent.net/job/CanaryLib/javadoc/index0a0c.html]
[ci.visualillusionsent.net/job/CanaryLib/javadoc/index0667.html]
[ci.visualillusionsent.net/job/CanaryLib/javadoc/index59f9.html]
[ci.visualillusionsent.net/job/CanaryLib/javadoc/indexec5c.html]
[ci.visualillusionsent.net/job/CanaryLib/javadoc/index7016.html]
[ci.visualillusionsent.net/job/CanaryLib/javadoc/indexe532.html]
[ci.visualillusionsent.net/job/CanaryLib/javadoc/index7884.html]
[ci.visualillusionsent.net/job/CanaryLib/javadoc/index588f.html]
[ci.visualillusionsent.net/job/CanaryLib/javadoc/indexb0c8.html]
[ci.visualillusionsent.net/job/CanaryLib/javadoc/indexed8f.html]
[ci.visualillusionsent.net/job/CanaryLib/javadoc/index7ba8.html]
[ci.visualillusionsent.net/job/CanaryLib/javadoc/index05e7.html]
[ci.visualillusionsent.net/job/CanaryLib/javadoc/index49c3.html]
[ci.visualillusionsent.net/job/CanaryLib/javadoc/index846a.html]
[ci.visualillusionsent.net/job/CanaryLib/javadoc/index35bc.html]
[ci.visualillusionsent.net/job/CanaryLib/javadoc/index06eb.html]
[ci.visualillusionsent.net/job/CanaryLib/javadoc/indexaa01-2.html]
[ci.visualillusionsent.net/job/CanaryLib/javadoc/index6e8f.html]
[ci.visualillusionsent.net/job/CanaryLib/javadoc/indexb975.html]
[ci.visualillusionsent.net/job/CanaryLib/javadoc/index6f1a.html]
[ci.visualillusionsent.net/job/CanaryLib/javadoc/index978f.html]
[ci.visualillusionsent.net/job/CanaryLib/javadoc/index2977.html]
[ci.visualillusionsent.net/job/CanaryLib/javadoc/index1ea2.html]
[ci.visualillusionsent.net/job/CanaryLib/javadoc/index6bd4.html]
[ci.visualillusionsent.net/job/CanaryLib/javadoc/indexfbfc.html]
[ci.visualillusionsent.net/job/CanaryLib/javadoc/index7384.html]
[ci.visualillusionsent.net/job/CanaryLib/javadoc/index2dab.html]
[ci.visualillusionsent.net/job/CanaryLib/javadoc/indexf8d6.html]
[ci.visualillusionsent.net/job/CanaryLib/javadoc/index2670.html]
[ci.visualillusionsent.net/job/CanaryLib/javadoc/index8bee.html]
[ci.visualillusionsent.net/job/CanaryLib/javadoc/indexe13c.html]
[ci.visualillusionsent.net/job/CanaryLib/javadoc/indexdb6d.html]
[ci.visualillusionsent.net/job/CanaryLib/javadoc/indexdd5c.html]
[ci.visualillusionsent.net/job/CanaryLib/javadoc/indexe433.html]
[ci.visualillusionsent.net/job/CanaryLib/javadoc/index1fca.html]
[ci.visualillusionsent.net/job/CanaryLib/javadoc/index5ecc.html]
[ci.visualillusionsent.net/job/CanaryLib/javadoc/indexce81.html]
[ci.visualillusionsent.net/job/CanaryLib/javadoc/index097b.html]
[ci.visualillusionsent.net/job/CanaryLib/javadoc/index460b.html]
[ci.visualillusionsent.net/job/CanaryLib/javadoc/indexd06a.html]
[ci.visualillusionsent.net/job/CanaryLib/javadoc/index7812.html]
[ci.visualillusionsent.net/job/CanaryLib/javadoc/index5154.html]
[ci.visualillusionsent.net/job/CanaryLib/javadoc/indexa1a0.html]
[ci.visualillusionsent.net/job/CanaryLib/javadoc/index3816.html]
[ci.visualillusionsent.net/job/CanaryLib/javadoc/indexef5a.html]
[ci.visualillusionsent.net/job/CanaryLib/javadoc/indexb595.html]
[ci.visualillusionsent.net/job/CanaryLib/javadoc/indexf725.html]
[ci.visualillusionsent.net/job/CanaryLib/javadoc/index6068.html]
[ci.visualillusionsent.net/job/CanaryLib/javadoc/index6640.html]
[ci.visualillusionsent.net/job/CanaryLib/javadoc/indexe6e3.html]
[ci.visualillusionsent.net/job/CanaryLib/javadoc/index8246.html]
[ci.visualillusionsent.net/job/CanaryLib/javadoc/index1eda.html]
[ci.visualillusionsent.net/job/CanaryLib/javadoc/indexa214.html]
[ci.visualillusionsent.net/job/CanaryLib/javadoc/indexe38d.html]
[ci.visualillusionsent.net/job/CanaryLib/javadoc/indexa1e9.html]
[ci.visualillusionsent.net/job/CanaryLib/javadoc/indexbdd8.html]
[ci.visualillusionsent.net/job/CanaryLib/javadoc/index9fb0.html]
[ci.visualillusionsent.net/job/CanaryLib/javadoc/indexfaa3.html]
[ci.visualillusionsent.net/job/CanaryLib/javadoc/indexdcc7.html]
[ci.visualillusionsent.net/job/CanaryLib/javadoc/index07f7.html]
[ci.visualillusionsent.net/job/CanaryLib/javadoc/index456f.html]
[ci.visualillusionsent.net/job/CanaryLib/javadoc/index3ce8.html]
[ci.visualillusionsent.net/job/CanaryLib/javadoc/index913b.html]
[ci.visualillusionsent.net/job/CanaryLib/javadoc/index45f5.html]
[ci.visualillusionsent.net/job/CanaryLib/javadoc/index1755.html]
[ci.visualillusionsent.net/job/CanaryLib/javadoc/indexd6e1.html]
[ci.visualillusionsent.net/job/CanaryLib/javadoc/index7a14.html]
[ci.visualillusionsent.net/job/CanaryLib/javadoc/index1979.html]
[ci.visualillusionsent.net/job/CanaryLib/javadoc/index431d.html]
[ci.visualillusionsent.net/job/CanaryLib/javadoc/index9a8e.html]
[ci.visualillusionsent.net/job/CanaryLib/javadoc/index4464.html]
[ci.visualillusionsent.net/job/CanaryLib/javadoc/indexff93.html]
[ci.visualillusionsent.net/job/CanaryLib/javadoc/index03ad.html]
[ci.visualillusionsent.net/job/CanaryLib/javadoc/index44dd.html]
[ci.visualillusionsent.net/job/CanaryLib/javadoc/indexcb49.html]
[ci.visualillusionsent.net/job/CanaryLib/javadoc/index0f7a.html]
[ci.visualillusionsent.net/job/CanaryLib/javadoc/index4cb8.html]
[ci.visualillusionsent.net/job/CanaryLib/javadoc/indexa9ca.html]
[ci.visualillusionsent.net/job/CanaryLib/javadoc/index6c1f.html]
[ci.visualillusionsent.net/job/CanaryLib/javadoc/indexf7c0.html]
[ci.visualillusionsent.net/job/CanaryLib/javadoc/indexe1ab.html]
[ci.visualillusionsent.net/job/CanaryLib/javadoc/indexbb67.html]
[ci.visualillusionsent.net/job/CanaryLib/javadoc/index0c1c.html]
[ci.visualillusionsent.net/job/CanaryLib/javadoc/index9313.html]
[ci.visualillusionsent.net/job/CanaryLib/javadoc/index7cf0.html]
[ci.visualillusionsent.net/job/CanaryLib/javadoc/index93d0.html]
[ci.visualillusionsent.net/job/CanaryLib/javadoc/index4a25.html]
[ci.visualillusionsent.net/job/CanaryLib/javadoc/indexda08.html]
[ci.visualillusionsent.net/job/CanaryLib/javadoc/index21a2.html]
[ci.visualillusionsent.net/job/CanaryLib/javadoc/indexeead.html]
[ci.visualillusionsent.net/job/CanaryLib/javadoc/indexd02b.html]
[ci.visualillusionsent.net/job/CanaryLib/javadoc/index6670.html]
[ci.visualillusionsent.net/job/CanaryLib/javadoc/indexeba4.html]
[ci.visualillusionsent.net/job/CanaryLib/javadoc/index0d28.html]
[ci.visualillusionsent.net/job/CanaryLib/javadoc/index1cbe.html]
[ci.visualillusionsent.net/job/CanaryLib/javadoc/index1619.html]
[ci.visualillusionsent.net/job/CanaryLib/javadoc/indexf3cf-2.html]
[ci.visualillusionsent.net/job/CanaryLib/javadoc/indexdf7b.html]
[ci.visualillusionsent.net/job/CanaryLib/javadoc/index0fbc.html]
[ci.visualillusionsent.net/job/CanaryLib/javadoc/indexc15d.html]
[ci.visualillusionsent.net/job/CanaryLib/javadoc/indexee6a.html]
[ci.visualillusionsent.net/job/CanaryLib/javadoc/index7e3e.html]
[ci.visualillusionsent.net/job/CanaryLib/javadoc/indexe3ec.html]
[ci.visualillusionsent.net/job/CanaryLib/javadoc/index61da.html]
[ci.visualillusionsent.net/job/CanaryLib/javadoc/indexeca4.html]
[ci.visualillusionsent.net/job/CanaryLib/javadoc/indexf275.html]
[ci.visualillusionsent.net/job/CanaryLib/javadoc/indexb286.html]
[ci.visualillusionsent.net/job/CanaryLib/javadoc/indexbf97.html]
[ci.visualillusionsent.net/job/CanaryLib/javadoc/index1710.html]
[ci.visualillusionsent.net/job/CanaryLib/javadoc/index063f.html]
[ci.visualillusionsent.net/job/CanaryLib/javadoc/indexdf73.html]
[ci.visualillusionsent.net/job/CanaryLib/javadoc/index3f14.html]
[ci.visualillusionsent.net/job/CanaryLib/javadoc/indexdfe5.html]
[ci.visualillusionsent.net/job/CanaryLib/javadoc/indexa19d.html]
[ci.visualillusionsent.net/job/CanaryLib/javadoc/indexb950.html]
[ci.visualillusionsent.net/job/CanaryLib/javadoc/index406c.html]
[ci.visualillusionsent.net/job/CanaryLib/javadoc/indexfd1a.html]
[ci.visualillusionsent.net/job/CanaryLib/javadoc/indexc312.html]
[ci.visualillusionsent.net/job/CanaryLib/javadoc/indexa2bd.html]
[ci.visualillusionsent.net/job/CanaryLib/javadoc/index01d4.html]
[ci.visualillusionsent.net/job/CanaryLib/javadoc/indexe12d.html]
[ci.visualillusionsent.net/job/CanaryLib/javadoc/index81b7.html]
[ci.visualillusionsent.net/job/CanaryLib/javadoc/index5a34.html]
[ci.visualillusionsent.net/job/CanaryLib/javadoc/indexf418.html]
[ci.visualillusionsent.net/job/CanaryLib/javadoc/indexd866.html]
[ci.visualillusionsent.net/job/CanaryLib/javadoc/indexe07a.html]
[ci.visualillusionsent.net/job/CanaryLib/javadoc/index10d1.html]
[ci.visualillusionsent.net/job/CanaryLib/javadoc/index8cd0.html]
[ci.visualillusionsent.net/job/CanaryLib/javadoc/index7a0e.html]
[ci.visualillusionsent.net/job/CanaryLib/javadoc/indexf8b2.html]
[ci.visualillusionsent.net/job/CanaryLib/javadoc/indexabe3.html]
[ci.visualillusionsent.net/job/CanaryLib/javadoc/index7936.html]
[ci.visualillusionsent.net/job/CanaryLib/javadoc/indexb474.html]
[ci.visualillusionsent.net/job/CanaryLib/javadoc/index6ab1.html]
[ci.visualillusionsent.net/job/CanaryLib/javadoc/indexd0b6.html]
[ci.visualillusionsent.net/job/CanaryLib/javadoc/index049a.html]
[ci.visualillusionsent.net/job/CanaryLib/javadoc/indexd9db.html]
[ci.visualillusionsent.net/job/CanaryLib/javadoc/indexeaeb.html]
[ci.visualillusionsent.net/job/CanaryLib/javadoc/index578b.html]
[ci.visualillusionsent.net/job/CanaryLib/javadoc/indexcf78.html]
[ci.visualillusionsent.net/job/CanaryLib/javadoc/index4d43.html]
[ci.visualillusionsent.net/job/CanaryLib/javadoc/indexfb74.html]
[ci.visualillusionsent.net/job/CanaryLib/javadoc/index1c97.html]
[ci.visualillusionsent.net/job/CanaryLib/javadoc/index5043-2.html]
[ci.visualillusionsent.net/job/CanaryLib/javadoc/indexd3ea.html]
[ci.visualillusionsent.net/job/CanaryLib/javadoc/index9e2e.html]
[ci.visualillusionsent.net/job/CanaryLib/javadoc/index7703.html]
[ci.visualillusionsent.net/job/CanaryLib/javadoc/index78fd.html]
[ci.visualillusionsent.net/job/CanaryLib/javadoc/indexde16.html]
[ci.visualillusionsent.net/job/CanaryLib/javadoc/index50de.html]
[ci.visualillusionsent.net/job/CanaryLib/javadoc/index904b.html]
[ci.visualillusionsent.net/job/CanaryLib/javadoc/index40c2.html]
[ci.visualillusionsent.net/job/CanaryLib/javadoc/indexac67.html]
[ci.visualillusionsent.net/job/CanaryLib/javadoc/index3f11.html]
[ci.visualillusionsent.net/job/CanaryLib/javadoc/index3aab.html]
[ci.visualillusionsent.net/job/CanaryLib/javadoc/index3994.html]
[ci.visualillusionsent.net/job/CanaryLib/javadoc/index8d75.html]
[ci.visualillusionsent.net/job/CanaryLib/javadoc/indexccb5.html]
[ci.visualillusionsent.net/job/CanaryLib/javadoc/index800f.html]
[ci.visualillusionsent.net/job/CanaryLib/javadoc/index6059.html]
[ci.visualillusionsent.net/job/CanaryLib/javadoc/index8148.html]
[ci.visualillusionsent.net/job/CanaryLib/javadoc/index3976.html]
[ci.visualillusionsent.net/job/CanaryLib/javadoc/index1e28.html]
[ci.visualillusionsent.net/job/CanaryLib/javadoc/index5fc4.html]
[ci.visualillusionsent.net/job/CanaryLib/javadoc/index9065.html]
[ci.visualillusionsent.net/job/CanaryLib/javadoc/indexbc91.html]
[ci.visualillusionsent.net/job/CanaryLib/javadoc/index7644.html]
[ci.visualillusionsent.net/job/CanaryLib/javadoc/index37d7.html]
[ci.visualillusionsent.net/job/CanaryLib/javadoc/indexcd11.html]
[ci.visualillusionsent.net/job/CanaryLib/javadoc/index0e1b.html]
[ci.visualillusionsent.net/job/CanaryLib/javadoc/index2e15.html]
[ci.visualillusionsent.net/job/CanaryLib/javadoc/index2ac8.html]
[ci.visualillusionsent.net/job/CanaryLib/javadoc/indexc7da.html]
[ci.visualillusionsent.net/job/CanaryLib/javadoc/index5e9d.html]
[ci.visualillusionsent.net/job/CanaryLib/javadoc/indexd213.html]
[ci.visualillusionsent.net/job/CanaryLib/javadoc/index9fa8.html]
[ci.visualillusionsent.net/job/CanaryLib/javadoc/index0a3c.html]
[ci.visualillusionsent.net/job/CanaryLib/javadoc/index3b6f.html]
[ci.visualillusionsent.net/job/CanaryLib/javadoc/index8550.html]
[ci.visualillusionsent.net/job/CanaryLib/javadoc/index3f34.html]
[ci.visualillusionsent.net/job/CanaryLib/javadoc/indexb295.html]
[ci.visualillusionsent.net/job/CanaryLib/javadoc/index0329.html]
[ci.visualillusionsent.net/job/CanaryLib/javadoc/indexa52b.html]
[ci.visualillusionsent.net/job/CanaryLib/javadoc/index8d87.html]
[ci.visualillusionsent.net/job/CanaryLib/javadoc/index4394.html]
[ci.visualillusionsent.net/job/CanaryLib/javadoc/index5bf9.html]
[ci.visualillusionsent.net/job/CanaryLib/javadoc/index53e9.html]
[ci.visualillusionsent.net/job/CanaryLib/javadoc/index15c9.html]
[ci.visualillusionsent.net/job/CanaryLib/javadoc/index09ed.html]
[ci.visualillusionsent.net/job/CanaryLib/javadoc/index9022.html]
[ci.visualillusionsent.net/job/CanaryLib/javadoc/index53fe.html]
[ci.visualillusionsent.net/job/CanaryLib/javadoc/indexc612.html]
[ci.visualillusionsent.net/job/CanaryLib/javadoc/index4e27.html]
[ci.visualillusionsent.net/job/CanaryLib/javadoc/indexea60.html]
[ci.visualillusionsent.net/job/CanaryLib/javadoc/indexc494.html]
[ci.visualillusionsent.net/job/CanaryLib/javadoc/indexf2ac.html]
[ci.visualillusionsent.net/job/CanaryLib/javadoc/index846a-2.html]
[ci.visualillusionsent.net/job/CanaryLib/javadoc/index6f13.html]
[ci.visualillusionsent.net/job/CanaryLib/javadoc/indexdbc3.html]
[ci.visualillusionsent.net/job/CanaryLib/javadoc/index3c68.html]
[ci.visualillusionsent.net/job/CanaryLib/javadoc/index750f.html]
[ci.visualillusionsent.net/job/CanaryLib/javadoc/index9f9a.html]
[ci.visualillusionsent.net/job/CanaryLib/javadoc/index3cb1.html]
[ci.visualillusionsent.net/job/CanaryLib/javadoc/index502a.html]
[ci.visualillusionsent.net/job/CanaryLib/javadoc/indexc339.html]
[ci.visualillusionsent.net/job/CanaryLib/javadoc/indexc6a5.html]
[ci.visualillusionsent.net/job/CanaryLib/javadoc/indexe316.html]
[ci.visualillusionsent.net/job/CanaryLib/javadoc/indexc000.html]
[ci.visualillusionsent.net/job/CanaryLib/javadoc/index4f05.html]
[ci.visualillusionsent.net/job/CanaryLib/javadoc/index9232.html]
[ci.visualillusionsent.net/job/CanaryLib/javadoc/index49ce.html]
[ci.visualillusionsent.net/job/CanaryLib/javadoc/indexfd38.html]
[ci.visualillusionsent.net/job/CanaryLib/javadoc/indexddcc.html]
[ci.visualillusionsent.net/job/CanaryLib/javadoc/index5944.html]
[ci.visualillusionsent.net/job/CanaryLib/javadoc/index0b18.html]
[ci.visualillusionsent.net/job/CanaryLib/javadoc/index3fde.html]
[ci.visualillusionsent.net/job/CanaryLib/javadoc/index40c8.html]
[ci.visualillusionsent.net/job/CanaryLib/javadoc/index2299.html]
[ci.visualillusionsent.net/job/CanaryLib/javadoc/index2388.html]
[ci.visualillusionsent.net/job/CanaryLib/javadoc/index18f1.html]
[ci.visualillusionsent.net/job/CanaryLib/javadoc/index8560.html]
[ci.visualillusionsent.net/job/CanaryLib/javadoc/index59cf.html]
[ci.visualillusionsent.net/job/CanaryLib/javadoc/indexbb4f.html]
[ci.visualillusionsent.net/job/CanaryLib/javadoc/indexd8be.html]
[ci.visualillusionsent.net/job/CanaryLib/javadoc/index5e71.html]
[ci.visualillusionsent.net/job/CanaryLib/javadoc/index80e9.html]
[ci.visualillusionsent.net/job/CanaryLib/javadoc/index449d.html]
[ci.visualillusionsent.net/job/CanaryLib/javadoc/index906a.html]
[ci.visualillusionsent.net/job/CanaryLib/javadoc/indexfdea.html]
[ci.visualillusionsent.net/job/CanaryLib/javadoc/index2e35.html]
[ci.visualillusionsent.net/job/CanaryLib/javadoc/index64e8.html]
[ci.visualillusionsent.net/job/CanaryLib/javadoc/index044a.html]
[ci.visualillusionsent.net/job/CanaryLib/javadoc/indexb75e.html]
[ci.visualillusionsent.net/job/CanaryLib/javadoc/index0b38.html]
[ci.visualillusionsent.net/job/CanaryLib/javadoc/index8ee4.html]
[ci.visualillusionsent.net/job/CanaryLib/javadoc/indexf056.html]
[ci.visualillusionsent.net/job/CanaryLib/javadoc/indexa27b.html]
[ci.visualillusionsent.net/job/CanaryLib/javadoc/indexdc30.html]
[ci.visualillusionsent.net/job/CanaryLib/javadoc/indexb76e.html]
[ci.visualillusionsent.net/job/CanaryLib/javadoc/indexebcf.html]
[ci.visualillusionsent.net/job/CanaryLib/javadoc/indexe5dd.html]
[ci.visualillusionsent.net/job/CanaryLib/javadoc/index3dcc.html]
[ci.visualillusionsent.net/job/CanaryLib/javadoc/index5341.html]
[ci.visualillusionsent.net/job/CanaryLib/javadoc/indexbd31.html]
[ci.visualillusionsent.net/job/CanaryLib/javadoc/index3796.html]
[ci.visualillusionsent.net/job/CanaryLib/javadoc/indexcb26.html]
[ci.visualillusionsent.net/job/CanaryLib/javadoc/index4f51.html]
[ci.visualillusionsent.net/job/CanaryLib/javadoc/index7998.html]
[ci.visualillusionsent.net/job/CanaryLib/javadoc/index49f4.html]
[ci.visualillusionsent.net/job/CanaryLib/javadoc/index3249.html]
[ci.visualillusionsent.net/job/CanaryLib/javadoc/index048b.html]
[ci.visualillusionsent.net/job/CanaryLib/javadoc/indexe267.html]
[ci.visualillusionsent.net/job/CanaryLib/javadoc/index8604.html]
[ci.visualillusionsent.net/job/CanaryLib/javadoc/index915c.html]
[ci.visualillusionsent.net/job/CanaryLib/javadoc/index5849.html]
[ci.visualillusionsent.net/job/CanaryLib/javadoc/indexc411.html]
[ci.visualillusionsent.net/job/CanaryLib/javadoc/index2e9c.html]
[ci.visualillusionsent.net/job/CanaryLib/javadoc/index1ffb.html]
[ci.visualillusionsent.net/job/CanaryLib/javadoc/indexb672.html]
[ci.visualillusionsent.net/job/CanaryLib/javadoc/index012a.html]
[ci.visualillusionsent.net/job/CanaryLib/javadoc/index9aa5.html]
[ci.visualillusionsent.net/job/CanaryLib/javadoc/index76dc.html]
[ci.visualillusionsent.net/job/CanaryLib/javadoc/index73ad.html]
[ci.visualillusionsent.net/job/CanaryLib/javadoc/indexc9e5.html]
[ci.visualillusionsent.net/job/CanaryLib/javadoc/index46f7.html]
[ci.visualillusionsent.net/job/CanaryLib/javadoc/indexa908.html]
[ci.visualillusionsent.net/job/CanaryLib/javadoc/index44d8.html]
[ci.visualillusionsent.net/job/CanaryLib/javadoc/indexc3df.html]
[ci.visualillusionsent.net/job/CanaryLib/javadoc/index8d4d.html]
[ci.visualillusionsent.net/job/CanaryLib/javadoc/index17e3.html]
[ci.visualillusionsent.net/job/CanaryLib/javadoc/index58f0.html]
[ci.visualillusionsent.net/job/CanaryLib/javadoc/indexdd9c.html]
[ci.visualillusionsent.net/job/CanaryLib/javadoc/index2f71.html]
[ci.visualillusionsent.net/job/CanaryLib/javadoc/index3944.html]
[ci.visualillusionsent.net/job/CanaryLib/javadoc/indexda07.html]
[ci.visualillusionsent.net/job/CanaryLib/javadoc/indexfde5.html]
[ci.visualillusionsent.net/job/CanaryLib/javadoc/index5593.html]
[ci.visualillusionsent.net/job/CanaryLib/javadoc/index7d7f.html]
[ci.visualillusionsent.net/job/CanaryLib/javadoc/index3dac.html]
[ci.visualillusionsent.net/job/CanaryLib/javadoc/index4642.html]
[ci.visualillusionsent.net/job/CanaryLib/javadoc/index7a33.html]
[ci.visualillusionsent.net/job/CanaryLib/javadoc/indexcfee.html]
[ci.visualillusionsent.net/job/CanaryLib/javadoc/index4a87.html]
[ci.visualillusionsent.net/job/CanaryLib/javadoc/indexdedb.html]
[ci.visualillusionsent.net/job/CanaryLib/javadoc/indexed10.html]
[ci.visualillusionsent.net/job/CanaryLib/javadoc/index068d.html]
[ci.visualillusionsent.net/job/CanaryLib/javadoc/indexa95a.html]
[ci.visualillusionsent.net/job/CanaryLib/javadoc/index8600.html]
[ci.visualillusionsent.net/job/CanaryLib/javadoc/index8774.html]
[ci.visualillusionsent.net/job/CanaryLib/javadoc/index8f92.html]
[ci.visualillusionsent.net/job/CanaryLib/javadoc/indexacec.html]
[ci.visualillusionsent.net/job/CanaryLib/javadoc/index7110.html]
[ci.visualillusionsent.net/job/CanaryLib/javadoc/indexbc08.html]
[ci.visualillusionsent.net/job/CanaryLib/javadoc/index5f4e.html]
[ci.visualillusionsent.net/job/CanaryLib/javadoc/index79e8.html]
[ci.visualillusionsent.net/job/CanaryLib/javadoc/index261e.html]
[ci.visualillusionsent.net/job/CanaryLib/javadoc/index6ce8.html]
[ci.visualillusionsent.net/job/CanaryLib/javadoc/indexa6f2.html]
[ci.visualillusionsent.net/job/CanaryLib/javadoc/index85cb.html]
[ci.visualillusionsent.net/job/CanaryLib/javadoc/index4f2e.html]
[ci.visualillusionsent.net/job/CanaryLib/javadoc/index0289.html]
[ci.visualillusionsent.net/job/CanaryLib/javadoc/index928a.html]
[ci.visualillusionsent.net/job/CanaryLib/javadoc/indexae3c.html]
[ci.visualillusionsent.net/job/CanaryLib/javadoc/index489e.html]
[ci.visualillusionsent.net/job/CanaryLib/javadoc/index5be6.html]
[ci.visualillusionsent.net/job/CanaryLib/javadoc/index1614.html]
[ci.visualillusionsent.net/job/CanaryLib/javadoc/index6b02.html]
[ci.visualillusionsent.net/job/CanaryLib/javadoc/indexbfb5.html]
[ci.visualillusionsent.net/job/CanaryLib/javadoc/indexdc77.html]
[ci.visualillusionsent.net/job/CanaryLib/javadoc/index2650.html]
[ci.visualillusionsent.net/job/CanaryLib/javadoc/index39fa.html]
[ci.visualillusionsent.net/job/CanaryLib/javadoc/index4fd7.html]
[ci.visualillusionsent.net/job/CanaryLib/javadoc/indexebde.html]
[ci.visualillusionsent.net/job/CanaryLib/javadoc/indexa19a.html]
[ci.visualillusionsent.net/job/CanaryLib/javadoc/indexfc45.html]
[ci.visualillusionsent.net/job/CanaryLib/javadoc/index978c.html]
[ci.visualillusionsent.net/job/CanaryLib/javadoc/index31c1.html]
[ci.visualillusionsent.net/job/CanaryLib/javadoc/index1c02.html]
[ci.visualillusionsent.net/job/CanaryLib/javadoc/index760b.html]
[ci.visualillusionsent.net/job/CanaryLib/javadoc/indexc55b.html]
[ci.visualillusionsent.net/job/CanaryLib/javadoc/indexaa07.html]
[ci.visualillusionsent.net/job/CanaryLib/javadoc/index13b4.html]
[ci.visualillusionsent.net/job/CanaryLib/javadoc/index4d07.html]
[ci.visualillusionsent.net/job/CanaryLib/javadoc/index4b27.html]
[ci.visualillusionsent.net/job/CanaryLib/javadoc/indexb554.html]
[ci.visualillusionsent.net/job/CanaryLib/javadoc/index9bf9.html]
[ci.visualillusionsent.net/job/CanaryLib/javadoc/index870f.html]
[ci.visualillusionsent.net/job/CanaryLib/javadoc/index67f2.html]
[ci.visualillusionsent.net/job/CanaryLib/javadoc/index676a.html]
[ci.visualillusionsent.net/job/CanaryLib/javadoc/index3447.html]
[ci.visualillusionsent.net/job/CanaryLib/javadoc/indexb6da.html]
[ci.visualillusionsent.net/job/CanaryLib/javadoc/index2365.html]
[ci.visualillusionsent.net/job/CanaryLib/javadoc/index2d68.html]
[ci.visualillusionsent.net/job/CanaryLib/javadoc/indexa18d.html]
[ci.visualillusionsent.net/job/CanaryLib/javadoc/index92e0.html]
[ci.visualillusionsent.net/job/CanaryLib/javadoc/index6d0b.html]
[ci.visualillusionsent.net/job/CanaryLib/javadoc/indexafd4.html]
[ci.visualillusionsent.net/job/CanaryLib/javadoc/index7611.html]
[ci.visualillusionsent.net/job/CanaryLib/javadoc/index320c.html]
[ci.visualillusionsent.net/job/CanaryLib/javadoc/index1394.html]
[ci.visualillusionsent.net/job/CanaryLib/javadoc/index821c.html]
[ci.visualillusionsent.net/job/CanaryLib/javadoc/indexa13d.html]
[ci.visualillusionsent.net/job/CanaryLib/javadoc/indexf616.html]
[ci.visualillusionsent.net/job/CanaryLib/javadoc/indexd944.html]
[ci.visualillusionsent.net/job/CanaryLib/javadoc/indexf622.html]
[ci.visualillusionsent.net/job/CanaryLib/javadoc/index70c3.html]
[ci.visualillusionsent.net/job/CanaryLib/javadoc/index8ea7.html]
[ci.visualillusionsent.net/job/CanaryLib/javadoc/indexe476.html]
[ci.visualillusionsent.net/job/CanaryLib/javadoc/index917c.html]
[ci.visualillusionsent.net/job/CanaryLib/javadoc/index44a3.html]
[ci.visualillusionsent.net/job/CanaryLib/javadoc/index5433.html]
[ci.visualillusionsent.net/job/CanaryLib/javadoc/indexb6db.html]
[ci.visualillusionsent.net/job/CanaryLib/javadoc/index29a2.html]
[ci.visualillusionsent.net/job/CanaryLib/javadoc/index5866.html]
[ci.visualillusionsent.net/job/CanaryLib/javadoc/indexe0fa.html]
[ci.visualillusionsent.net/job/CanaryLib/javadoc/indexcff7.html]
[ci.visualillusionsent.net/job/CanaryLib/javadoc/index5c8a.html]
[ci.visualillusionsent.net/job/CanaryLib/javadoc/indexe0ce.html]
[ci.visualillusionsent.net/job/CanaryLib/javadoc/index1256.html]
[ci.visualillusionsent.net/job/CanaryLib/javadoc/indexbb4d.html]
[ci.visualillusionsent.net/job/CanaryLib/javadoc/index87cf.html]
[ci.visualillusionsent.net/job/CanaryLib/javadoc/indexa8d1.html]
[ci.visualillusionsent.net/job/CanaryLib/javadoc/index5551.html]
[ci.visualillusionsent.net/job/CanaryLib/javadoc/index96ba.html]
[ci.visualillusionsent.net/job/CanaryLib/javadoc/indexe792.html]
[ci.visualillusionsent.net/job/CanaryLib/javadoc/index0a1b.html]
[ci.visualillusionsent.net/job/CanaryLib/javadoc/index0c6e.html]
[ci.visualillusionsent.net/job/CanaryLib/javadoc/indexdc95.html]
[ci.visualillusionsent.net/job/CanaryLib/javadoc/indexa669.html]
[ci.visualillusionsent.net/job/CanaryLib/javadoc/index4206.html]
[ci.visualillusionsent.net/job/CanaryLib/javadoc/indexcf4f.html]
[ci.visualillusionsent.net/job/CanaryLib/javadoc/indexb1ed.html]
[ci.visualillusionsent.net/job/CanaryLib/javadoc/indexd25c.html]
[ci.visualillusionsent.net/job/CanaryLib/javadoc/index11e0.html]
[ci.visualillusionsent.net/job/CanaryLib/javadoc/index48e1.html]
[ci.visualillusionsent.net/job/CanaryLib/javadoc/index0d58.html]
[ci.visualillusionsent.net/job/CanaryLib/javadoc/index0bb0.html]
[ci.visualillusionsent.net/job/CanaryLib/javadoc/index52e0.html]
[ci.visualillusionsent.net/job/CanaryLib/javadoc/index3f9d.html]
[ci.visualillusionsent.net/job/CanaryLib/javadoc/index422d.html]
[ci.visualillusionsent.net/job/CanaryLib/javadoc/index9573.html]
[ci.visualillusionsent.net/job/CanaryLib/javadoc/indexc836.html]
[ci.visualillusionsent.net/job/CanaryLib/javadoc/index13af.html]
[ci.visualillusionsent.net/job/CanaryLib/javadoc/index6905.html]
[ci.visualillusionsent.net/job/CanaryLib/javadoc/index462b.html]
[ci.visualillusionsent.net/job/CanaryLib/javadoc/index5f97.html]
[ci.visualillusionsent.net/job/CanaryLib/javadoc/indexd0fa.html]
[ci.visualillusionsent.net/job/CanaryLib/javadoc/indexbda3.html]
[ci.visualillusionsent.net/job/CanaryLib/javadoc/index51f7.html]
[ci.visualillusionsent.net/job/CanaryLib/javadoc/index7886.html]
[ci.visualillusionsent.net/job/CanaryLib/javadoc/index6e0c.html]
[ci.visualillusionsent.net/job/CanaryLib/javadoc/index8744.html]
[ci.visualillusionsent.net/job/CanaryLib/javadoc/index08c3.html]
[ci.visualillusionsent.net/job/CanaryLib/javadoc/index3655.html]
[ci.visualillusionsent.net/job/CanaryLib/javadoc/index7916.html]
[ci.visualillusionsent.net/job/CanaryLib/javadoc/index7a89.html]
[ci.visualillusionsent.net/job/CanaryLib/javadoc/indexec6b-2.html]
[ci.visualillusionsent.net/job/CanaryLib/javadoc/index5a21.html]
[ci.visualillusionsent.net/job/CanaryLib/javadoc/index7ef9.html]
[ci.visualillusionsent.net/job/CanaryLib/javadoc/index38c0.html]
[ci.visualillusionsent.net/job/CanaryLib/javadoc/index42da.html]
[ci.visualillusionsent.net/job/CanaryLib/javadoc/index3404.html]
[ci.visualillusionsent.net/job/CanaryLib/javadoc/index97ad.html]
[ci.visualillusionsent.net/job/CanaryLib/javadoc/index9f5d.html]
[ci.visualillusionsent.net/job/CanaryLib/javadoc/index166b.html]
[ci.visualillusionsent.net/job/CanaryLib/javadoc/indexebac.html]
[ci.visualillusionsent.net/job/CanaryLib/javadoc/indexd6e7.html]
[ci.visualillusionsent.net/job/CanaryLib/javadoc/index6f65.html]
[ci.visualillusionsent.net/job/CanaryLib/javadoc/index0281.html]
[ci.visualillusionsent.net/job/CanaryLib/javadoc/index59cf-2.html]
[ci.visualillusionsent.net/job/CanaryLib/javadoc/index8939.html]
[ci.visualillusionsent.net/job/CanaryLib/javadoc/indexc3c9.html]
[ci.visualillusionsent.net/job/CanaryLib/javadoc/indexf576.html]
[ci.visualillusionsent.net/job/CanaryLib/javadoc/index5e57.html]
[ci.visualillusionsent.net/job/CanaryLib/javadoc/index9d90.html]
[ci.visualillusionsent.net/job/CanaryLib/javadoc/indexf5c6.html]
[ci.visualillusionsent.net/job/CanaryLib/javadoc/indexc845.html]
[ci.visualillusionsent.net/job/CanaryLib/javadoc/index87a0.html]
[ci.visualillusionsent.net/job/CanaryLib/javadoc/index7385.html]
[ci.visualillusionsent.net/job/CanaryLib/javadoc/index5be1.html]
[ci.visualillusionsent.net/job/CanaryLib/javadoc/indexcae5.html]
[ci.visualillusionsent.net/job/CanaryLib/javadoc/index841c.html]
[ci.visualillusionsent.net/job/CanaryLib/javadoc/indexa17c.html]
[ci.visualillusionsent.net/job/CanaryLib/javadoc/indexd093.html]
[ci.visualillusionsent.net/job/CanaryLib/javadoc/indexc7ee.html]
[ci.visualillusionsent.net/job/CanaryLib/javadoc/indexb2f4.html]
[ci.visualillusionsent.net/job/CanaryLib/javadoc/indexd152.html]
[ci.visualillusionsent.net/job/CanaryLib/javadoc/indexa9f2.html]
[ci.visualillusionsent.net/job/CanaryLib/javadoc/indexc199.html]
[ci.visualillusionsent.net/job/CanaryLib/javadoc/index2e72.html]
[ci.visualillusionsent.net/job/CanaryLib/javadoc/index90d8.html]
[ci.visualillusionsent.net/job/CanaryLib/javadoc/index5474.html]
[ci.visualillusionsent.net/job/CanaryLib/javadoc/index44b1.html]
[ci.visualillusionsent.net/job/CanaryLib/javadoc/index6a1d.html]
[ci.visualillusionsent.net/job/CanaryLib/javadoc/indexe0d6.html]
[ci.visualillusionsent.net/job/CanaryLib/javadoc/index3b96.html]
[ci.visualillusionsent.net/job/CanaryLib/javadoc/index03c1.html]
[ci.visualillusionsent.net/job/CanaryLib/javadoc/index6720.html]
[ci.visualillusionsent.net/job/CanaryLib/javadoc/index302c.html]
[ci.visualillusionsent.net/job/CanaryLib/javadoc/index537c.html]
[ci.visualillusionsent.net/job/CanaryLib/javadoc/index1024.html]
[ci.visualillusionsent.net/job/CanaryLib/javadoc/indexcd76.html]
[ci.visualillusionsent.net/job/CanaryLib/javadoc/indexb16e.html]
[ci.visualillusionsent.net/job/CanaryLib/javadoc/indexcff5.html]
[ci.visualillusionsent.net/job/CanaryLib/javadoc/index7f99.html]
[ci.visualillusionsent.net/job/CanaryLib/javadoc/index9e3a.html]
[ci.visualillusionsent.net/job/CanaryLib/javadoc/index4396.html]
[ci.visualillusionsent.net/job/CanaryLib/javadoc/indexd1a3.html]
[ci.visualillusionsent.net/job/CanaryLib/javadoc/index6c4f.html]
[ci.visualillusionsent.net/job/CanaryLib/javadoc/index6a88.html]
[ci.visualillusionsent.net/job/CanaryLib/javadoc/indexa64d.html]
[ci.visualillusionsent.net/job/CanaryLib/javadoc/index8635.html]
[ci.visualillusionsent.net/job/CanaryLib/javadoc/index0b5b.html]
[ci.visualillusionsent.net/job/CanaryLib/javadoc/indexdc79.html]
[ci.visualillusionsent.net/job/CanaryLib/javadoc/indexbc6b.html]
[ci.visualillusionsent.net/job/CanaryLib/javadoc/index0711.html]
[ci.visualillusionsent.net/job/CanaryLib/javadoc/index2d8f.html]
[ci.visualillusionsent.net/job/CanaryLib/javadoc/index47da.html]
[ci.visualillusionsent.net/job/CanaryLib/javadoc/indexc06f.html]
[ci.visualillusionsent.net/job/CanaryLib/javadoc/index209b.html]
[ci.visualillusionsent.net/job/CanaryLib/javadoc/indexa941.html]
[ci.visualillusionsent.net/job/CanaryLib/javadoc/indexa5ce.html]
[ci.visualillusionsent.net/job/CanaryLib/javadoc/indexd0be.html]
[ci.visualillusionsent.net/job/CanaryLib/javadoc/indexcb70.html]
[ci.visualillusionsent.net/job/CanaryLib/javadoc/index3003.html]
[ci.visualillusionsent.net/job/CanaryLib/javadoc/index691f.html]
[ci.visualillusionsent.net/job/CanaryLib/javadoc/index0ea1.html]
[ci.visualillusionsent.net/job/CanaryLib/javadoc/index3c8f.html]
[ci.visualillusionsent.net/job/CanaryLib/javadoc/indexa69e.html]
[ci.visualillusionsent.net/job/CanaryLib/javadoc/index4bf3.html]
[ci.visualillusionsent.net/job/CanaryLib/javadoc/index2f17.html]
[ci.visualillusionsent.net/job/CanaryLib/javadoc/index9e15.html]
[ci.visualillusionsent.net/job/CanaryLib/javadoc/index15a6.html]
[ci.visualillusionsent.net/job/CanaryLib/javadoc/index7137.html]
[ci.visualillusionsent.net/job/CanaryLib/javadoc/index93f2.html]
[ci.visualillusionsent.net/job/CanaryLib/javadoc/index214a.html]
[ci.visualillusionsent.net/job/CanaryLib/javadoc/indexb833.html]
[ci.visualillusionsent.net/job/CanaryLib/javadoc/index6bea.html]
[ci.visualillusionsent.net/job/CanaryLib/javadoc/index17cf.html]
[ci.visualillusionsent.net/job/CanaryLib/javadoc/indexd98c.html]
[ci.visualillusionsent.net/job/CanaryLib/javadoc/index82e4.html]
[ci.visualillusionsent.net/job/CanaryLib/javadoc/index4708.html]
[ci.visualillusionsent.net/job/CanaryLib/javadoc/index9b71.html]
[ci.visualillusionsent.net/job/CanaryLib/javadoc/index71e8.html]
[ci.visualillusionsent.net/job/CanaryLib/javadoc/index8236.html]
[ci.visualillusionsent.net/job/CanaryLib/javadoc/indexe16e.html]
[ci.visualillusionsent.net/job/CanaryLib/javadoc/indexa2a5.html]
[ci.visualillusionsent.net/job/CanaryLib/javadoc/index98cd.html]
[ci.visualillusionsent.net/job/CanaryLib/javadoc/index9f39.html]
[ci.visualillusionsent.net/job/CanaryLib/javadoc/indexcc60.html]
[ci.visualillusionsent.net/job/CanaryLib/javadoc/index1c90.html]
[ci.visualillusionsent.net/job/CanaryLib/javadoc/index5aff.html]
[ci.visualillusionsent.net/job/CanaryLib/javadoc/indexf76d.html]
[ci.visualillusionsent.net/job/CanaryLib/javadoc/index5110.html]
[ci.visualillusionsent.net/job/CanaryLib/javadoc/index25db.html]
[ci.visualillusionsent.net/job/CanaryLib/javadoc/indexd4fc.html]
[ci.visualillusionsent.net/job/CanaryLib/javadoc/index3912.html]
[ci.visualillusionsent.net/job/CanaryLib/javadoc/index0cdb.html]
[ci.visualillusionsent.net/job/CanaryLib/javadoc/index496d.html]
[ci.visualillusionsent.net/job/CanaryLib/javadoc/index61de.html]
[ci.visualillusionsent.net/job/CanaryLib/javadoc/indexac6c.html]
[ci.visualillusionsent.net/job/CanaryLib/javadoc/indexf3e8.html]
[ci.visualillusionsent.net/job/CanaryLib/javadoc/index53be.html]
[ci.visualillusionsent.net/job/CanaryLib/javadoc/indexde78.html]
[ci.visualillusionsent.net/job/CanaryLib/javadoc/index717d.html]
[ci.visualillusionsent.net/job/CanaryLib/javadoc/indexd565.html]
[ci.visualillusionsent.net/job/CanaryLib/javadoc/indexfb5d.html]
[ci.visualillusionsent.net/job/CanaryLib/javadoc/index3612.html]
[ci.visualillusionsent.net/job/CanaryLib/javadoc/index0a8b.html]
[ci.visualillusionsent.net/job/CanaryLib/javadoc/index2499.html]
[ci.visualillusionsent.net/job/CanaryLib/javadoc/index1469.html]
[ci.visualillusionsent.net/job/CanaryLib/javadoc/indexb5d3.html]
[ci.visualillusionsent.net/job/CanaryLib/javadoc/index8054.html]
[ci.visualillusionsent.net/job/CanaryLib/javadoc/index7af6.html]
[ci.visualillusionsent.net/job/CanaryLib/javadoc/index3d32.html]
[ci.visualillusionsent.net/job/CanaryLib/javadoc/index69f1-2.html]
[ci.visualillusionsent.net/job/CanaryLib/javadoc/indexb3c1.html]
[ci.visualillusionsent.net/job/CanaryLib/javadoc/index19c4.html]
[ci.visualillusionsent.net/job/CanaryLib/javadoc/indexb68b.html]
[ci.visualillusionsent.net/job/CanaryLib/javadoc/index7727.html]
[ci.visualillusionsent.net/job/CanaryLib/javadoc/indexbc6f.html]
[ci.visualillusionsent.net/job/CanaryLib/javadoc/index53e7.html]
[ci.visualillusionsent.net/job/CanaryLib/javadoc/indexea1c.html]
[ci.visualillusionsent.net/job/CanaryLib/javadoc/index73eb.html]
[ci.visualillusionsent.net/job/CanaryLib/javadoc/index6d5b.html]
[ci.visualillusionsent.net/job/CanaryLib/javadoc/index63c1.html]
[ci.visualillusionsent.net/job/CanaryLib/javadoc/index1e37.html]
[ci.visualillusionsent.net/job/CanaryLib/javadoc/indexd0dd.html]
[ci.visualillusionsent.net/job/CanaryLib/javadoc/indexba15.html]
[ci.visualillusionsent.net/job/CanaryLib/javadoc/indexb91d.html]
[ci.visualillusionsent.net/job/CanaryLib/javadoc/index92c9.html]
[ci.visualillusionsent.net/job/CanaryLib/javadoc/indexd2bc.html]
[ci.visualillusionsent.net/job/CanaryLib/javadoc/index92f5.html]
[ci.visualillusionsent.net/job/CanaryLib/javadoc/index084c.html]
[ci.visualillusionsent.net/job/CanaryLib/javadoc/indexd1f2.html]
[ci.visualillusionsent.net/job/CanaryLib/javadoc/index7693.html]
[ci.visualillusionsent.net/job/CanaryLib/javadoc/indexa276.html]
[ci.visualillusionsent.net/job/CanaryLib/javadoc/index504d.html]
[ci.visualillusionsent.net/job/CanaryLib/javadoc/index5223.html]
[ci.visualillusionsent.net/job/CanaryLib/javadoc/index005c.html]
[ci.visualillusionsent.net/job/CanaryLib/javadoc/indexf73b.html]
[ci.visualillusionsent.net/job/CanaryLib/javadoc/index9f03.html]
[ci.visualillusionsent.net/job/CanaryLib/javadoc/indexd142.html]
[ci.visualillusionsent.net/job/CanaryLib/javadoc/index0692.html]
[ci.visualillusionsent.net/job/CanaryLib/javadoc/index7ab3.html]
[ci.visualillusionsent.net/job/CanaryLib/javadoc/index3a4f.html]
[ci.visualillusionsent.net/job/CanaryLib/javadoc/indexee59.html]
[ci.visualillusionsent.net/job/CanaryLib/javadoc/index2830.html]
[ci.visualillusionsent.net/job/CanaryLib/javadoc/index89fb.html]
[ci.visualillusionsent.net/job/CanaryLib/javadoc/indexa0e2.html]
[ci.visualillusionsent.net/job/CanaryLib/javadoc/index9e6a.html]
[ci.visualillusionsent.net/job/CanaryLib/javadoc/indexcde7.html]
[ci.visualillusionsent.net/job/CanaryLib/javadoc/index2113.html]
[ci.visualillusionsent.net/job/CanaryLib/javadoc/indexfadb.html]
[ci.visualillusionsent.net/job/CanaryLib/javadoc/index90a4.html]
[ci.visualillusionsent.net/job/CanaryLib/javadoc/index8094.html]
[ci.visualillusionsent.net/job/CanaryLib/javadoc/index0881.html]
[ci.visualillusionsent.net/job/CanaryLib/javadoc/index68b6.html]
[ci.visualillusionsent.net/job/CanaryLib/javadoc/index02b8.html]
[ci.visualillusionsent.net/job/CanaryLib/javadoc/index0149.html]
[ci.visualillusionsent.net/job/CanaryLib/javadoc/indexe5bc.html]
[ci.visualillusionsent.net/job/CanaryLib/javadoc/indexaea1.html]
[ci.visualillusionsent.net/job/CanaryLib/javadoc/indexbdca.html]
[ci.visualillusionsent.net/job/CanaryLib/javadoc/indexb6c4.html]
[ci.visualillusionsent.net/job/CanaryLib/javadoc/indexf4d5.html]
[ci.visualillusionsent.net/job/CanaryLib/javadoc/indexc75e.html]
[ci.visualillusionsent.net/job/CanaryLib/javadoc/index4bf3-2.html]
[ci.visualillusionsent.net/job/CanaryLib/javadoc/indexc511.html]
[ci.visualillusionsent.net/job/CanaryLib/javadoc/indexf5cd.html]
[ci.visualillusionsent.net/job/CanaryLib/javadoc/index1012.html]
[ci.visualillusionsent.net/job/CanaryLib/javadoc/index56e3.html]
[ci.visualillusionsent.net/job/CanaryLib/javadoc/index9882.html]
[ci.visualillusionsent.net/job/CanaryLib/javadoc/index4db2.html]
[ci.visualillusionsent.net/job/CanaryLib/javadoc/index38bb.html]
[ci.visualillusionsent.net/job/CanaryLib/javadoc/index05e7-2.html]
[ci.visualillusionsent.net/job/CanaryLib/javadoc/index4f84.html]
[ci.visualillusionsent.net/job/CanaryLib/javadoc/index61f3.html]
[ci.visualillusionsent.net/job/CanaryLib/javadoc/indexc9bc.html]
[ci.visualillusionsent.net/job/CanaryLib/javadoc/indexcd9b.html]
[ci.visualillusionsent.net/job/CanaryLib/javadoc/index5ce0.html]
[ci.visualillusionsent.net/job/CanaryLib/javadoc/indexf6a1.html]
[ci.visualillusionsent.net/job/CanaryLib/javadoc/index1a7b.html]
[ci.visualillusionsent.net/job/CanaryLib/javadoc/index2332.html]
[ci.visualillusionsent.net/job/CanaryLib/javadoc/index69be.html]
[ci.visualillusionsent.net/job/CanaryLib/javadoc/index3f03.html]
[ci.visualillusionsent.net/job/CanaryLib/javadoc/index878b-2.html]
[ci.visualillusionsent.net/job/CanaryLib/javadoc/index1c23.html]
[ci.visualillusionsent.net/job/CanaryLib/javadoc/index9d90-2.html]
[ci.visualillusionsent.net/job/CanaryLib/javadoc/indexabba.html]
[ci.visualillusionsent.net/job/CanaryLib/javadoc/index04eb.html]
[ci.visualillusionsent.net/job/CanaryLib/javadoc/index82ca.html]
[ci.visualillusionsent.net/job/CanaryLib/javadoc/indexc6d0.html]
[ci.visualillusionsent.net/job/CanaryLib/javadoc/indexfbbc.html]
[ci.visualillusionsent.net/job/CanaryLib/javadoc/indexa190.html]
[ci.visualillusionsent.net/job/CanaryLib/javadoc/indexd96f.html]
[ci.visualillusionsent.net/job/CanaryLib/javadoc/index706a.html]
[ci.visualillusionsent.net/job/CanaryLib/javadoc/index45b8.html]
[ci.visualillusionsent.net/job/CanaryLib/javadoc/index9cef.html]
[ci.visualillusionsent.net/job/CanaryLib/javadoc/index5933.html]
[ci.visualillusionsent.net/job/CanaryLib/javadoc/index70a3.html]
[ci.visualillusionsent.net/job/CanaryLib/javadoc/index2ae0.html]
[ci.visualillusionsent.net/job/CanaryLib/javadoc/indexd35a.html]
[ci.visualillusionsent.net/job/CanaryLib/javadoc/index8e5b.html]
[ci.visualillusionsent.net/job/CanaryLib/javadoc/indexfcba.html]
[ci.visualillusionsent.net/job/CanaryLib/javadoc/indexcbe9.html]
[ci.visualillusionsent.net/job/CanaryLib/javadoc/index0d5e.html]
[ci.visualillusionsent.net/job/CanaryLib/javadoc/index6fae.html]
[ci.visualillusionsent.net/job/CanaryLib/javadoc/index490e.html]
[ci.visualillusionsent.net/job/CanaryLib/javadoc/index4dc6.html]
[ci.visualillusionsent.net/job/CanaryLib/javadoc/index0ec2.html]
[ci.visualillusionsent.net/job/CanaryLib/javadoc/index0964.html]
[ci.visualillusionsent.net/job/CanaryLib/javadoc/indexa1f6.html]
[ci.visualillusionsent.net/job/CanaryLib/javadoc/indexd9ee.html]
[ci.visualillusionsent.net/job/CanaryLib/javadoc/indexe9bd.html]
[ci.visualillusionsent.net/job/CanaryLib/javadoc/index0322.html]
[ci.visualillusionsent.net/job/CanaryLib/javadoc/indexdb00.html]
[ci.visualillusionsent.net/job/CanaryLib/javadoc/index456b.html]
[ci.visualillusionsent.net/job/CanaryLib/javadoc/indexed07.html]
[ci.visualillusionsent.net/job/CanaryLib/javadoc/index3e15.html]
[ci.visualillusionsent.net/job/CanaryLib/javadoc/indexd129.html]
[ci.visualillusionsent.net/job/CanaryLib/javadoc/indexec9a.html]
[ci.visualillusionsent.net/job/CanaryLib/javadoc/index1e7a.html]
[ci.visualillusionsent.net/job/CanaryLib/javadoc/index5c40.html]
[ci.visualillusionsent.net/job/CanaryLib/javadoc/index05f1.html]
[ci.visualillusionsent.net/job/CanaryLib/javadoc/indexa42e.html]
[ci.visualillusionsent.net/job/CanaryLib/javadoc/index27b8.html]
[ci.visualillusionsent.net/job/CanaryLib/javadoc/indexfcf9.html]
[ci.visualillusionsent.net/job/CanaryLib/javadoc/indexc5f4.html]
[ci.visualillusionsent.net/job/CanaryLib/javadoc/index5d10.html]
[ci.visualillusionsent.net/job/CanaryLib/javadoc/index27fb.html]
[ci.visualillusionsent.net/job/CanaryLib/javadoc/index2656.html]
[ci.visualillusionsent.net/job/CanaryLib/javadoc/index3018.html]
[ci.visualillusionsent.net/job/CanaryLib/javadoc/indexb6a2.html]
[ci.visualillusionsent.net/job/CanaryLib/javadoc/index134c.html]
[ci.visualillusionsent.net/job/CanaryLib/javadoc/indexa93e.html]
[ci.visualillusionsent.net/job/CanaryLib/javadoc/indexe683-2.html]
[ci.visualillusionsent.net/job/CanaryLib/javadoc/index03f1.html]
[ci.visualillusionsent.net/job/CanaryLib/javadoc/indexc7a1.html]
[ci.visualillusionsent.net/job/CanaryLib/javadoc/index016c.html]
[ci.visualillusionsent.net/job/CanaryLib/javadoc/indexed95.html]
[ci.visualillusionsent.net/job/CanaryLib/javadoc/index15e5.html]
[ci.visualillusionsent.net/job/CanaryLib/javadoc/index498d.html]
[ci.visualillusionsent.net/job/CanaryLib/javadoc/index6c08.html]
[ci.visualillusionsent.net/job/CanaryLib/javadoc/indexe65c.html]
[ci.visualillusionsent.net/job/CanaryLib/javadoc/index4448.html]
[ci.visualillusionsent.net/job/CanaryLib/javadoc/index90f8.html]
[ci.visualillusionsent.net/job/CanaryLib/javadoc/index4865.html]
[ci.visualillusionsent.net/job/CanaryLib/javadoc/indexb98a.html]
[ci.visualillusionsent.net/job/CanaryLib/javadoc/indexd342.html]
[ci.visualillusionsent.net/job/CanaryLib/javadoc/indexe7ca.html]
[ci.visualillusionsent.net/job/CanaryLib/javadoc/index1ff9.html]
[ci.visualillusionsent.net/job/CanaryLib/javadoc/index6448.html]
[ci.visualillusionsent.net/job/CanaryLib/javadoc/index4947.html]
[ci.visualillusionsent.net/job/CanaryLib/javadoc/index0b00.html]
[ci.visualillusionsent.net/job/CanaryLib/javadoc/indexb80e.html]
[ci.visualillusionsent.net/job/CanaryLib/javadoc/indexd45b.html]
[ci.visualillusionsent.net/job/CanaryLib/javadoc/indexffab.html]
[ci.visualillusionsent.net/job/CanaryLib/javadoc/index17d3.html]
[ci.visualillusionsent.net/job/CanaryLib/javadoc/indexff81.html]
[ci.visualillusionsent.net/job/CanaryLib/javadoc/index1dee.html]
[ci.visualillusionsent.net/job/CanaryLib/javadoc/indexec9c.html]
[ci.visualillusionsent.net/job/CanaryLib/javadoc/index525a.html]
[ci.visualillusionsent.net/job/CanaryLib/javadoc/index2a67.html]
[ci.visualillusionsent.net/job/CanaryLib/javadoc/indexc88e.html]
[ci.visualillusionsent.net/job/CanaryLib/javadoc/index623b.html]
[ci.visualillusionsent.net/job/CanaryLib/javadoc/index8a1d.html]
[ci.visualillusionsent.net/job/CanaryLib/javadoc/indexbba7.html]
[ci.visualillusionsent.net/job/CanaryLib/javadoc/indexdaf7.html]
[ci.visualillusionsent.net/job/CanaryLib/javadoc/index87bb.html]
[ci.visualillusionsent.net/job/CanaryLib/javadoc/index643e.html]
[ci.visualillusionsent.net/job/CanaryLib/javadoc/index369c.html]
[ci.visualillusionsent.net/job/CanaryLib/javadoc/index5adb.html]
[ci.visualillusionsent.net/job/CanaryLib/javadoc/indexd15b.html]
[ci.visualillusionsent.net/job/CanaryLib/javadoc/index4fd9.html]
[ci.visualillusionsent.net/job/CanaryLib/javadoc/index5dfb.html]
[ci.visualillusionsent.net/job/CanaryLib/javadoc/index7694.html]
[ci.visualillusionsent.net/job/CanaryLib/javadoc/indexa127.html]
[ci.visualillusionsent.net/job/CanaryLib/javadoc/index8b69-2.html]
[ci.visualillusionsent.net/job/CanaryLib/javadoc/index1fee.html]
[ci.visualillusionsent.net/job/CanaryLib/javadoc/indexbd07.html]
[ci.visualillusionsent.net/job/CanaryLib/javadoc/index1d4a.html]
[ci.visualillusionsent.net/job/CanaryLib/javadoc/indexe350.html]
[ci.visualillusionsent.net/job/CanaryLib/javadoc/index6858.html]
[ci.visualillusionsent.net/job/CanaryLib/javadoc/index9ccf.html]
[ci.visualillusionsent.net/job/CanaryLib/javadoc/indexd86a-2.html]
[ci.visualillusionsent.net/job/CanaryLib/javadoc/indexb6b5.html]
[ci.visualillusionsent.net/job/CanaryLib/javadoc/index0e9e.html]
[ci.visualillusionsent.net/job/CanaryLib/javadoc/indexfb1b.html]
[ci.visualillusionsent.net/job/CanaryLib/javadoc/indexe829.html]
[ci.visualillusionsent.net/job/CanaryLib/javadoc/index373d.html]
[ci.visualillusionsent.net/job/CanaryLib/javadoc/index8f37.html]
[ci.visualillusionsent.net/job/CanaryLib/javadoc/index041b.html]
[ci.visualillusionsent.net/job/CanaryLib/javadoc/index2965.html]
[ci.visualillusionsent.net/job/CanaryLib/javadoc/indexd52c.html]
[ci.visualillusionsent.net/job/CanaryLib/javadoc/indexe499.html]
[ci.visualillusionsent.net/job/CanaryLib/javadoc/index65f7.html]
[ci.visualillusionsent.net/job/CanaryLib/javadoc/index76c9.html]
[ci.visualillusionsent.net/job/CanaryLib/javadoc/index1ddf.html]
[ci.visualillusionsent.net/job/CanaryLib/javadoc/index861f.html]
[ci.visualillusionsent.net/job/CanaryLib/javadoc/index683a.html]
[ci.visualillusionsent.net/job/CanaryLib/javadoc/indexb5f2.html]
[ci.visualillusionsent.net/job/CanaryLib/javadoc/indexe7d1.html]
[ci.visualillusionsent.net/job/CanaryLib/javadoc/indexa936.html]
[ci.visualillusionsent.net/job/CanaryLib/javadoc/index6f91.html]
[ci.visualillusionsent.net/job/CanaryLib/javadoc/index1fd2.html]
[ci.visualillusionsent.net/job/CanaryLib/javadoc/indexc7d2.html]
[ci.visualillusionsent.net/job/CanaryLib/javadoc/indexec8b.html]
[ci.visualillusionsent.net/job/CanaryLib/javadoc/indexe15b.html]
[ci.visualillusionsent.net/job/CanaryLib/javadoc/index345e.html]
[ci.visualillusionsent.net/job/CanaryLib/javadoc/index4411.html]
[ci.visualillusionsent.net/job/CanaryLib/javadoc/indexe140.html]
[ci.visualillusionsent.net/job/CanaryLib/javadoc/indexbb5a.html]
[ci.visualillusionsent.net/job/CanaryLib/javadoc/index12b9.html]
[ci.visualillusionsent.net/job/CanaryLib/javadoc/index9456.html]
[ci.visualillusionsent.net/job/CanaryLib/javadoc/indexdc88.html]
[ci.visualillusionsent.net/job/CanaryLib/javadoc/index8baa.html]
[ci.visualillusionsent.net/job/CanaryLib/javadoc/indexbd59.html]
[ci.visualillusionsent.net/job/CanaryLib/javadoc/indexca25.html]
[ci.visualillusionsent.net/job/CanaryLib/javadoc/index14a5.html]
[ci.visualillusionsent.net/job/CanaryLib/javadoc/index2bf1.html]
[ci.visualillusionsent.net/job/CanaryLib/javadoc/index69f9.html]
[ci.visualillusionsent.net/job/CanaryLib/javadoc/index3227.html]
[ci.visualillusionsent.net/job/CanaryLib/javadoc/indexa865.html]
[ci.visualillusionsent.net/job/CanaryLib/javadoc/indexf3b4.html]
[ci.visualillusionsent.net/job/CanaryLib/javadoc/indexc16e.html]
[ci.visualillusionsent.net/job/CanaryLib/javadoc/index6ec2.html]
[ci.visualillusionsent.net/job/CanaryLib/javadoc/index43c3.html]
[ci.visualillusionsent.net/job/CanaryLib/javadoc/index4c61.html]
[ci.visualillusionsent.net/job/CanaryLib/javadoc/index23c3.html]
[ci.visualillusionsent.net/job/CanaryLib/javadoc/index255d.html]
[ci.visualillusionsent.net/job/CanaryLib/javadoc/indexbeff.html]
[ci.visualillusionsent.net/job/CanaryLib/javadoc/index95bf.html]
[ci.visualillusionsent.net/job/CanaryLib/javadoc/indexdff4.html]
[ci.visualillusionsent.net/job/CanaryLib/javadoc/index1732.html]
[ci.visualillusionsent.net/job/CanaryLib/javadoc/index21b9.html]
[ci.visualillusionsent.net/job/CanaryLib/javadoc/index61d9.html]
[ci.visualillusionsent.net/job/CanaryLib/javadoc/index61d2.html]
[ci.visualillusionsent.net/job/CanaryLib/javadoc/indexff26.html]
[ci.visualillusionsent.net/job/CanaryLib/javadoc/indexc598.html]
[ci.visualillusionsent.net/job/CanaryLib/javadoc/index5129.html]
[ci.visualillusionsent.net/job/CanaryLib/javadoc/index87b3-2.html]
[ci.visualillusionsent.net/job/CanaryLib/javadoc/index893e.html]
[ci.visualillusionsent.net/job/CanaryLib/javadoc/indexcdaa.html]
[ci.visualillusionsent.net/job/CanaryLib/javadoc/indexa7b1.html]
[ci.visualillusionsent.net/job/CanaryLib/javadoc/index359e.html]
[ci.visualillusionsent.net/job/CanaryLib/javadoc/index9f22.html]
[ci.visualillusionsent.net/job/CanaryLib/javadoc/indexbbc9.html]
[ci.visualillusionsent.net/job/CanaryLib/javadoc/indexe735.html]
[ci.visualillusionsent.net/job/CanaryLib/javadoc/indexc8a1.html]
[ci.visualillusionsent.net/job/CanaryLib/javadoc/index0c69.html]
[ci.visualillusionsent.net/job/CanaryLib/javadoc/index34b2.html]
[ci.visualillusionsent.net/job/CanaryLib/javadoc/indexda80.html]
[ci.visualillusionsent.net/job/CanaryLib/javadoc/index895c.html]
[ci.visualillusionsent.net/job/CanaryLib/javadoc/index970d.html]
[ci.visualillusionsent.net/job/CanaryLib/javadoc/indexaa79.html]
[ci.visualillusionsent.net/job/CanaryLib/javadoc/indexc445.html]
[ci.visualillusionsent.net/job/CanaryLib/javadoc/index7561.html]
[ci.visualillusionsent.net/job/CanaryLib/javadoc/indexc552.html]
[ci.visualillusionsent.net/job/CanaryLib/javadoc/index41a7.html]
[ci.visualillusionsent.net/job/CanaryLib/javadoc/index2ffe.html]
[ci.visualillusionsent.net/job/CanaryLib/javadoc/index2cef.html]
[ci.visualillusionsent.net/job/CanaryLib/javadoc/index95ee.html]
[ci.visualillusionsent.net/job/CanaryLib/javadoc/indexb529.html]
[ci.visualillusionsent.net/job/CanaryLib/javadoc/index0f5f.html]
[ci.visualillusionsent.net/job/CanaryLib/javadoc/indexb961.html]
[ci.visualillusionsent.net/job/CanaryLib/javadoc/indexb526.html]
[ci.visualillusionsent.net/job/CanaryLib/javadoc/index5a5c.html]
[ci.visualillusionsent.net/job/CanaryLib/javadoc/indexc2e4.html]
[ci.visualillusionsent.net/job/CanaryLib/javadoc/indexfee1.html]
[ci.visualillusionsent.net/job/CanaryLib/javadoc/indexc706.html]
[ci.visualillusionsent.net/job/CanaryLib/javadoc/index7407.html]
[ci.visualillusionsent.net/job/CanaryLib/javadoc/indexbc8d.html]
[ci.visualillusionsent.net/job/CanaryLib/javadoc/indexb66e.html]
[ci.visualillusionsent.net/job/CanaryLib/javadoc/index81f9.html]
[ci.visualillusionsent.net/job/CanaryLib/javadoc/index3bf6.html]
[ci.visualillusionsent.net/job/CanaryLib/javadoc/index5621.html]
[ci.visualillusionsent.net/job/CanaryLib/javadoc/indexad5d.html]
[ci.visualillusionsent.net/job/CanaryLib/javadoc/index759d.html]
[ci.visualillusionsent.net/job/CanaryLib/javadoc/indexac4c.html]
[ci.visualillusionsent.net/job/CanaryLib/javadoc/index63ca.html]
[ci.visualillusionsent.net/job/CanaryLib/javadoc/indexba34.html]
[ci.visualillusionsent.net/job/CanaryLib/javadoc/index1019.html]
[ci.visualillusionsent.net/job/CanaryLib/javadoc/index73f2.html]
[ci.visualillusionsent.net/job/CanaryLib/javadoc/indexada3.html]
[ci.visualillusionsent.net/job/CanaryLib/javadoc/index33e3.html]
[ci.visualillusionsent.net/job/CanaryLib/javadoc/index394f.html]
[ci.visualillusionsent.net/job/CanaryLib/javadoc/indexc2ba.html]
[ci.visualillusionsent.net/job/CanaryLib/javadoc/index6108.html]
[ci.visualillusionsent.net/job/CanaryLib/javadoc/indexf20b.html]
[ci.visualillusionsent.net/job/CanaryLib/javadoc/indexa151.html]
[ci.visualillusionsent.net/job/CanaryLib/javadoc/indexee90.html]
[ci.visualillusionsent.net/job/CanaryLib/javadoc/indexc8f8.html]
[ci.visualillusionsent.net/job/CanaryLib/javadoc/indexd74c.html]
[ci.visualillusionsent.net/job/CanaryLib/javadoc/index9af1.html]
[ci.visualillusionsent.net/job/CanaryLib/javadoc/index16df.html]
[ci.visualillusionsent.net/job/CanaryLib/javadoc/index5bca.html]
[ci.visualillusionsent.net/job/CanaryLib/javadoc/indexf5a7.html]
[ci.visualillusionsent.net/job/CanaryLib/javadoc/indexc273.html]
[ci.visualillusionsent.net/job/CanaryLib/javadoc/indexfcc8.html]
[ci.visualillusionsent.net/job/CanaryLib/javadoc/index167b.html]
[ci.visualillusionsent.net/job/CanaryLib/javadoc/index9001.html]
[ci.visualillusionsent.net/job/CanaryLib/javadoc/index9b7f.html]
[ci.visualillusionsent.net/job/CanaryLib/javadoc/index8ad2.html]
[ci.visualillusionsent.net/job/CanaryLib/javadoc/index5cc0.html]
[ci.visualillusionsent.net/job/CanaryLib/javadoc/index31e7.html]
[ci.visualillusionsent.net/job/CanaryLib/javadoc/index894e.html]
[ci.visualillusionsent.net/job/CanaryLib/javadoc/index7acb.html]
[ci.visualillusionsent.net/job/CanaryLib/javadoc/indexccd0.html]
[ci.visualillusionsent.net/job/CanaryLib/javadoc/index4229.html]
[ci.visualillusionsent.net/job/CanaryLib/javadoc/index0aa9.html]
[ci.visualillusionsent.net/job/CanaryLib/javadoc/index5f93.html]
[ci.visualillusionsent.net/job/CanaryLib/javadoc/indexe15e.html]
[ci.visualillusionsent.net/job/CanaryLib/javadoc/index35d2.html]
[ci.visualillusionsent.net/job/CanaryLib/javadoc/index26eb.html]
[ci.visualillusionsent.net/job/CanaryLib/javadoc/indexa215.html]
[ci.visualillusionsent.net/job/CanaryLib/javadoc/indexe04b.html]
[ci.visualillusionsent.net/job/CanaryLib/javadoc/index2094.html]
[ci.visualillusionsent.net/job/CanaryLib/javadoc/index11fd.html]
[ci.visualillusionsent.net/job/CanaryLib/javadoc/index494d.html]
[ci.visualillusionsent.net/job/CanaryLib/javadoc/index87ff.html]
[ci.visualillusionsent.net/job/CanaryLib/javadoc/index3dcf.html]
[ci.visualillusionsent.net/job/CanaryLib/javadoc/index7d37.html]
[ci.visualillusionsent.net/job/CanaryLib/javadoc/index01c5.html]
[ci.visualillusionsent.net/job/CanaryLib/javadoc/index3ce2.html]
[ci.visualillusionsent.net/job/CanaryLib/javadoc/index9fdd.html]
[ci.visualillusionsent.net/job/CanaryLib/javadoc/index34a8.html]
[ci.visualillusionsent.net/job/CanaryLib/javadoc/index7da8.html]
[ci.visualillusionsent.net/job/CanaryLib/javadoc/indexc180.html]
[ci.visualillusionsent.net/job/CanaryLib/javadoc/indexa765.html]
[ci.visualillusionsent.net/job/CanaryLib/javadoc/index1b00.html]
[ci.visualillusionsent.net/job/CanaryLib/javadoc/index19f2.html]
[ci.visualillusionsent.net/job/CanaryLib/javadoc/indexf6b2.html]
[ci.visualillusionsent.net/job/CanaryLib/javadoc/index4b62.html]
[ci.visualillusionsent.net/job/CanaryLib/javadoc/index7c15.html]
[ci.visualillusionsent.net/job/CanaryLib/javadoc/index9f05.html]
[ci.visualillusionsent.net/job/CanaryLib/javadoc/index01c8.html]
[ci.visualillusionsent.net/job/CanaryLib/javadoc/indexb59e.html]
[ci.visualillusionsent.net/job/CanaryLib/javadoc/index3eea.html]
[ci.visualillusionsent.net/job/CanaryLib/javadoc/index8123.html]
[ci.visualillusionsent.net/job/CanaryLib/javadoc/index422b.html]
[ci.visualillusionsent.net/job/CanaryLib/javadoc/index6a08.html]
[ci.visualillusionsent.net/job/CanaryLib/javadoc/indexdb6b.html]
[ci.visualillusionsent.net/job/CanaryLib/javadoc/index66fb.html]
[ci.visualillusionsent.net/job/CanaryLib/javadoc/index2875.html]
[ci.visualillusionsent.net/job/CanaryLib/javadoc/index14db.html]
[ci.visualillusionsent.net/job/CanaryLib/javadoc/index2513.html]
[ci.visualillusionsent.net/job/CanaryLib/javadoc/index43f6.html]
[ci.visualillusionsent.net/job/CanaryLib/javadoc/index05f7.html]
[ci.visualillusionsent.net/job/CanaryLib/javadoc/index2c67.html]
[ci.visualillusionsent.net/job/CanaryLib/javadoc/index856c.html]
[ci.visualillusionsent.net/job/CanaryLib/javadoc/index4f2a.html]
[ci.visualillusionsent.net/job/CanaryLib/javadoc/index4ec4.html]
[ci.visualillusionsent.net/job/CanaryLib/javadoc/index71be.html]
[ci.visualillusionsent.net/job/CanaryLib/javadoc/indexadfd.html]
[ci.visualillusionsent.net/job/CanaryLib/javadoc/index410d.html]
[ci.visualillusionsent.net/job/CanaryLib/javadoc/indexd15f.html]
[ci.visualillusionsent.net/job/CanaryLib/javadoc/indexf9cf-2.html]
[ci.visualillusionsent.net/job/CanaryLib/javadoc/index6c86.html]
[ci.visualillusionsent.net/job/CanaryLib/javadoc/index97ce.html]
[ci.visualillusionsent.net/job/CanaryLib/javadoc/indexc25c.html]
[ci.visualillusionsent.net/job/CanaryLib/javadoc/index0bbb.html]
[ci.visualillusionsent.net/job/CanaryLib/javadoc/index002d.html]
[ci.visualillusionsent.net/job/CanaryLib/javadoc/index60a2.html]
[ci.visualillusionsent.net/job/CanaryLib/javadoc/index9bba.html]
[ci.visualillusionsent.net/job/CanaryLib/javadoc/index0317.html]
[ci.visualillusionsent.net/job/CanaryLib/javadoc/indexfac0-2.html]
[ci.visualillusionsent.net/job/CanaryLib/javadoc/index575d.html]
[ci.visualillusionsent.net/job/CanaryLib/javadoc/index24db.html]
[ci.visualillusionsent.net/job/CanaryLib/javadoc/index712a.html]
[ci.visualillusionsent.net/job/CanaryLib/javadoc/index2c01.html]
[ci.visualillusionsent.net/job/CanaryLib/javadoc/indexed62.html]
[ci.visualillusionsent.net/job/CanaryLib/javadoc/indexb954.html]
[ci.visualillusionsent.net/job/CanaryLib/javadoc/index7c7c.html]
[ci.visualillusionsent.net/job/CanaryLib/javadoc/index7ed1.html]
[ci.visualillusionsent.net/job/CanaryLib/javadoc/index4710.html]
[ci.visualillusionsent.net/job/CanaryLib/javadoc/index9b78.html]
[ci.visualillusionsent.net/job/CanaryLib/javadoc/indexf46e.html]
[ci.visualillusionsent.net/job/CanaryLib/javadoc/index6b5a.html]
[ci.visualillusionsent.net/job/CanaryLib/javadoc/index10e4.html]
[ci.visualillusionsent.net/job/CanaryLib/javadoc/indexeb09.html]
[ci.visualillusionsent.net/job/CanaryLib/javadoc/index203a.html]
[ci.visualillusionsent.net/job/CanaryLib/javadoc/index0cba.html]
[ci.visualillusionsent.net/job/CanaryLib/javadoc/index337e.html]
[ci.visualillusionsent.net/job/CanaryLib/javadoc/index088b.html]
[ci.visualillusionsent.net/job/CanaryLib/javadoc/index0511.html]
[ci.visualillusionsent.net/job/CanaryLib/javadoc/indexf24e.html]
[ci.visualillusionsent.net/job/CanaryLib/javadoc/index1f5e.html]
[ci.visualillusionsent.net/job/CanaryLib/javadoc/index0532.html]
[ci.visualillusionsent.net/job/CanaryLib/javadoc/indexb033.html]
[ci.visualillusionsent.net/job/CanaryLib/javadoc/indexb2eb.html]
[ci.visualillusionsent.net/job/CanaryLib/javadoc/index3f98.html]
[ci.visualillusionsent.net/job/CanaryLib/javadoc/indexbeca.html]
[ci.visualillusionsent.net/job/CanaryLib/javadoc/index1fea.html]
[ci.visualillusionsent.net/job/CanaryLib/javadoc/index8b81.html]
[ci.visualillusionsent.net/job/CanaryLib/javadoc/index0879.html]
[ci.visualillusionsent.net/job/CanaryLib/javadoc/index2782.html]
[ci.visualillusionsent.net/job/CanaryLib/javadoc/indexd4be.html]
[ci.visualillusionsent.net/job/CanaryLib/javadoc/indexbdbf.html]
[ci.visualillusionsent.net/job/CanaryLib/javadoc/index9d8b.html]
[ci.visualillusionsent.net/job/CanaryLib/javadoc/index528e.html]
[ci.visualillusionsent.net/job/CanaryLib/javadoc/index2dc4.html]
[ci.visualillusionsent.net/job/CanaryLib/javadoc/index55e1.html]
[ci.visualillusionsent.net/job/CanaryLib/javadoc/indexcfb3.html]
[ci.visualillusionsent.net/job/CanaryLib/javadoc/indexfa12.html]
[ci.visualillusionsent.net/job/CanaryLib/javadoc/indexdb29.html]
[ci.visualillusionsent.net/job/CanaryLib/javadoc/indexc289.html]
[ci.visualillusionsent.net/job/CanaryLib/javadoc/index8a27.html]
[ci.visualillusionsent.net/job/CanaryLib/javadoc/index3b9b.html]
[ci.visualillusionsent.net/job/CanaryLib/javadoc/index74b6.html]
[ci.visualillusionsent.net/job/CanaryLib/javadoc/indexb3cf.html]
[ci.visualillusionsent.net/job/CanaryLib/javadoc/index939c.html]
[ci.visualillusionsent.net/job/CanaryLib/javadoc/index7e7e.html]
[ci.visualillusionsent.net/job/CanaryLib/javadoc/index09a3.html]
[ci.visualillusionsent.net/job/CanaryLib/javadoc/index6075.html]
[ci.visualillusionsent.net/job/CanaryLib/javadoc/index6437.html]
[ci.visualillusionsent.net/job/CanaryLib/javadoc/indexe1f0.html]
[ci.visualillusionsent.net/job/CanaryLib/javadoc/indexfaa3-2.html]
[ci.visualillusionsent.net/job/CanaryLib/javadoc/index8d47.html]
[ci.visualillusionsent.net/job/CanaryLib/javadoc/indexba4e.html]
[ci.visualillusionsent.net/job/CanaryLib/javadoc/index35e6.html]
[ci.visualillusionsent.net/job/CanaryLib/javadoc/indexf83f.html]
[ci.visualillusionsent.net/job/CanaryLib/javadoc/index89ac.html]
[ci.visualillusionsent.net/job/CanaryLib/javadoc/index525c.html]
[ci.visualillusionsent.net/job/CanaryLib/javadoc/index084f.html]
[ci.visualillusionsent.net/job/CanaryLib/javadoc/index0e5e.html]
[ci.visualillusionsent.net/job/CanaryLib/javadoc/indexb4ce.html]
[ci.visualillusionsent.net/job/CanaryLib/javadoc/indexf244.html]
[ci.visualillusionsent.net/job/CanaryLib/javadoc/indexec09.html]
[ci.visualillusionsent.net/job/CanaryLib/javadoc/indexca73.html]
[ci.visualillusionsent.net/job/CanaryLib/javadoc/indexdff3.html]
[ci.visualillusionsent.net/job/CanaryLib/javadoc/indexc4f9.html]
[ci.visualillusionsent.net/job/CanaryLib/javadoc/indexa69a.html]
[ci.visualillusionsent.net/job/CanaryLib/javadoc/indexb602.html]
[ci.visualillusionsent.net/job/CanaryLib/javadoc/indexdfd8-2.html]
[ci.visualillusionsent.net/job/CanaryLib/javadoc/indexcf45.html]
[ci.visualillusionsent.net/job/CanaryLib/javadoc/index537a.html]
[ci.visualillusionsent.net/job/CanaryLib/javadoc/index6ed2.html]
[ci.visualillusionsent.net/job/CanaryLib/javadoc/indexe925.html]
[ci.visualillusionsent.net/job/CanaryLib/javadoc/index2942.html]
[ci.visualillusionsent.net/job/CanaryLib/javadoc/index4c54.html]
[ci.visualillusionsent.net/job/CanaryLib/javadoc/index6e12.html]
[ci.visualillusionsent.net/job/CanaryLib/javadoc/index02a1.html]
[ci.visualillusionsent.net/job/CanaryLib/javadoc/index70bb.html]
[ci.visualillusionsent.net/job/CanaryLib/javadoc/index91ea.html]
[ci.visualillusionsent.net/job/CanaryLib/javadoc/indexa253.html]
[ci.visualillusionsent.net/job/CanaryLib/javadoc/index2e35-2.html]
[ci.visualillusionsent.net/job/CanaryLib/javadoc/indexa14f.html]
[ci.visualillusionsent.net/job/CanaryLib/javadoc/index5473.html]
[ci.visualillusionsent.net/job/CanaryLib/javadoc/index738c.html]
[ci.visualillusionsent.net/job/CanaryLib/javadoc/index5aef.html]
[ci.visualillusionsent.net/job/CanaryLib/javadoc/index3a19.html]
[ci.visualillusionsent.net/job/CanaryLib/javadoc/index878b-3.html]
[ci.visualillusionsent.net/job/CanaryLib/javadoc/index9238.html]
[ci.visualillusionsent.net/job/CanaryLib/javadoc/index8d87.html]
[ci.visualillusionsent.net/job/CanaryLib/javadoc/index5bf9.html]
[ci.visualillusionsent.net/job/CanaryLib/javadoc/index53e9.html]
[ci.visualillusionsent.net/job/CanaryLib/javadoc/index15c9.html]
[ci.visualillusionsent.net/job/CanaryLib/javadoc/index4394.html]
[ci.visualillusionsent.net/job/CanaryLib/javadoc/indexfc45.html]
